day,lang,tweets,authors,originals,rt_tweets,likes,views,retweets,body_nonnull,body_null_or_empty,created_at_null,partial_day
2026-08-17,<ALL>,21847048,3591928,8502234,13344814,859246797,50922028513,102698593,21846952,96,0,False
2026-08-17,am,733,280,399,334,5154,537665,1359,733,0,0,False
2026-08-17,ar,435376,106032,243856,191520,12615296,1976898217,1424625,435376,0,0,False
2026-08-17,art,81819,63418,67268,14551,681857,59937453,70963,81819,0,0,False
2026-08-17,bg,1225,639,815,410,14113,610360,1156,1225,0,0,False
2026-08-17,bn,1880,703,1278,602,24523,2136778,3102,1880,0,0,False
2026-08-17,bo,23,20,8,15,204,4820,7,23,0,0,False
2026-08-17,ca,47597,24308,14421,33176,1124307,68830290,147425,47597,0,0,False
2026-08-17,ckb,992,347,567,425,11080,491505,1321,992,0,0,False
2026-08-17,cs,12206,6579,5591,6615,420114,19796901,34900,12206,0,0,False
2026-08-17,cy,8676,8183,3262,5414,310561,13399719,27282,8676,0,0,False
2026-08-17,da,11079,9378,4485,6594,476766,22166060,40427,11079,0,0,False
2026-08-17,de,98909,37442,33653,65256,3226857,158777702,397750,98908,1,0,False
2026-08-17,dv,699,184,382,317,1967,469898,1396,699,0,0,False
2026-08-17,el,25996,4786,9016,16980,270811,15707351,47745,25996,0,0,False
2026-08-17,en,8047158,1645699,2584664,5462494,360937015,19146995909,38687406,8047139,19,0,False
2026-08-17,es,1564510,374123,535544,1028966,64650113,2780257969,8116221,1564509,1,0,False
2026-08-17,et,45139,37053,15036,30103,1542659,73204823,237913,45139,0,0,False
2026-08-17,eu,12211,10806,4097,8114,505686,16159950,57161,12211,0,0,False
2026-08-17,fa,105008,26351,48958,56050,3852670,123564213,200669,105007,1,0,False
2026-08-17,fi,14954,9737,5958,8996,486139,28391709,42202,14954,0,0,False
2026-08-17,fr,389885,117312,145584,244301,14346968,1071413623,1507956,389882,3,0,False
2026-08-17,gu,895,313,574,321,13088,966655,2507,895,0,0,False
2026-08-17,hi,147171,36590,45526,101645,4582284,213885834,1052637,147169,2,0,False
2026-08-17,ht,32357,26888,13444,18913,1287249,51754311,131548,32357,0,0,False
2026-08-17,hu,7471,6423,2469,5002,365085,9026168,44891,7471,0,0,False
2026-08-17,hy,137,49,127,10,346,24616,16,137,0,0,False
2026-08-17,in,432662,153841,196577,236085,17556884,762495855,2975013,432661,1,0,False
2026-08-17,is,2293,2111,1080,1213,78852,2288774,7343,2293,0,0,False
2026-08-17,it,97951,38849,44076,53875,2694519,156434343,257155,97951,0,0,False
2026-08-17,iw,21513,5445,11075,10438,734055,37510857,47761,21513,0,0,False
2026-08-17,ja,5324702,1121815,2658996,2665706,163688475,14329157414,17646308,5324673,29,0,False
2026-08-17,ka,175,157,51,124,1983,59737,533,175,0,0,False
2026-08-17,km,123,55,87,36,1618,101503,126,123,0,0,False
2026-08-17,kn,1834,697,963,871,36578,1960953,4137,1834,0,0,False
2026-08-17,ko,632141,157556,280142,351999,18992036,1375571851,3913537,632140,1,0,False
2026-08-17,lo,56,47,37,19,762,48478,25,56,0,0,False
2026-08-17,lt,5042,4853,2178,2864,215787,9625372,22837,5042,0,0,False
2026-08-17,lv,4680,3042,2351,2329,93198,4429246,9667,4680,0,0,False
2026-08-17,ml,2143,714,1278,865,40722,1854767,3378,2142,1,0,False
2026-08-17,mr,7229,2489,2542,4687,125362,6055274,28784,7229,0,0,False
2026-08-17,my,1881,540,913,968,4527,255613,1199,1881,0,0,False
2026-08-17,ne,4617,1700,2928,1689,32100,2780878,4807,4616,1,0,False
2026-08-17,nl,40602,19333,16317,24285,961045,57070145,146575,40602,0,0,False
2026-08-17,no,8332,7156,3588,4744,361834,15131729,34846,8332,0,0,False
2026-08-17,or,839,246,563,276,16487,991644,2056,837,2,0,False
2026-08-17,pa,556,195,309,247,4374,260083,1972,556,0,0,False
2026-08-17,pl,94634,27434,30585,64049,2837828,166888958,324318,94634,0,0,False
2026-08-17,ps,4328,1163,2669,1659,86513,5258073,9398,4328,0,0,False
2026-08-17,pt,1076304,254793,447439,628865,51393037,1760492389,5506082,1076303,1,0,False
2026-08-17,qam,15508,9613,6295,9213,7973,2290876,826,15506,2,0,False
2026-08-17,qct,514,373,419,95,3176,302286,268,514,0,0,False
2026-08-17,qht,28730,20775,20988,7742,216592,10213256,24079,28730,0,0,False
2026-08-17,qme,328752,245655,79698,249054,13684170,391411007,1494703,328749,3,0,False
2026-08-17,qst,45336,38805,38901,6435,488208,38846106,30013,45336,0,0,False
2026-08-17,ro,13093,10990,4848,8245,549924,22780294,48322,13093,0,0,False
2026-08-17,ru,46048,13244,28331,17717,1601456,62552829,86827,46047,1,0,False
2026-08-17,sd,399,191,160,239,1038,36950,236,399,0,0,False
2026-08-17,si,237,79,198,39,1242,97660,62,237,0,0,False
2026-08-17,sl,7894,4131,2608,5286,211529,6880758,28987,7894,0,0,False
2026-08-17,sr,5220,2012,2418,2802,85597,3417862,10299,5220,0,0,False
2026-08-17,sv,16046,8087,6818,9228,472958,28039173,51480,16046,0,0,False
2026-08-17,ta,48220,7807,11208,37012,1360749,59990570,325243,48213,7,0,False
2026-08-17,te,11065,3294,3394,7671,344107,21621634,58236,11064,1,0,False
2026-08-17,th,589040,78677,90981,498059,12307401,664785450,8149287,589023,17,0,False
2026-08-17,tl,134791,76462,53502,81289,4054169,149341074,580188,134791,0,0,False
2026-08-17,tr,457778,114131,220528,237250,27707532,2450324510,1598952,457776,2,0,False
2026-08-17,ug,4,4,1,3,1,399,0,4,0,0,False
2026-08-17,uk,12843,3949,6631,6212,350760,14143215,32253,12843,0,0,False
2026-08-17,und,227007,162310,75764,151243,7994736,265219477,1194409,227007,0,0,False
2026-08-17,ur,59229,10442,18160,41069,1440205,47034020,422148,59229,0,0,False
2026-08-17,vi,16178,7408,9303,6875,429999,41721174,38898,16178,0,0,False
2026-08-17,zh,90707,38483,54051,36656,2847435,442996811,240378,90707,0,0,False
2026-08-17,zxx,833666,487410,273303,560363,51374352,1645846687,5054057,833666,0,0,False
2026-08-18,<ALL>,22666648,3729299,8858925,13807723,871455903,52937825951,105669642,22666486,162,0,False
2026-08-18,<NULL>,1,1,1,0,16,0,0,1,0,0,False
2026-08-18,am,903,365,509,394,7997,756308,2087,903,0,0,False
2026-08-18,ar,456802,109985,253213,203589,13003594,1932858859,1460428,456795,7,0,False
2026-08-18,art,86975,67010,71076,15899,717784,64300173,65973,86975,0,0,False
2026-08-18,bg,1363,725,944,419,31795,854419,1742,1363,0,0,False
2026-08-18,bn,1706,654,1263,443,20757,1163471,2569,1706,0,0,False
2026-08-18,bo,17,14,9,8,81,2786,14,17,0,0,False
2026-08-18,ca,49980,26405,14849,35131,1167685,80442700,145551,49980,0,0,False
2026-08-18,ckb,897,273,489,408,6150,289100,292,897,0,0,False
2026-08-18,cs,12434,6798,5583,6851,410410,21550070,32981,12434,0,0,False
2026-08-18,cy,9503,8939,3889,5614,421380,14411467,36240,9503,0,0,False
2026-08-18,da,11500,9907,4441,7059,453058,19109409,37057,11500,0,0,False
2026-08-18,de,101761,38363,35216,66545,3257369,132410866,413291,101757,4,0,False
2026-08-18,dv,800,195,403,397,1915,487575,1318,800,0,0,False
2026-08-18,el,27770,5076,9651,18119,303679,14996714,51630,27768,2,0,False
2026-08-18,en,8263710,1688480,2690446,5573264,361065700,19750985419,38438216,8263682,28,0,False
2026-08-18,es,1689277,399334,578083,1111194,68787598,3080678872,8865476,1689274,3,0,False
2026-08-18,et,44464,35519,15583,28881,1404700,80376504,220077,44464,0,0,False
2026-08-18,eu,10758,9879,4479,6279,350005,13072750,40367,10758,0,0,False
2026-08-18,fa,107517,27084,48930,58587,4130060,122051547,210113,107515,2,0,False
2026-08-18,fi,15167,9007,6627,8540,527375,28058120,38445,15167,0,0,False
2026-08-18,fr,404544,119414,153567,250977,13120553,1014064130,1416594,404541,3,0,False
2026-08-18,gu,922,328,580,342,16011,1281462,2874,922,0,0,False
2026-08-18,hi,149528,37299,46066,103462,4111504,189013936,992159,149519,9,0,False
2026-08-18,ht,32608,27905,14313,18295,1051654,49976967,102528,32608,0,0,False
2026-08-18,hu,6284,5401,2662,3622,316383,22247648,18707,6281,3,0,False
2026-08-18,hy,168,69,156,12,467,54164,15,168,0,0,False
2026-08-18,in,453167,157137,200978,252189,17015566,750130764,3136779,453167,0,0,False
2026-08-18,is,2426,2187,1185,1241,89763,2429034,7344,2426,0,0,False
2026-08-18,it,98359,39426,44091,54268,2557839,151478692,238569,98359,0,0,False
2026-08-18,iw,22234,5466,11450,10784,926941,39009713,54479,22234,0,0,False
2026-08-18,ja,5627092,1180639,2764405,2862687,168657440,15047880413,19898136,5627060,32,0,False
2026-08-18,ka,112,86,49,63,445,17945,69,112,0,0,False
2026-08-18,km,110,54,83,27,1470,98004,52,107,3,0,False
2026-08-18,kn,2169,756,1049,1120,45437,2232972,5610,2169,0,0,False
2026-08-18,ko,641194,161138,284720,356474,18930630,1437293894,4217510,641193,1,0,False
2026-08-18,lo,52,33,38,14,765,38216,9,52,0,0,False
2026-08-18,lt,5351,5161,2332,3019,212019,7094301,18787,5351,0,0,False
2026-08-18,lv,5505,3376,2625,2880,122877,6613407,14798,5505,0,0,False
2026-08-18,ml,2201,693,1378,823,25540,1315138,2436,2201,0,0,False
2026-08-18,mr,8331,2829,2797,5534,149962,6364157,31371,8324,7,0,False
2026-08-18,my,2697,606,1312,1385,13705,405305,3626,2697,0,0,False
2026-08-18,ne,4290,1557,2641,1649,48496,2956831,6428,4287,3,0,False
2026-08-18,nl,45672,21314,17687,27985,1171121,63132810,164359,45671,1,0,False
2026-08-18,no,9184,7527,4054,5130,427080,17418673,33996,9184,0,0,False
2026-08-18,or,749,238,482,267,15055,792470,2142,747,2,0,False
2026-08-18,pa,674,260,286,388,7222,399643,2469,673,1,0,False
2026-08-18,pl,98266,27086,30916,67350,2674855,151300148,319645,98265,1,0,False
2026-08-18,ps,4590,1093,3090,1500,59851,3842834,6868,4590,0,0,False
2026-08-18,pt,1121801,259839,466307,655494,53511860,1929959957,5361103,1121801,0,0,False
2026-08-18,qam,15975,9787,6411,9564,25655,2030214,2090,15973,2,0,False
2026-08-18,qct,525,406,407,118,3506,285526,331,525,0,0,False
2026-08-18,qht,27988,20394,20257,7731,252099,10736414,27630,27988,0,0,False
2026-08-18,qme,321259,240122,79624,241635,14030809,386964055,1409295,321256,3,0,False
2026-08-18,qst,45409,38262,39857,5552,544400,37620251,31428,45409,0,0,False
2026-08-18,ro,13000,11112,4839,8161,525840,33959722,46992,13000,0,0,False
2026-08-18,ru,47151,13820,28694,18457,1555992,63089663,79811,47145,6,0,False
2026-08-18,sd,423,221,182,241,1266,46087,271,423,0,0,False
2026-08-18,si,292,87,227,65,1445,100628,126,292,0,0,False
2026-08-18,sl,8524,3916,2882,5642,219635,6344284,29360,8524,0,0,False
2026-08-18,sr,5436,2093,2416,3020,76217,2993781,9218,5436,0,0,False
2026-08-18,sv,15839,7731,6723,9116,485016,27359036,48895,15839,0,0,False
2026-08-18,ta,44651,7724,10857,33794,992455,51769098,256849,44644,7,0,False
2026-08-18,te,10974,3212,3430,7544,305449,18659794,50872,10970,4,0,False
2026-08-18,th,581367,79391,92106,489261,11811409,674194603,8036322,581351,16,0,False
2026-08-18,tl,131011,74826,52150,78861,3753627,145840271,543316,131011,0,0,False
2026-08-18,tr,473440,112192,244297,229143,31030534,2658884476,1614256,473429,11,0,False
2026-08-18,ug,3,3,2,1,246,1548,15,3,0,0,False
2026-08-18,uk,14112,4102,7179,6933,429016,15754241,37250,14112,0,0,False
2026-08-18,und,230625,164853,77385,153240,7860413,308436221,1171426,230625,0,0,False
2026-08-18,ur,78535,12162,25953,52582,3840627,95232052,904669,78535,0,0,False
2026-08-18,vi,17105,7578,9650,7455,460555,33595365,82454,17105,0,0,False
2026-08-18,zh,96605,41524,55862,40743,3575364,574687694,285328,96605,0,0,False
2026-08-18,zxx,842814,490969,280552,562262,48322709,1531540170,4878109,842813,1,0,False
2026-08-19,<ALL>,23307289,3809160,9173319,14133970,899380061,54922534832,108517912,23307106,183,0,False
2026-08-19,<NULL>,1,1,1,0,3,0,0,1,0,0,False
2026-08-19,am,892,361,482,410,6702,664167,1802,892,0,0,False
2026-08-19,ar,460122,110603,254249,205873,13043909,1879203450,1410415,460114,8,0,False
2026-08-19,art,91766,70143,75337,16429,809839,62166663,64120,91766,0,0,False
2026-08-19,bg,1477,737,1028,449,15922,568888,1187,1477,0,0,False
2026-08-19,bn,1822,660,1275,547,18574,1462019,2696,1822,0,0,False
2026-08-19,bo,9,6,5,4,27,680,1,9,0,0,False
2026-08-19,ca,49621,25310,15896,33725,1086875,56464956,142177,49621,0,0,False
2026-08-19,ckb,649,249,525,124,6973,296431,289,649,0,0,False
2026-08-19,cs,13217,7025,6076,7141,404280,19114763,35871,13217,0,0,False
2026-08-19,cy,9918,9485,3570,6348,364320,16460645,40599,9918,0,0,False
2026-08-19,da,11997,10095,5213,6784,390490,20386556,33807,11997,0,0,False
2026-08-19,de,101797,36804,36923,64874,3340344,136898127,408383,101794,3,0,False
2026-08-19,dv,994,243,485,509,2593,522221,1842,994,0,0,False
2026-08-19,el,28253,5198,9900,18353,286107,15859483,50738,28251,2,0,False
2026-08-19,en,8627661,1742627,2845442,5782219,384239393,21303880837,40491453,8627633,28,0,False
2026-08-19,es,1737045,406547,600947,1136098,68663084,2926714102,8811572,1737035,10,0,False
2026-08-19,et,47702,38599,16159,31543,1810138,60098513,240594,47702,0,0,False
2026-08-19,eu,10415,9519,4438,5977,373719,12283096,34409,10415,0,0,False
2026-08-19,fa,112102,27558,52294,59808,4251508,126128549,228557,112098,4,0,False
2026-08-19,fi,15640,9337,6625,9015,508368,25014429,42596,15640,0,0,False
2026-08-19,fr,410710,120238,159643,251067,14537591,1070297025,1509378,410709,1,0,False
2026-08-19,gu,1171,362,747,424,15515,1549876,2813,1171,0,0,False
2026-08-19,hi,146709,38524,45691,101018,4062092,192246932,980510,146699,10,0,False
2026-08-19,ht,32012,27723,14964,17048,1204858,52903548,105033,32012,0,0,False
2026-08-19,hu,5679,4915,2583,3096,226045,7725672,16135,5676,3,0,False
2026-08-19,hy,173,61,164,9,402,29403,21,173,0,0,False
2026-08-19,in,438497,156759,205041,233456,15654273,748754907,2659439,438497,0,0,False
2026-08-19,is,2835,2495,1294,1541,198504,5200077,16471,2835,0,0,False
2026-08-19,it,98775,38351,46329,52446,2645507,156911776,254852,98775,0,0,False
2026-08-19,iw,19964,5070,10349,9615,631172,33643210,41943,19964,0,0,False
2026-08-19,ja,5766260,1201695,2855916,2910344,172098584,15493785538,19768336,5766209,51,0,False
2026-08-19,ka,142,122,42,100,18308,116348,2502,142,0,0,False
2026-08-19,km,123,44,96,27,2759,232527,240,123,0,0,False
2026-08-19,kn,1921,716,993,928,42262,2099578,5289,1921,0,0,False
2026-08-19,ko,645395,161359,288488,356907,19294027,1466056453,4142696,645394,1,0,False
2026-08-19,lo,72,58,41,31,786,52067,24,72,0,0,False
2026-08-19,lt,5318,5106,2307,3011,211245,5609549,21397,5318,0,0,False
2026-08-19,lv,5923,3584,2854,3069,154621,7299232,15189,5923,0,0,False
2026-08-19,ml,2339,713,1472,867,34267,1976056,3194,2339,0,0,False
2026-08-19,mr,8154,2881,2686,5468,135051,6718552,33986,8153,1,0,False
2026-08-19,my,3595,712,1601,1994,9814,288140,3319,3595,0,0,False
2026-08-19,ne,4453,1702,2704,1749,36281,2735032,5849,4451,2,0,False
2026-08-19,nl,47069,21943,18587,28482,1002840,60010473,149988,47066,3,0,False
2026-08-19,no,9624,8023,4236,5388,468919,15112636,38146,9624,0,0,False
2026-08-19,or,890,301,514,376,23044,988170,3053,888,2,0,False
2026-08-19,pa,667,286,337,330,5833,427640,1866,667,0,0,False
2026-08-19,pl,102808,28114,33345,69463,2686628,149424638,309307,102807,1,0,False
2026-08-19,ps,6335,1375,4466,1869,90982,4224609,10416,6335,0,0,False
2026-08-19,pt,1094376,262011,462878,631498,51146953,1937956517,5203844,1094376,0,0,False
2026-08-19,qam,16367,9941,6857,9510,12205,2225580,933,16362,5,0,False
2026-08-19,qct,649,509,477,172,4916,516108,400,649,0,0,False
2026-08-19,qht,28435,20575,20898,7537,164345,9510281,25931,28435,0,0,False
2026-08-19,qme,335324,248450,84880,250444,14351715,451239768,1495226,335314,10,0,False
2026-08-19,qst,51132,43841,41113,10019,625769,66429401,67215,51132,0,0,False
2026-08-19,ro,12809,10941,4951,7858,407683,25443269,40953,12809,0,0,False
2026-08-19,ru,47641,13895,29171,18470,1544647,60047245,92172,47635,6,0,False
2026-08-19,sd,397,223,150,247,1122,28826,165,397,0,0,False
2026-08-19,si,346,96,285,61,1903,112885,135,346,0,0,False
2026-08-19,sl,8914,4058,3111,5803,225570,7267574,31774,8914,0,0,False
2026-08-19,sr,6101,2243,2662,3439,107140,3288482,14698,6101,0,0,False
2026-08-19,sv,18485,8909,7396,11089,526422,29299692,64674,18485,0,0,False
2026-08-19,ta,50060,8292,11875,38185,1366861,54503503,342214,50053,7,0,False
2026-08-19,te,11949,3659,3794,8155,312357,26330337,50167,11949,0,0,False
2026-08-19,th,618531,82887,94957,523574,13008564,790160636,8901380,618512,19,0,False
2026-08-19,tl,136734,78953,54711,82023,4176321,172964441,586439,136734,0,0,False
2026-08-19,tr,470809,114399,227554,243255,29923080,2632570168,1900075,470803,6,0,False
2026-08-19,ug,7,7,3,4,19,1153,0,7,0,0,False
2026-08-19,uk,17650,4572,8860,8790,543739,18338130,52999,17650,0,0,False
2026-08-19,und,235368,167328,80528,154840,8384781,285569026,1255307,235368,0,0,False
2026-08-19,ur,72909,11645,23452,49457,2784382,83754888,647581,72909,0,0,False
2026-08-19,vi,16300,7343,9951,6349,421011,33294442,57760,16300,0,0,False
2026-08-19,zh,110471,49782,59894,50577,3674525,486708624,330410,110471,0,0,False
2026-08-19,zxx,854812,502734,288551,566261,50548653,1594365617,5210960,854812,0,0,False
2026-08-20,<ALL>,23627881,3854847,9383130,14244751,901980848,54290941500,109112242,23627659,222,0,False
2026-08-20,<NULL>,2,2,2,0,4,0,0,2,0,0,False
2026-08-20,am,883,368,508,375,6405,803918,1887,883,0,0,False
2026-08-20,ar,474013,112642,266329,207684,12716858,1947348963,1412749,474010,3,0,False
2026-08-20,art,91558,70175,75303,16255,846880,84879856,75816,91558,0,0,False
2026-08-20,bg,1589,771,1052,537,23334,708122,1727,1589,0,0,False
2026-08-20,bn,2065,752,1409,656,35794,1488993,4450,2065,0,0,False
2026-08-20,bo,33,16,26,7,137,3801,8,33,0,0,False
2026-08-20,ca,50663,24624,16124,34539,1086589,47032118,152066,50663,0,0,False
2026-08-20,ckb,684,266,536,148,6731,306305,260,684,0,0,False
2026-08-20,cs,14083,7421,6636,7447,458556,24802543,39827,14083,0,0,False
2026-08-20,cy,9310,8841,3506,5804,415661,37376853,32055,9310,0,0,False
2026-08-20,da,11172,9419,4984,6188,375521,21541484,30456,11172,0,0,False
2026-08-20,de,101045,36433,37121,63924,3323911,178201931,389404,101044,1,0,False
2026-08-20,dv,953,246,504,449,2530,547279,1850,953,0,0,False
2026-08-20,el,29796,5564,11281,18515,332016,15992325,52920,29796,0,0,False
2026-08-20,en,8706411,1762920,2886185,5820226,373476562,20286226924,39743679,8706377,34,0,False
2026-08-20,es,1774599,414092,625304,1149295,72235034,3088401759,8973962,1774590,9,0,False
2026-08-20,et,49402,38818,16477,32925,1864511,69424211,271636,49402,0,0,False
2026-08-20,eu,10552,9610,4600,5952,338899,13912952,40368,10552,0,0,False
2026-08-20,fa,113220,28156,52767,60453,4453279,133280656,244499,113216,4,0,False
2026-08-20,fi,16481,10241,6732,9749,583667,21730871,51767,16481,0,0,False
2026-08-20,fr,422461,121602,168796,253665,14035397,1120273998,1464905,422456,5,0,False
2026-08-20,gu,1249,400,789,460,19079,1741574,3682,1249,0,0,False
2026-08-20,hi,152574,39664,48053,104521,4185815,180223406,980956,152568,6,0,False
2026-08-20,ht,29994,25601,14676,15318,883006,44831237,81636,29994,0,0,False
2026-08-20,hu,6139,5255,2909,3230,263463,9839986,22632,6136,3,0,False
2026-08-20,hy,188,66,175,13,504,33908,26,188,0,0,False
2026-08-20,in,457443,158302,207577,249866,17118925,788466872,3211001,457443,0,0,False
2026-08-20,is,2745,2506,1288,1457,75341,3278047,7107,2745,0,0,False
2026-08-20,it,104034,40929,48282,55752,2934868,169227526,271821,104034,0,0,False
2026-08-20,iw,23844,5687,12266,11578,892294,39451539,57321,23844,0,0,False
2026-08-20,ja,5752795,1206876,2880412,2872383,171202784,15191435657,18932671,5752732,63,0,False
2026-08-20,ka,180,156,48,132,10341,195833,2095,180,0,0,False
2026-08-20,km,112,60,84,28,1513,114214,99,112,0,0,False
2026-08-20,kn,2114,797,1120,994,41507,1933721,5951,2114,0,0,False
2026-08-20,ko,665210,164308,297494,367716,19421558,1483749422,4248545,665200,10,0,False
2026-08-20,lo,63,47,34,29,760,46698,218,63,0,0,False
2026-08-20,lt,6168,5970,2474,3694,261878,8341031,19602,6168,0,0,False
2026-08-20,lv,5905,3684,2841,3064,92769,4090830,10827,5905,0,0,False
2026-08-20,ml,2483,769,1576,907,40634,2463937,3295,2482,1,0,False
2026-08-20,mr,8378,2729,2974,5404,150638,5525213,42067,8369,9,0,False
2026-08-20,my,2075,577,957,1118,25608,730343,2470,2075,0,0,False
2026-08-20,ne,4604,1732,2676,1928,47525,3352742,6014,4602,2,0,False
2026-08-20,nl,47433,21759,19507,27926,1187054,63820066,161957,47433,0,0,False
2026-08-20,no,9251,7597,4235,5016,273813,16338825,23604,9251,0,0,False
2026-08-20,or,890,302,554,336,20814,1023645,3088,886,4,0,False
2026-08-20,pa,719,304,365,354,6103,275174,2412,718,1,0,False
2026-08-20,pl,110147,29313,37207,72940,3313781,180471730,369734,110146,1,0,False
2026-08-20,ps,4741,1251,3120,1621,94882,6204372,9536,4741,0,0,False
2026-08-20,pt,1168453,272687,501537,666916,56399439,2189135798,5791303,1168451,2,0,False
2026-08-20,qam,17033,10287,6950,10083,19132,3151669,2356,17033,0,0,False
2026-08-20,qct,684,484,516,168,3675,323708,407,684,0,0,False
2026-08-20,qht,28449,21121,20748,7701,423615,11809062,59438,28449,0,0,False
2026-08-20,qme,338928,251486,84747,254181,13666894,402931874,1457972,338924,4,0,False
2026-08-20,qst,48289,40866,41881,6408,322725,28014831,22055,48289,0,0,False
2026-08-20,ro,13778,11869,5066,8712,503217,24432850,48844,13778,0,0,False
2026-08-20,ru,49390,14392,30582,18808,1567059,60003247,86983,49381,9,0,False
2026-08-20,sd,369,204,166,203,1460,56238,347,369,0,0,False
2026-08-20,si,399,106,317,82,1943,103800,123,399,0,0,False
2026-08-20,sl,8644,4060,3233,5411,191886,6387464,24802,8644,0,0,False
2026-08-20,sr,6559,2389,3094,3465,116015,3894697,15067,6559,0,0,False
2026-08-20,sv,18436,9340,7635,10801,571956,31499387,60389,18436,0,0,False
2026-08-20,ta,47036,8212,11357,35679,1069153,48364352,269435,47032,4,0,False
2026-08-20,te,13119,4284,3906,9213,363162,21274068,70316,13117,2,0,False
2026-08-20,th,605845,82902,95168,510677,13748031,786628322,9539359,605817,28,0,False
2026-08-20,tl,136572,81118,55457,81115,4010106,161032181,558281,136572,0,0,False
2026-08-20,tr,495758,115800,246056,249702,34850400,2700215536,1790085,495750,8,0,False
2026-08-20,ug,12,11,5,7,304,2576,18,12,0,0,False
2026-08-20,uk,16139,4532,8124,8015,507992,16562458,53495,16139,0,0,False
2026-08-20,und,253946,170730,86119,167827,8528830,270141059,1649804,253942,4,0,False
2026-08-20,ur,82384,12975,28989,53395,4626474,124057160,944039,82384,0,0,False
2026-08-20,vi,17202,8026,10008,7194,470020,38430016,70786,17197,5,0,False
2026-08-20,zh,103305,45826,57871,45434,3361661,457673238,281354,103305,0,0,False
2026-08-20,zxx,874699,515248,293723,580976,47470166,1603322499,4848526,874699,0,0,False
2026-08-21,<ALL>,24588010,3955747,9815409,14772601,915261500,54691083237,113191055,24587706,304,0,False
2026-08-21,<NULL>,1,1,1,0,2,0,0,1,0,0,False
2026-08-21,am,1060,361,580,480,7349,702718,2164,1060,0,0,False
2026-08-21,ar,493269,116372,275331,217938,13460165,1872768061,1497647,493264,5,0,False
2026-08-21,art,96351,73578,79507,16844,785688,57343261,66801,96349,2,0,False
2026-08-21,bg,1428,793,919,509,16385,619238,1132,1428,0,0,False
2026-08-21,bn,2038,717,1398,640,64679,2791192,4881,2038,0,0,False
2026-08-21,bo,11,11,9,2,91,2502,5,11,0,0,False
2026-08-21,ca,52204,26150,16460,35744,1189855,56651332,170736,52204,0,0,False
2026-08-21,ckb,756,295,531,225,9534,414525,576,756,0,0,False
2026-08-21,cs,15560,8017,7157,8403,528852,23175335,39978,15560,0,0,False
2026-08-21,cy,9739,9097,4070,5669,326608,11840824,30201,9739,0,0,False
2026-08-21,da,14094,12135,5209,8885,481083,19115875,64902,14094,0,0,False
2026-08-21,de,108742,41924,40150,68592,3810468,149482308,444835,108742,0,0,False
2026-08-21,dv,810,213,410,400,1379,550354,924,810,0,0,False
2026-08-21,el,29615,5525,10570,19045,313092,15260013,53236,29615,0,0,False
2026-08-21,en,8997629,1813938,3006418,5991211,384493919,20760550768,41125918,8997576,53,0,False
2026-08-21,es,1745320,415082,607948,1137372,64663922,2926911477,8435228,1745309,11,0,False
2026-08-21,et,54188,42470,18193,35995,2246405,103521476,296406,54188,0,0,False
2026-08-21,eu,11709,10555,4939,6770,531619,17468862,47637,11709,0,0,False
2026-08-21,fa,110108,27693,50930,59178,4254005,129391639,220454,110102,6,0,False
2026-08-21,fi,17196,10707,7344,9852,572539,23905626,47118,17196,0,0,False
2026-08-21,fr,439660,126735,171650,268010,14104775,1031744045,1549792,439652,8,0,False
2026-08-21,gu,1147,395,752,395,14380,1173400,2904,1147,0,0,False
2026-08-21,hi,179634,45382,53958,125676,6522527,253046543,1734387,179611,23,0,False
2026-08-21,ht,35295,30570,16255,19040,1138907,48973001,109193,35295,0,0,False
2026-08-21,hu,6617,5861,2971,3646,258721,7877188,25950,6616,1,0,False
2026-08-21,hy,182,67,169,13,357,24922,24,182,0,0,False
2026-08-21,in,513456,169649,221130,292326,18339275,745319439,3709835,513456,0,0,False
2026-08-21,is,2960,2714,1349,1611,75949,2921287,8156,2960,0,0,False
2026-08-21,it,110680,43663,51622,59058,2825673,146571387,278760,110680,0,0,False
2026-08-21,iw,19490,5224,9350,10140,627777,29661251,41644,19490,0,0,False
2026-08-21,ja,6200610,1260487,3127010,3073600,178632792,15982496453,20099799,6200515,95,0,False
2026-08-21,ka,232,209,55,177,1728,45010,358,232,0,0,False
2026-08-21,km,153,67,116,37,2546,161253,198,151,2,0,False
2026-08-21,kn,2332,951,1214,1118,51168,2047208,5881,2332,0,0,False
2026-08-21,ko,699159,170020,318329,380830,19835485,1352125526,4257452,699151,8,0,False
2026-08-21,lo,53,41,37,16,2112,89284,117,53,0,0,False
2026-08-21,lt,6310,6090,2639,3671,258133,9130506,21932,6310,0,0,False
2026-08-21,lv,6094,3668,2902,3192,130005,7073621,12009,6094,0,0,False
2026-08-21,ml,2582,974,1503,1079,73663,2213206,8953,2582,0,0,False
2026-08-21,mr,9203,3127,3217,5986,181026,12920239,40363,9201,2,0,False
2026-08-21,my,4155,881,2216,1939,17811,547639,6922,4155,0,0,False
2026-08-21,ne,4870,1739,2945,1925,52104,3295743,10136,4870,0,0,False
2026-08-21,nl,48282,23229,19182,29100,1003525,53351856,163285,48279,3,0,False
2026-08-21,no,9470,7806,4569,4901,346462,15024023,34655,9470,0,0,False
2026-08-21,or,1063,292,622,441,21738,1174442,5274,1060,3,0,False
2026-08-21,pa,660,262,344,316,5364,300165,2004,660,0,0,False
2026-08-21,pl,109103,29826,37411,71692,2947138,152126637,323677,109103,0,0,False
2026-08-21,ps,3689,1067,2180,1509,70543,4347343,8401,3689,0,0,False
2026-08-21,pt,1144921,270661,488380,656541,51934119,1998903500,5303862,1144921,0,0,False
2026-08-21,qam,17664,10719,7240,10424,18874,2564231,1673,17663,1,0,False
2026-08-21,qct,788,580,560,228,8630,1039653,756,788,0,0,False
2026-08-21,qht,32450,24766,22019,10431,191787,11311447,37544,32450,0,0,False
2026-08-21,qme,351292,261946,89065,262227,14257288,353719274,1504916,351287,5,0,False
2026-08-21,qst,48192,41223,41915,6277,590166,43539969,35638,48192,0,0,False
2026-08-21,ro,13966,11931,5498,8468,569885,29290200,58862,13966,0,0,False
2026-08-21,ru,49897,14448,31291,18606,1505425,57706269,86063,49887,10,0,False
2026-08-21,sd,470,250,192,278,2728,86030,436,470,0,0,False
2026-08-21,si,365,107,279,86,1843,129802,141,365,0,0,False
2026-08-21,sl,9541,5360,3234,6307,220514,6633019,31415,9541,0,0,False
2026-08-21,sr,7029,2586,2991,4038,122138,3460332,15997,7029,0,0,False
2026-08-21,sv,18041,8618,8083,9958,546261,35148620,50275,18041,0,0,False
2026-08-21,ta,53072,8875,12951,40121,1461253,56596537,372655,53066,6,0,False
2026-08-21,te,15303,4881,4579,10724,640876,30960853,98227,15290,13,0,False
2026-08-21,th,655703,86819,107805,547898,15331481,769187470,9884304,655672,31,0,False
2026-08-21,tl,138989,83568,58534,80455,4279978,186764790,581406,138989,0,0,False
2026-08-21,tr,488039,116965,242822,245217,31421701,2533291449,1736354,488032,7,0,False
2026-08-21,ug,9,7,7,2,47,3063,28,9,0,0,False
2026-08-21,uk,16027,4666,8201,7826,407150,13761577,40187,16027,0,0,False
2026-08-21,und,270245,184204,88047,182198,10441000,333623566,1883748,270244,1,0,False
2026-08-21,ur,87041,12963,27532,59509,4157676,96327241,1154368,87041,0,0,False
2026-08-21,vi,16691,8051,9852,6839,455046,50846103,70052,16683,8,0,False
2026-08-21,zh,102152,44219,59180,42972,3245499,459342550,269448,102152,0,0,False
2026-08-21,zxx,871154,517746,301381,569773,48150812,1578595689,4959860,871154,0,0,False
2026-08-22,<ALL>,23075821,3887602,9721937,13353884,919483523,53297602473,108808163,23075379,442,0,False
2026-08-22,am,1083,409,600,483,10592,792334,3357,1083,0,0,False
2026-08-22,ar,477630,115605,279454,198176,13059232,1920054402,1416919,477614,16,0,False
2026-08-22,art,90823,69570,75760,15063,748279,57443242,66239,90823,0,0,False
2026-08-22,bg,1201,689,816,385,15072,515318,1067,1201,0,0,False
2026-08-22,bn,1817,679,1272,545,24979,1361118,3014,1817,0,0,False
2026-08-22,bo,12,11,6,6,135,1726,14,12,0,0,False
2026-08-22,ca,48223,24289,15986,32237,1114617,67694806,150222,48223,0,0,False
2026-08-22,ckb,832,276,555,277,6130,298049,319,832,0,0,False
2026-08-22,cs,12911,6979,6203,6708,409126,19331345,33190,12910,1,0,False
2026-08-22,cy,10086,9475,4400,5686,478209,17950744,51927,10086,0,0,False
2026-08-22,da,11457,10095,4590,6867,446983,23979026,46185,11457,0,0,False
2026-08-22,de,97936,38734,37191,60745,3743877,139163931,410428,97936,0,0,False
2026-08-22,dv,732,206,387,345,2258,664086,1588,732,0,0,False
2026-08-22,el,27596,5674,9946,17650,367716,15421083,57059,27596,0,0,False
2026-08-22,en,8307137,1749315,2835887,5471250,381041483,19158413062,40040651,8307031,106,0,False
2026-08-22,es,1553171,390677,552371,1000800,62382540,2811615092,7654090,1553163,8,0,False
2026-08-22,et,56222,43973,18765,37457,2280354,115123633,363658,56222,0,0,False
2026-08-22,eu,11915,10699,4703,7212,431714,12423530,59795,11915,0,0,False
2026-08-22,fa,111222,28376,52970,58252,4186329,129265993,226881,111219,3,0,False
2026-08-22,fi,15847,10352,6844,9003,744336,34767392,58617,15847,0,0,False
2026-08-22,fr,401863,123502,160931,240932,14365954,990017955,1462845,401862,1,0,False
2026-08-22,gu,1047,369,688,359,13951,1062601,2880,1046,1,0,False
2026-08-22,hi,161049,41695,50350,110699,5477203,231458102,1378199,160993,56,0,False
2026-08-22,ht,32582,28013,15704,16878,1087286,40684989,117138,32582,0,0,False
2026-08-22,hu,5930,5243,2757,3173,202491,7997562,19437,5929,1,0,False
2026-08-22,hy,142,53,130,12,407,24644,24,142,0,0,False
2026-08-22,in,461389,164872,209342,252047,17543192,763387015,3118423,461374,15,0,False
2026-08-22,is,3399,3071,1566,1833,156207,6422299,11251,3399,0,0,False
2026-08-22,it,110816,45102,50282,60534,3582459,166859602,341521,110816,0,0,False
2026-08-22,iw,17071,4672,8463,8608,618150,29918547,45922,17071,0,0,False
2026-08-22,ja,6204265,1277990,3457016,2747249,189325524,16188833430,18426519,6204153,112,0,False
2026-08-22,ka,122,107,42,80,1082,35084,54,122,0,0,False
2026-08-22,km,92,51,72,20,1444,112119,108,92,0,0,False
2026-08-22,kn,1808,748,950,858,37653,1830391,5177,1807,1,0,False
2026-08-22,ko,661494,172899,298956,362538,22671675,1567447468,4774228,661491,3,0,False
2026-08-22,lo,39,28,27,12,213,18525,4,39,0,0,False
2026-08-22,lt,6113,5880,2680,3433,275061,9924335,23445,6113,0,0,False
2026-08-22,lv,6421,4415,2774,3647,195844,11310113,19549,6421,0,0,False
2026-08-22,ml,2592,943,1531,1061,52306,3802578,4021,2590,2,0,False
2026-08-22,mr,8976,2951,2957,6019,226222,8949040,43205,8974,2,0,False
2026-08-22,my,3875,843,1934,1941,14239,518965,6229,3873,2,0,False
2026-08-22,ne,4113,1743,2310,1803,54150,3131408,10243,4113,0,0,False
2026-08-22,nl,44609,23086,18015,26594,1327430,73032556,164597,44606,3,0,False
2026-08-22,no,9289,7847,4495,4794,319874,14606478,26330,9289,0,0,False
2026-08-22,or,861,265,520,341,18037,661457,2864,858,3,0,False
2026-08-22,pa,547,259,282,265,8769,1030002,3560,547,0,0,False
2026-08-22,pl,93468,26939,34367,59101,2589746,157446419,283690,93467,1,0,False
2026-08-22,ps,4531,1198,2678,1853,80138,4751304,9842,4531,0,0,False
2026-08-22,pt,974647,253031,413924,560723,47086765,1826342195,4647991,974647,0,0,False
2026-08-22,qam,15991,9845,6914,9077,10859,2838693,1315,15991,0,0,False
2026-08-22,qct,541,416,393,148,2460,200341,252,541,0,0,False
2026-08-22,qht,27551,20613,20273,7278,126227,8385979,17849,27551,0,0,False
2026-08-22,qme,331533,249713,89132,242401,14256668,388999247,1462828,331529,4,0,False
2026-08-22,qst,45077,38514,39354,5723,478197,42563763,23223,45077,0,0,False
2026-08-22,ro,14368,12013,5396,8972,542370,23834049,86827,14368,0,0,False
2026-08-22,ru,45522,14096,28780,16742,1396939,52945611,82266,45497,25,0,False
2026-08-22,sd,571,263,264,307,2465,56169,685,571,0,0,False
2026-08-22,si,290,93,225,65,1981,115318,138,290,0,0,False
2026-08-22,sl,7982,4308,2907,5075,260840,6373531,26262,7982,0,0,False
2026-08-22,sr,6502,2481,2688,3814,121825,4824282,18479,6502,0,0,False
2026-08-22,sv,16016,8563,6880,9136,643101,34994423,60462,16016,0,0,False
2026-08-22,ta,42761,8096,10524,32237,1006184,50757648,247381,42754,7,0,False
2026-08-22,te,14611,5033,4085,10526,664743,25843246,99362,14599,12,0,False
2026-08-22,th,582507,86893,97967,484540,15565794,848966880,10453287,582474,33,0,False
2026-08-22,tl,134640,81016,57001,77639,4645450,170936627,676386,134640,0,0,False
2026-08-22,tr,451555,114497,229270,222285,30557678,2505341222,1658875,451538,17,0,False
2026-08-22,ug,7,6,6,1,78,2638,23,7,0,0,False
2026-08-22,uk,13748,4376,7003,6745,390704,15086667,36691,13748,0,0,False
2026-08-22,und,249093,171114,84293,164800,9491512,283469202,1800318,249088,5,0,False
2026-08-22,ur,66048,11448,20811,45237,2155463,67522740,562175,66048,0,0,False
2026-08-22,vi,18078,9126,9802,8276,601903,43648168,132693,18077,1,0,False
2026-08-22,zh,95739,44054,53985,41754,3663844,452427235,326613,95739,0,0,False
2026-08-22,zxx,834087,500283,289535,544552,54068805,1629571699,5439257,834086,1,0,False
2026-08-23,<ALL>,24684948,3879462,9969149,14715799,940773963,53150137214,109591055,24684302,646,0,False
2026-08-23,am,889,337,408,481,7073,561953,2300,889,0,0,False
2026-08-23,ar,509185,118901,296602,212583,13431076,1972549886,1403957,509167,18,0,False
2026-08-23,art,92653,70876,75928,16725,872446,60535579,77541,92652,1,0,False
2026-08-23,bg,1302,716,889,413,13627,526058,1014,1302,0,0,False
2026-08-23,bn,2139,790,1377,762,36116,1380634,4312,2139,0,0,False
2026-08-23,bo,13,12,6,7,2331,30690,47,13,0,0,False
2026-08-23,ca,54791,28660,16555,38236,1725160,74884227,216235,54791,0,0,False
2026-08-23,ckb,909,300,689,220,9586,370268,563,909,0,0,False
2026-08-23,cs,12644,7200,5855,6789,405489,20601638,35780,12644,0,0,False
2026-08-23,cy,12696,12122,4362,8334,542571,15228459,54614,12696,0,0,False
2026-08-23,da,13007,11122,5192,7815,577442,27234866,55035,13007,0,0,False
2026-08-23,de,105312,39871,37519,67793,3490058,129566602,436777,105311,1,0,False
2026-08-23,dv,1231,254,680,551,3423,709630,2620,1231,0,0,False
2026-08-23,el,30655,5741,10196,20459,327562,14538005,62257,30655,0,0,False
2026-08-23,en,8782426,1763207,2866279,5916147,384364517,19044995070,39744660,8782294,132,0,False
2026-08-23,es,1654479,401475,584416,1070063,69444646,3018098076,8062703,1654463,16,0,False
2026-08-23,et,56605,43795,17940,38665,1704046,58632969,292049,56605,0,0,False
2026-08-23,eu,12807,11843,5380,7427,610184,24240847,69299,12807,0,0,False
2026-08-23,fa,120458,29192,56054,64404,4695797,128910861,252202,120453,5,0,False
2026-08-23,fi,16461,11126,6752,9709,624177,28085512,67412,16461,0,0,False
2026-08-23,fr,446393,130178,173992,272401,15800702,1091582447,1580476,446389,4,0,False
2026-08-23,gu,936,350,553,383,11669,807197,1840,936,0,0,False
2026-08-23,hi,167856,41269,50715,117141,4932748,203189382,1275641,167809,47,0,False
2026-08-23,ht,35285,29805,16654,18631,1021935,40133944,97883,35285,0,0,False
2026-08-23,hu,7475,6605,3463,4012,402395,31437760,33349,7471,4,0,False
2026-08-23,hy,185,64,176,9,462,31841,8,185,0,0,False
2026-08-23,in,504297,182178,228696,275601,18417308,831873389,3383171,504283,14,0,False
2026-08-23,is,2866,2607,1374,1492,93347,2158024,7371,2866,0,0,False
2026-08-23,it,118546,46517,54854,63692,3252215,155025431,281390,118546,0,0,False
2026-08-23,iw,23249,5389,11771,11478,716876,34661585,48112,23249,0,0,False
2026-08-23,ja,6432788,1255835,3390464,3042324,187731591,15654990859,18103759,6432648,140,0,False
2026-08-23,ka,146,133,36,110,2390,39934,547,146,0,0,False
2026-08-23,km,92,50,65,27,1085,88613,111,92,0,0,False
2026-08-23,kn,1979,767,1070,909,38542,1676306,4934,1979,0,0,False
2026-08-23,ko,754570,181686,338117,416453,22207057,1436222286,4545177,754546,24,0,False
2026-08-23,lo,64,44,42,22,579,31091,16,64,0,0,False
2026-08-23,lt,6864,6532,2794,4070,325789,7977946,31147,6863,1,0,False
2026-08-23,lv,6994,4540,3065,3929,219231,7674329,23720,6994,0,0,False
2026-08-23,ml,2533,828,1632,901,43186,2539927,2948,2532,1,0,False
2026-08-23,mr,9236,3113,3005,6231,188041,6793764,39078,9234,2,0,False
2026-08-23,my,4949,939,2746,2203,21113,708838,8225,4945,4,0,False
2026-08-23,ne,4173,1646,2510,1663,32555,2243935,4891,4165,8,0,False
2026-08-23,nl,49712,25141,20580,29132,1152936,67119629,159731,49710,2,0,False
2026-08-23,no,9957,8368,4401,5556,400227,15971646,35500,9957,0,0,False
2026-08-23,or,822,252,560,262,17057,884086,2180,816,6,0,False
2026-08-23,pa,615,303,306,309,6720,313721,2435,615,0,0,False
2026-08-23,pl,101077,28193,35450,65627,2818788,159188296,283193,101075,2,0,False
2026-08-23,ps,5194,1247,3549,1645,72766,4126820,8274,5194,0,0,False
2026-08-23,pt,1110118,268616,478384,631734,52867790,2010670988,5236328,1110114,4,0,False
2026-08-23,qam,17207,10290,7638,9569,9426,1729840,1317,17207,0,0,False
2026-08-23,qct,494,375,377,117,3060,373195,314,494,0,0,False
2026-08-23,qht,30552,22192,22398,8154,222963,14422907,27536,30552,0,0,False
2026-08-23,qme,377255,276671,93938,283317,15811968,428175035,1750329,377247,8,0,False
2026-08-23,qst,47602,40155,41451,6151,399971,31572351,29965,47602,0,0,False
2026-08-23,ro,14530,12513,5169,9361,462869,29984606,49632,14530,0,0,False
2026-08-23,ru,48110,14291,30159,17951,1454751,50069555,77861,48081,29,0,False
2026-08-23,sd,539,269,209,330,1905,47671,464,539,0,0,False
2026-08-23,si,341,105,268,73,1783,109078,137,341,0,0,False
2026-08-23,sl,8564,4356,3219,5345,212216,6475846,27916,8564,0,0,False
2026-08-23,sr,6485,2469,2823,3662,114284,3695829,13190,6485,0,0,False
2026-08-23,sv,19826,10209,8090,11736,575216,28758531,61377,19826,0,0,False
2026-08-23,ta,43020,7876,10473,32547,883156,44761001,222653,43017,3,0,False
2026-08-23,te,11778,3809,3379,8399,330226,18728629,53553,11761,17,0,False
2026-08-23,th,694026,92699,112190,581836,15846045,785878226,10219239,693941,85,0,False
2026-08-23,tl,169586,90779,66452,103134,5474010,194676702,898794,169586,0,0,False
2026-08-23,tr,507253,122335,255978,251275,32414585,2464822324,1884791,507232,21,0,False
2026-08-23,ug,3,3,3,0,49,1275,2,3,0,0,False
2026-08-23,uk,16042,5050,7552,8490,462650,13534480,47771,16042,0,0,False
2026-08-23,und,269938,185322,88289,181649,10387467,339504415,1853741,269920,18,0,False
2026-08-23,ur,66706,11432,19825,46881,1790951,51736668,476456,66706,0,0,False
2026-08-23,vi,16303,8097,9197,7106,564214,92621107,56730,16293,10,0,False
2026-08-23,zh,100471,46459,54084,46387,3580898,421247386,320663,100471,0,0,False
2026-08-23,zxx,928684,537453,301885,626799,54084873,1735364713,5473812,928665,19,0,False
2026-08-24,<ALL>,23808769,3969003,9417821,14390948,893934765,53414546541,108717032,23807319,1450,0,False
2026-08-24,<NULL>,2,2,2,0,147,0,4,2,0,0,False
2026-08-24,am,968,374,525,443,8312,861716,2690,968,0,0,False
2026-08-24,ar,472712,116564,269285,203427,12765929,1868137835,1467544,472679,33,0,False
2026-08-24,art,92007,70544,76070,15937,717089,54590056,63569,92006,1,0,False
2026-08-24,bg,1438,748,1013,425,15457,498168,1015,1438,0,0,False
2026-08-24,bn,2164,771,1373,791,32187,1175449,4077,2164,0,0,False
2026-08-24,bo,28,15,20,8,64,2919,21,28,0,0,False
2026-08-24,ca,65710,29265,17858,47852,1575084,74474758,308122,65710,0,0,False
2026-08-24,ckb,903,330,681,222,7431,364496,408,903,0,0,False
2026-08-24,cs,12940,7002,6132,6808,374819,18055371,30429,12940,0,0,False
2026-08-24,cy,9955,9459,3795,6160,435592,15971484,38810,9955,0,0,False
2026-08-24,da,11889,10138,5002,6887,458805,20037254,42668,11889,0,0,False
2026-08-24,de,103700,38916,38368,65332,3296640,138373118,383543,103687,13,0,False
2026-08-24,dv,1178,274,641,537,3177,652544,2322,1178,0,0,False
2026-08-24,el,30481,5688,10988,19493,306415,15679146,53409,30480,1,0,False
2026-08-24,en,8698173,1829039,2878668,5819505,376132316,20199833089,40592267,8697923,250,0,False
2026-08-24,es,1719798,419651,617973,1101825,68700309,3074425300,8408234,1719751,47,0,False
2026-08-24,et,56309,42923,17381,38928,1984233,70716219,308277,56309,0,0,False
2026-08-24,eu,11598,10484,4883,6715,379778,12854921,33864,11598,0,0,False
2026-08-24,fa,118023,29735,55343,62680,4317598,149098715,229525,117983,40,0,False
2026-08-24,fi,16820,10787,6721,10099,695554,24453125,65327,16820,0,0,False
2026-08-24,fr,443079,137303,167086,275993,14592948,1149260610,1696052,443048,31,0,False
2026-08-24,gu,1337,473,808,529,19563,1545446,4014,1337,0,0,False
2026-08-24,hi,168287,41310,51297,116990,5008879,183766830,1374787,168207,80,0,False
2026-08-24,ht,33856,29259,14965,18891,1283769,55797201,117365,33856,0,0,False
2026-08-24,hu,7055,6157,2972,4083,316795,10935197,23126,7047,8,0,False
2026-08-24,hy,208,68,194,14,337,26475,20,208,0,0,False
2026-08-24,in,472914,171472,217098,255816,17318613,828555313,2934201,472895,19,0,False
2026-08-24,is,2471,2205,1290,1181,64225,3492161,5793,2471,0,0,False
2026-08-24,it,114818,44128,53933,60885,3231322,163535494,311847,114783,35,0,False
2026-08-24,iw,22636,5590,11582,11054,701610,33351844,50379,22636,0,0,False
2026-08-24,ja,5813475,1225633,2920694,2892781,167273623,14907676201,18304192,5813149,326,0,False
2026-08-24,ka,135,110,46,89,1591,34264,266,135,0,0,False
2026-08-24,km,149,69,110,39,1213,70776,77,149,0,0,False
2026-08-24,kn,2118,789,1208,910,36812,1759516,5352,2118,0,0,False
2026-08-24,ko,717186,179030,315811,401375,19978850,1546523970,4423143,717104,82,0,False
2026-08-24,lo,44,39,31,13,963,55940,25,44,0,0,False
2026-08-24,lt,6333,6106,2522,3811,239134,6873608,20928,6332,1,0,False
2026-08-24,lv,6240,3787,2844,3396,159085,9899865,11903,6240,0,0,False
2026-08-24,ml,2496,803,1675,821,37046,2214631,2798,2494,2,0,False
2026-08-24,mr,9426,3115,3190,6236,155523,5434501,38649,9423,3,0,False
2026-08-24,my,3086,671,1410,1676,7946,251917,2821,3086,0,0,False
2026-08-24,ne,4820,1784,2661,2159,40852,2779469,5864,4809,11,0,False
2026-08-24,nl,43647,20649,18372,25275,1051650,65455806,137074,43605,42,0,False
2026-08-24,no,9959,8395,4151,5808,397263,18197803,40591,9959,0,0,False
2026-08-24,or,970,307,637,333,19712,726477,2786,967,3,0,False
2026-08-24,pa,621,234,355,266,6882,283810,2504,621,0,0,False
2026-08-24,pl,104691,28662,34285,70406,3167441,166267295,369141,104660,31,0,False
2026-08-24,ps,5087,1233,3207,1880,64456,4698456,7952,5087,0,0,False
2026-08-24,pt,1110690,276871,467054,643636,53446065,2020072330,5603728,1110678,12,0,False
2026-08-24,qam,18070,11175,8188,9882,24254,3422364,3669,18069,1,0,False
2026-08-24,qct,585,438,459,126,2993,256494,266,585,0,0,False
2026-08-24,qht,29952,22041,21406,8546,198307,10640871,31926,29952,0,0,False
2026-08-24,qme,358248,265255,86654,271594,14226429,428801474,1598140,358224,24,0,False
2026-08-24,qst,47724,40687,41261,6463,420876,32468467,41277,47724,0,0,False
2026-08-24,ro,14196,12252,5030,9166,415127,22220717,45514,14183,13,0,False
2026-08-24,ru,49040,14518,30958,18082,1918724,69039564,115695,48988,52,0,False
2026-08-24,sd,465,266,214,251,1595,44197,422,465,0,0,False
2026-08-24,si,416,103,329,87,2246,120085,205,416,0,0,False
2026-08-24,sl,7973,4346,2908,5065,197031,6399406,23446,7973,0,0,False
2026-08-24,sr,6463,2372,2842,3621,88499,3386934,13732,6463,0,0,False
2026-08-24,sv,19373,9672,8078,11295,641685,41472478,58911,19373,0,0,False
2026-08-24,ta,52005,8796,12509,39496,1362864,56082343,343606,51989,16,0,False
2026-08-24,te,12187,3850,3900,8287,374949,22623253,63495,12157,30,0,False
2026-08-24,th,671919,91624,109069,562850,12897472,716258182,8814886,671776,143,0,False
2026-08-24,tl,150413,86324,60259,90154,4242677,167421789,616533,150413,0,0,False
2026-08-24,tr,487176,119309,236125,251051,30750581,2469330092,1872554,487147,29,0,False
2026-08-24,ug,9,8,9,0,77,2621,18,9,0,0,False
2026-08-24,uk,18755,5955,8480,10275,523666,15293169,51189,18755,0,0,False
2026-08-24,und,244341,177882,83171,161170,8160034,324253990,1139709,244304,37,0,False
2026-08-24,ur,77807,12803,24434,53373,2798684,78093391,804533,77807,0,0,False
2026-08-24,vi,15313,7179,9239,6074,406300,41038703,47489,15302,11,0,False
2026-08-24,zh,99671,45429,56250,43421,3095589,391477552,255509,99671,0,0,False
2026-08-24,zxx,892038,530053,291839,600199,50353002,1584599516,5240805,892015,23,0,False
2026-08-25,<ALL>,21398956,3955211,9150451,12248505,930219090,55405953057,111465923,21329665,69291,0,False
2026-08-25,am,1145,422,623,522,11044,860847,3187,1145,0,0,False
2026-08-25,ar,475702,117417,278997,196705,13798597,1944168838,1728678,471075,4627,0,False
2026-08-25,art,94199,74274,77958,16241,1075455,70229088,111048,94198,1,0,False
2026-08-25,bg,1566,775,1121,445,18749,624555,1657,1566,0,0,False
2026-08-25,bn,1818,695,1323,495,28196,1334852,3881,1785,33,0,False
2026-08-25,bo,8,7,5,3,577,8770,26,8,0,0,False
2026-08-25,ca,55708,26063,16918,38790,1283954,53303661,215179,55360,348,0,False
2026-08-25,ckb,856,336,688,168,9362,453027,603,856,0,0,False
2026-08-25,cs,13173,7318,6352,6821,518812,24922898,43988,13155,18,0,False
2026-08-25,cy,8778,8402,3545,5233,416074,14572004,46087,8778,0,0,False
2026-08-25,da,10531,9026,4626,5905,423150,20685777,36913,10531,0,0,False
2026-08-25,de,97323,37502,39488,57835,3776603,132439994,446028,95966,1357,0,False
2026-08-25,dv,1031,282,473,558,3440,612585,2424,1031,0,0,False
2026-08-25,el,26458,5487,10608,15850,283376,15418024,51621,26320,138,0,False
2026-08-25,en,8060460,1830140,2891914,5168546,413155713,20999510944,43707969,8040200,20260,0,False
2026-08-25,es,1534120,398578,598166,935954,66314075,3091540298,8346171,1526071,8049,0,False
2026-08-25,et,42984,35255,16082,26902,1571687,58685546,242787,42860,124,0,False
2026-08-25,eu,9371,8449,4372,4999,322839,11540776,35530,9371,0,0,False
2026-08-25,fa,104088,27726,52764,51324,3895378,121773011,216455,102538,1550,0,False
2026-08-25,fi,15524,10252,6527,8997,488736,26511611,43775,15524,0,0,False
2026-08-25,fr,400253,125892,167962,232291,14655879,1073153161,1576722,396797,3456,0,False
2026-08-25,gu,1037,362,617,420,13351,1091838,2398,1036,1,0,False
2026-08-25,hi,135948,37775,47487,88461,4796811,192652128,1176372,135210,738,0,False
2026-08-25,ht,29229,24662,14849,14380,945751,46906505,86559,29068,161,0,False
2026-08-25,hu,4926,4299,2393,2533,291964,16777628,21327,4924,2,0,False
2026-08-25,hy,211,69,192,19,653,35931,38,211,0,0,False
2026-08-25,in,406702,154833,201624,205078,17061219,845908834,2700178,404228,2474,0,False
2026-08-25,is,2157,1976,1085,1072,120524,2980584,8597,2157,0,0,False
2026-08-25,it,102688,42757,50700,51988,3231881,161049258,306926,101630,1058,0,False
2026-08-25,iw,22350,5694,12513,9837,762841,36905733,50570,22125,225,0,False
2026-08-25,ja,5161547,1190278,2774326,2387221,168901613,16350178051,17825479,5153819,7728,0,False
2026-08-25,ka,178,158,58,120,2641,62487,556,178,0,0,False
2026-08-25,km,105,53,86,19,1651,78623,109,101,4,0,False
2026-08-25,kn,1978,809,1070,908,41659,1849940,6003,1977,1,0,False
2026-08-25,ko,595337,161174,280383,314954,19530341,1369527395,4392803,593348,1989,0,False
2026-08-25,lo,42,33,32,10,1122,95728,40,42,0,0,False
2026-08-25,lt,5423,5210,2414,3009,193239,5025923,22579,5421,2,0,False
2026-08-25,lv,5554,3333,2697,2857,127170,7136272,12469,5538,16,0,False
2026-08-25,ml,2333,815,1653,680,43298,2269489,3347,2329,4,0,False
2026-08-25,mr,7117,2606,2712,4405,158027,5691676,40185,7025,92,0,False
2026-08-25,my,1943,526,1143,800,6442,260102,1924,1942,1,0,False
2026-08-25,ne,4297,1762,2399,1898,46938,3313317,9326,4293,4,0,False
2026-08-25,nl,39586,19001,18401,21185,877809,59699404,130007,39070,516,0,False
2026-08-25,no,8175,6742,4213,3962,329217,13490596,26733,8146,29,0,False
2026-08-25,or,725,248,519,206,14914,746710,2047,721,4,0,False
2026-08-25,pa,557,224,320,237,8123,342599,2389,557,0,0,False
2026-08-25,pl,92483,28096,34229,58254,3407837,186963944,353368,91599,884,0,False
2026-08-25,ps,4764,1253,3309,1455,74177,5082849,8536,4748,16,0,False
2026-08-25,pt,1008212,264386,453668,554544,52114887,1889004681,5612102,1003076,5136,0,False
2026-08-25,qam,17410,11228,8909,8501,24922,2262375,1574,17407,3,0,False
2026-08-25,qct,613,455,497,116,3413,306597,325,613,0,0,False
2026-08-25,qht,28867,22259,19870,8997,256439,19039683,46634,28867,0,0,False
2026-08-25,qme,307144,236904,84813,222331,14957412,423653185,1636234,306978,166,0,False
2026-08-25,qst,48921,41939,43477,5444,519340,57582088,32926,48839,82,0,False
2026-08-25,ro,12589,10688,5007,7582,520890,20952156,53033,12441,148,0,False
2026-08-25,ru,48306,15727,31025,17281,1673792,70892379,85657,47744,562,0,False
2026-08-25,sd,398,220,212,186,1347,57874,424,398,0,0,False
2026-08-25,si,335,109,258,77,1762,107094,139,335,0,0,False
2026-08-25,sl,7652,3847,3123,4529,180291,5470803,23961,7652,0,0,False
2026-08-25,sr,5765,2180,2898,2867,87202,3526223,13386,5687,78,0,False
2026-08-25,sv,16853,8464,7902,8951,555499,31927338,57147,16662,191,0,False
2026-08-25,ta,42234,8524,10661,31573,1227696,50958107,307770,42219,15,0,False
2026-08-25,te,10837,3439,3717,7120,365785,21349079,67041,10799,38,0,False
2026-08-25,th,518637,84978,97020,421617,14487763,808693810,9616934,517055,1582,0,False
2026-08-25,tl,117101,71439,51367,65734,4171541,190864256,569776,116552,549,0,False
2026-08-25,tr,438669,111894,223740,214929,30004169,2426868541,1924837,435078,3591,0,False
2026-08-25,ug,5,4,4,1,4,422,3,5,0,0,False
2026-08-25,uk,13338,4377,7344,5994,392070,15390732,31555,13304,34,0,False
2026-08-25,und,210132,156003,84785,125347,8652990,334838390,1174399,209721,411,0,False
2026-08-25,ur,62964,11963,21648,41316,2191377,68761081,662921,62490,474,0,False
2026-08-25,vi,12805,5872,8338,4467,385010,36198098,30810,12597,208,0,False
2026-08-25,zh,89786,40385,55234,34552,3062164,403160954,234377,89700,86,0,False
2026-08-25,zxx,786895,487567,282998,503897,51338416,1545613300,5230364,786868,27,0,False
2026-08-26,<ALL>,25180337,4014207,10567169,14613168,974507676,57394216307,114902835,25179757,580,0,False
2026-08-26,<NULL>,1,1,1,0,3,0,1,1,0,0,False
2026-08-26,am,1139,398,568,571,7473,719479,2954,1139,0,0,False
2026-08-26,ar,506121,116106,301127,204994,13528675,1975915909,1533590,506120,1,0,False
2026-08-26,art,111025,82786,92957,18068,1008393,68911919,97903,111025,0,0,False
2026-08-26,bg,1718,817,1161,557,30790,864358,1720,1718,0,0,False
2026-08-26,bn,2183,722,1584,599,26427,3133442,3790,2183,0,0,False
2026-08-26,bo,10,10,5,5,169,2529,4,10,0,0,False
2026-08-26,ca,60020,28884,19067,40953,1305512,76988139,176640,60020,0,0,False
2026-08-26,ckb,1001,316,757,244,9083,381244,697,1001,0,0,False
2026-08-26,cs,16697,9075,7243,9454,586079,23184592,46750,16696,1,0,False
2026-08-26,cy,9704,9207,4401,5303,446555,16075965,35117,9704,0,0,False
2026-08-26,da,12684,10776,5405,7279,637212,46489759,56872,12684,0,0,False
2026-08-26,de,112473,38582,44012,68461,3575402,133265293,439592,112473,0,0,False
2026-08-26,dv,1385,317,771,614,3701,625978,2866,1385,0,0,False
2026-08-26,el,35251,6007,14385,20866,370834,20800961,62146,35248,3,0,False
2026-08-26,en,9273372,1873669,3239218,6034154,413613920,21984211857,42884641,9273267,105,0,False
2026-08-26,es,1858904,435209,713270,1145634,77310053,3273896629,9462340,1858889,15,0,False
2026-08-26,et,53244,40408,20443,32801,1971041,79565595,229225,53244,0,0,False
2026-08-26,eu,13020,11984,5244,7776,422428,13681535,46282,13020,0,0,False
2026-08-26,fa,112207,27595,55088,57119,4213079,123449555,250851,112205,2,0,False
2026-08-26,fi,18184,10955,8189,9995,621025,25822107,47796,18184,0,0,False
2026-08-26,fr,496080,136123,207591,288489,16693027,1276981699,1778958,496078,2,0,False
2026-08-26,gu,1167,392,794,373,13427,882475,3166,1167,0,0,False
2026-08-26,hi,169624,44635,58589,111035,5300026,295701595,1213006,169591,33,0,False
2026-08-26,ht,34736,28871,17786,16950,1033287,46065168,100788,34736,0,0,False
2026-08-26,hu,5566,4746,3005,2561,156497,5057683,13984,5566,0,0,False
2026-08-26,hy,217,68,200,17,618,44568,56,217,0,0,False
2026-08-26,in,478459,169839,236102,242357,18268590,860438059,3086545,478459,0,0,False
2026-08-26,is,2636,2352,1458,1178,57466,2723597,6088,2631,5,0,False
2026-08-26,it,120962,45214,60703,60259,2833097,167433899,266439,120955,7,0,False
2026-08-26,iw,23187,5766,12325,10862,735449,35500950,53712,23187,0,0,False
2026-08-26,ja,6107020,1226091,3199738,2907282,177813963,15337537603,19043783,6106893,127,0,False
2026-08-26,ka,140,121,56,84,2447,48221,559,140,0,0,False
2026-08-26,km,129,56,102,27,1646,140603,92,129,0,0,False
2026-08-26,kn,2778,996,1505,1273,67661,2901379,9246,2778,0,0,False
2026-08-26,ko,723748,168607,346325,377423,20128347,1425170450,4317104,723731,17,0,False
2026-08-26,lo,23,19,19,4,558,32555,30,23,0,0,False
2026-08-26,lt,6911,6656,2972,3939,223064,11195992,21868,6904,7,0,False
2026-08-26,lv,6734,4286,3246,3488,210128,10856408,15939,6731,3,0,False
2026-08-26,ml,4482,1871,2409,2073,117001,3867635,12336,4475,7,0,False
2026-08-26,mr,9284,3079,3515,5769,166638,5966526,42313,9274,10,0,False
2026-08-26,my,2385,550,1172,1213,8356,330850,2375,2380,5,0,False
2026-08-26,ne,10499,4901,4030,6469,317928,90620196,60707,10487,12,0,False
2026-08-26,nl,47132,21042,21192,25940,1041187,51365444,144557,47132,0,0,False
2026-08-26,no,9430,7428,5031,4399,285207,15563766,25572,9430,0,0,False
2026-08-26,or,1060,277,760,300,17166,816133,2222,1060,0,0,False
2026-08-26,pa,731,290,423,308,10966,491827,3954,731,0,0,False
2026-08-26,pl,113037,31397,38747,74290,3187062,177880734,368850,113037,0,0,False
2026-08-26,ps,4177,1144,2910,1267,60636,3863495,7704,4177,0,0,False
2026-08-26,pt,1196749,279252,536070,660679,56817552,2237845038,5689200,1196745,4,0,False
2026-08-26,qam,21117,12832,11218,9899,48668,3053144,3937,21115,2,0,False
2026-08-26,qct,683,520,567,116,3521,334190,311,683,0,0,False
2026-08-26,qht,33958,24108,25419,8539,221223,12355606,29297,33958,0,0,False
2026-08-26,qme,364266,273122,97000,267266,15635410,408693268,1646930,364262,4,0,False
2026-08-26,qst,55136,46026,49227,5909,368547,32306208,26371,55136,0,0,False
2026-08-26,ro,16954,14158,6196,10758,636868,27719046,65429,16951,3,0,False
2026-08-26,ru,55818,15635,36063,19755,1573491,64328066,93039,55812,6,0,False
2026-08-26,sd,372,228,186,186,1384,44331,460,372,0,0,False
2026-08-26,si,417,148,309,108,5919,190759,424,417,0,0,False
2026-08-26,sl,9098,4311,3528,5570,184904,6011433,25705,9098,0,0,False
2026-08-26,sr,6306,2189,3140,3166,94489,3037440,13841,6306,0,0,False
2026-08-26,sv,19652,9331,8632,11020,541438,33629855,53133,19652,0,0,False
2026-08-26,ta,44479,8187,11746,32733,933578,44888289,242670,44455,24,0,False
2026-08-26,te,11854,3496,4261,7593,350563,19090457,61457,11848,6,0,False
2026-08-26,th,699637,89646,135061,564576,15030276,813898368,9956749,699534,103,0,False
2026-08-26,tl,141342,82990,62923,78419,4716407,204096795,578359,141342,0,0,False
2026-08-26,tr,547825,128701,281599,266226,41059814,3003715791,2331361,547806,19,0,False
2026-08-26,ug,5,3,5,0,40,1586,21,5,0,0,False
2026-08-26,uk,16014,4692,8612,7402,449573,15889950,39815,16014,0,0,False
2026-08-26,und,251794,177353,95433,156361,8799140,296287349,1488789,251780,14,0,False
2026-08-26,ur,83463,13414,29520,53943,2483316,76548285,776983,83444,19,0,False
2026-08-26,vi,14612,6833,8891,5721,404623,37122148,46625,14607,5,0,False
2026-08-26,zh,101364,45394,59229,42135,3394608,586581871,309731,101364,0,0,False
2026-08-26,zxx,904745,538990,324733,580012,52313025,1769080679,5438468,904736,9,0,False
2026-08-27,<ALL>,23525021,3986768,10218629,13306392,977206305,57094939859,115096760,23524132,889,0,False
2026-08-27,<NULL>,2,2,2,0,6,0,0,2,0,0,False
2026-08-27,am,1029,386,608,421,7651,574553,2702,1029,0,0,False
2026-08-27,ar,474529,112401,283172,191357,13373293,1921132777,1452969,474523,6,0,False
2026-08-27,art,103174,78464,86840,16334,959441,76608007,79538,103171,3,0,False
2026-08-27,bg,1509,807,1076,433,20608,566130,1572,1509,0,0,False
2026-08-27,bn,1932,669,1431,501,24548,1474042,3134,1932,0,0,False
2026-08-27,bo,26,22,15,11,1305,56228,112,26,0,0,False
2026-08-27,ca,59273,28756,19759,39514,1913006,78304211,255461,59273,0,0,False
2026-08-27,ckb,951,325,752,199,8088,532413,421,951,0,0,False
2026-08-27,cs,15364,7928,7555,7809,521255,26369213,35504,15364,0,0,False
2026-08-27,cy,9964,9460,4208,5756,457769,25460534,42568,9964,0,0,False
2026-08-27,da,12817,10921,5390,7427,573613,24896604,51561,12817,0,0,False
2026-08-27,de,102575,38006,42409,60166,3407995,147240916,412627,102575,0,0,False
2026-08-27,dv,1447,313,743,704,4071,619063,3231,1447,0,0,False
2026-08-27,el,35391,6214,15129,20262,404617,20508139,64295,35386,5,0,False
2026-08-27,en,8515998,1835210,3120092,5395906,408111521,21823916179,42407247,8515798,200,0,False
2026-08-27,es,1866396,442000,733323,1133073,85154484,3332960155,9948162,1866367,29,0,False
2026-08-27,et,47482,38034,18421,29061,1962234,81316915,279744,47476,6,0,False
2026-08-27,eu,11482,10436,5072,6410,480583,20332378,49104,11482,0,0,False
2026-08-27,fa,111962,27797,54744,57218,4662484,135197967,267582,111960,2,0,False
2026-08-27,fi,18135,10817,8134,10001,596160,24157940,49985,18135,0,0,False
2026-08-27,fr,505388,142301,211412,293976,18547354,1273805628,2074667,505370,18,0,False
2026-08-27,gu,1331,396,898,433,17608,1298886,3891,1331,0,0,False
2026-08-27,hi,143814,41126,51524,92290,4799725,240934348,1153687,143771,43,0,False
2026-08-27,ht,35422,30032,17143,18279,1270325,60371099,146941,35422,0,0,False
2026-08-27,hu,5492,4664,3081,2411,263085,11536518,21642,5492,0,0,False
2026-08-27,hy,234,60,219,15,615,41699,51,234,0,0,False
2026-08-27,in,463803,164049,217554,246249,18392421,853208504,3114825,463796,7,0,False
2026-08-27,is,2515,2173,1492,1023,93768,2872851,6337,2510,5,0,False
2026-08-27,it,114545,43607,59434,55111,3391192,176696847,290459,114543,2,0,False
2026-08-27,iw,23814,5697,12971,10843,818638,37122843,61313,23814,0,0,False
2026-08-27,ja,5737486,1213440,3089202,2648284,176533299,15051760340,19068536,5737278,208,0,False
2026-08-27,ka,94,70,53,41,2036,53850,150,94,0,0,False
2026-08-27,km,149,55,121,28,1554,137918,336,148,1,0,False
2026-08-27,kn,2522,945,1280,1242,61084,2646041,8632,2522,0,0,False
2026-08-27,ko,663515,163825,323170,340345,20500967,1453091110,4495307,663507,8,0,False
2026-08-27,lo,33,30,22,11,479,51604,34,33,0,0,False
2026-08-27,lt,6043,5830,2729,3314,252239,9208794,22071,6040,3,0,False
2026-08-27,lv,6577,4232,3360,3217,436921,11967148,22859,6574,3,0,False
2026-08-27,ml,2460,829,1671,789,46025,3642440,3037,2454,6,0,False
2026-08-27,mr,8488,2769,3370,5118,173150,7274729,44117,8474,14,0,False
2026-08-27,my,1396,437,880,516,7380,442434,1654,1391,5,0,False
2026-08-27,ne,8991,4720,3087,5904,238377,33306801,35872,8971,20,0,False
2026-08-27,nl,47330,21367,22092,25238,1191550,59040882,152281,47330,0,0,False
2026-08-27,no,9981,7734,5065,4916,387579,18708113,34293,9981,0,0,False
2026-08-27,or,882,283,638,244,19197,873738,2416,882,0,0,False
2026-08-27,pa,711,314,345,366,11489,454632,3557,711,0,0,False
2026-08-27,pl,106679,31613,41029,65650,3665156,183608384,421428,106679,0,0,False
2026-08-27,ps,3467,992,2378,1089,54554,3297949,6486,3467,0,0,False
2026-08-27,pt,1125337,275007,522047,603290,55655214,2188537924,5491501,1125334,3,0,False
2026-08-27,qam,19555,12187,10516,9039,22889,3309885,2249,19550,5,0,False
2026-08-27,qct,732,562,593,139,4431,372749,411,732,0,0,False
2026-08-27,qht,30532,22119,23064,7468,237921,10934307,34066,30532,0,0,False
2026-08-27,qme,326380,248343,92977,233403,14960147,450761229,1510018,326357,23,0,False
2026-08-27,qst,51291,43447,45934,5357,577762,44891164,35757,51291,0,0,False
2026-08-27,ro,15801,13400,6440,9361,601266,34300360,58490,15793,8,0,False
2026-08-27,ru,51849,15463,33564,18285,1644338,66339158,99039,51842,7,0,False
2026-08-27,sd,326,206,137,189,989,27199,316,326,0,0,False
2026-08-27,si,294,107,229,65,2056,230406,177,294,0,0,False
2026-08-27,sl,8996,4361,3745,5251,234634,8050154,28719,8996,0,0,False
2026-08-27,sr,8195,2882,4016,4179,238889,7453423,21294,8195,0,0,False
2026-08-27,sv,19552,9692,9016,10536,667116,36709202,70178,19552,0,0,False
2026-08-27,ta,39739,7898,11242,28497,1062827,43904995,253293,39719,20,0,False
2026-08-27,te,10673,3320,4080,6593,340549,19738852,56582,10665,8,0,False
2026-08-27,th,587056,86667,123514,463542,14430564,788379267,9860955,586901,155,0,False
2026-08-27,tl,124710,78143,56953,67757,4513438,168235449,616787,124710,0,0,False
2026-08-27,tr,517688,125353,275466,242222,38470741,3058259254,2024949,517671,17,0,False
2026-08-27,ug,9,7,6,3,162,2687,20,9,0,0,False
2026-08-27,uk,15444,4626,8609,6835,532287,20095754,39705,15444,0,0,False
2026-08-27,und,250415,172121,97051,153364,10114831,341717495,1713166,250387,28,0,False
2026-08-27,ur,63870,11583,23497,40373,2020058,64441200,623397,63863,7,0,False
2026-08-27,vi,13190,6574,8016,5174,408369,48217403,53481,13188,2,0,False
2026-08-27,zh,99063,44230,60054,39009,4258480,741134840,318969,99063,0,0,False
2026-08-27,zxx,849724,516025,312768,536956,52383848,1709215009,5578843,849712,12,0,False
2026-08-28,<ALL>,27497512,4147139,11023358,16474154,947978449,54521586876,113674684,27495715,1797,0,False
2026-08-28,<NULL>,1,1,1,0,9,0,1,1,0,0,False
2026-08-28,am,1094,367,578,516,7262,713156,2686,1094,0,0,False
2026-08-28,ar,549615,122625,312906,236709,13476105,1874066797,1556622,549584,31,0,False
2026-08-28,art,115493,85500,95378,20115,984473,75650703,93281,115491,2,0,False
2026-08-28,bg,1676,818,1098,578,22629,737683,1722,1676,0,0,False
2026-08-28,bn,2367,759,1758,609,30922,1647702,4084,2367,0,0,False
2026-08-28,bo,31,29,9,22,402,6995,36,31,0,0,False
2026-08-28,ca,60089,29939,18380,41709,1138461,58648729,152322,60089,0,0,False
2026-08-28,ckb,848,303,625,223,8540,449605,471,848,0,0,False
2026-08-28,cs,15945,8068,7340,8605,482651,22190960,34957,15945,0,0,False
2026-08-28,cy,10490,9819,4361,6129,348334,9460326,32010,10490,0,0,False
2026-08-28,da,16014,13696,6241,9773,727654,91176882,52547,16014,0,0,False
2026-08-28,de,127201,46959,47164,80037,3905259,164062852,472237,127201,0,0,False
2026-08-28,dv,1175,266,559,616,1968,451488,1374,1175,0,0,False
2026-08-28,el,39921,6570,15269,24652,399087,20796472,64925,39916,5,0,False
2026-08-28,en,9926798,1923810,3293817,6632981,396714272,20240479921,41726964,9926314,484,0,False
2026-08-28,es,2000373,456838,712061,1288312,69751430,2935108695,8919295,2000299,74,0,False
2026-08-28,et,56676,44266,19911,36765,1686211,62779420,262983,56669,7,0,False
2026-08-28,eu,14126,12820,5375,8751,485861,14794986,51165,14126,0,0,False
2026-08-28,fa,123918,28685,56500,67418,4220601,129008387,249181,123916,2,0,False
2026-08-28,fi,18856,11417,8421,10435,646906,30370101,46127,18856,0,0,False
2026-08-28,fr,549831,151866,207199,342632,16483682,1135581589,1736818,549811,20,0,False
2026-08-28,gu,1333,407,840,493,15012,987985,2723,1333,0,0,False
2026-08-28,hi,168847,44818,55265,113582,4484052,263079313,1000251,168811,36,0,False
2026-08-28,ht,37393,32096,17865,19528,1015644,44473445,99549,37393,0,0,False
2026-08-28,hu,6659,5799,3212,3447,200366,7426588,18667,6659,0,0,False
2026-08-28,hy,180,53,172,8,572,38865,50,180,0,0,False
2026-08-28,in,519085,183219,247102,271983,17575323,818587098,2829142,519060,25,0,False
2026-08-28,is,3045,2731,1511,1534,78194,2771331,7499,3041,4,0,False
2026-08-28,it,133072,48901,64416,68656,3241270,168352081,300714,133072,0,0,False
2026-08-28,iw,20987,5475,9777,11210,619992,28812430,43192,20987,0,0,False
2026-08-28,ja,6810938,1298370,3468034,3342904,183088811,15501457147,20046242,6810497,441,0,False
2026-08-28,ka,121,102,49,72,2573,43172,373,121,0,0,False
2026-08-28,km,188,56,146,42,3213,190708,318,187,1,0,False
2026-08-28,kn,3358,1143,1752,1606,83995,3327886,10983,3358,0,0,False
2026-08-28,ko,798241,181464,361120,437121,21362430,1457000771,4627568,798172,69,0,False
2026-08-28,lo,33,29,20,13,902,47634,24,33,0,0,False
2026-08-28,lt,6519,6275,2884,3635,231084,6542425,22528,6517,2,0,False
2026-08-28,lv,7934,5345,3391,4543,140192,5586154,14850,7933,1,0,False
2026-08-28,ml,3106,962,1968,1138,62455,3863131,5602,3103,3,0,False
2026-08-28,mr,10263,3336,3575,6688,203116,7163692,47000,10236,27,0,False
2026-08-28,my,2146,548,1104,1042,7411,295847,2261,2146,0,0,False
2026-08-28,ne,8649,3593,3616,5033,117266,10257698,20693,8633,16,0,False
2026-08-28,nl,53840,23978,22813,31027,1050792,59571896,144313,53840,0,0,False
2026-08-28,no,12930,10536,5344,7586,453480,16970778,45249,12930,0,0,False
2026-08-28,or,1005,292,729,276,17875,944447,2203,1005,0,0,False
2026-08-28,pa,868,323,448,420,9598,422545,2857,868,0,0,False
2026-08-28,pl,126937,35109,42794,84143,3450476,193248225,417149,126937,0,0,False
2026-08-28,ps,3264,961,2154,1110,48598,3061442,5764,3264,0,0,False
2026-08-28,pt,1351780,298042,567527,784253,57247740,2102871557,5954972,1351771,9,0,False
2026-08-28,qam,21937,13576,10648,11289,13274,2582599,1723,21928,9,0,False
2026-08-28,qct,650,507,509,141,2712,258216,291,650,0,0,False
2026-08-28,qht,34947,25296,25565,9382,210857,10091096,34542,34937,10,0,False
2026-08-28,qme,396338,290991,102898,293440,15220331,432628453,1619714,396316,22,0,False
2026-08-28,qst,56148,46722,48586,7562,591441,32561697,33144,56148,0,0,False
2026-08-28,ro,16431,13870,6363,10068,512057,24082424,48374,16415,16,0,False
2026-08-28,ru,58511,16660,37013,21498,1672023,59550870,91818,58497,14,0,False
2026-08-28,sd,473,261,223,250,1659,46783,459,473,0,0,False
2026-08-28,si,370,102,271,99,1714,112068,148,370,0,0,False
2026-08-28,sl,10223,4828,3869,6354,271555,9849252,30577,10223,0,0,False
2026-08-28,sr,7909,2785,3420,4489,151723,5007132,16438,7909,0,0,False
2026-08-28,sv,23347,10907,9676,13671,618413,34634927,63981,23347,0,0,False
2026-08-28,ta,51030,8951,12931,38099,1089067,50659269,262599,50991,39,0,False
2026-08-28,te,14225,4108,4606,9619,464793,21097631,76426,14208,17,0,False
2026-08-28,th,815407,95061,148381,667026,14994145,737578783,9769697,815162,245,0,False
2026-08-28,tl,166762,93737,67436,99326,4610316,163643280,714966,166755,7,0,False
2026-08-28,tr,571581,132030,284307,287274,35490932,2773790949,1976943,571542,39,0,False
2026-08-28,ug,7,7,2,5,43,977,1,7,0,0,False
2026-08-28,uk,19284,5132,9735,9549,453320,16665440,43323,19284,0,0,False
2026-08-28,und,298288,198891,100319,197969,9453902,354805614,1531853,298225,63,0,False
2026-08-28,ur,76934,12894,25094,51840,2224778,75927463,662873,76925,9,0,False
2026-08-28,vi,16003,7430,9373,6630,397226,33019512,61905,15999,4,0,False
2026-08-28,zh,110678,48933,62505,48173,3572772,560526038,292291,110667,11,0,False
2026-08-28,zxx,1004770,580472,345049,659721,49624245,1546886663,5206054,1004737,33,0,False
2026-08-29,<ALL>,22965648,4102010,9979269,12986379,904585527,49591096230,110489650,22903229,62419,0,False
2026-08-29,<NULL>,5,5,5,0,55,0,3,5,0,0,False
2026-08-29,am,845,368,462,383,5011,469201,1809,845,0,0,False
2026-08-29,ar,469688,119076,277593,192095,12919671,1807835737,1444619,465760,3928,0,False
2026-08-29,art,96730,73390,81997,14733,740063,75888889,74117,96729,1,0,False
2026-08-29,bg,1371,722,923,448,22015,591834,1638,1371,0,0,False
2026-08-29,bn,2049,729,1466,583,26055,1504538,3696,2009,40,0,False
2026-08-29,bo,21,21,9,12,160,5336,9,21,0,0,False
2026-08-29,ca,44024,24539,15259,28765,1020317,54176217,139320,43684,340,0,False
2026-08-29,ckb,661,274,547,114,7912,321974,411,657,4,0,False
2026-08-29,cs,13932,8371,6039,7893,473154,19206194,47570,13872,60,0,False
2026-08-29,cy,8891,8408,4212,4679,391529,12112446,28881,8878,13,0,False
2026-08-29,da,11275,9938,4738,6537,549035,18149626,38548,11259,16,0,False
2026-08-29,de,104107,40331,41544,62563,3608473,132404935,448871,103406,701,0,False
2026-08-29,dv,1058,320,463,595,2575,542027,1773,1058,0,0,False
2026-08-29,el,28468,6128,11012,17456,301207,17025782,54765,28336,132,0,False
2026-08-29,en,8086757,1849723,2900268,5186489,367899052,18326851900,39295118,8066991,19766,0,False
2026-08-29,es,1593847,423669,591182,1002665,63687437,2569975207,7999805,1585949,7898,0,False
2026-08-29,et,53559,41629,19334,34225,1981861,64791528,344854,53439,120,0,False
2026-08-29,eu,10983,10016,4879,6104,437150,20632488,57482,10956,27,0,False
2026-08-29,fa,116546,29543,56814,59732,4762606,133695026,256599,115250,1296,0,False
2026-08-29,fi,16296,10214,7523,8773,593104,24582726,52147,16284,12,0,False
2026-08-29,fr,413735,131473,169804,243931,14040803,1008800445,1487427,410530,3205,0,False
2026-08-29,gu,1198,407,797,401,16304,1249517,2850,1198,0,0,False
2026-08-29,hi,151646,42627,52831,98815,4309565,231454060,1011544,150919,727,0,False
2026-08-29,ht,32293,28060,15456,16837,1089225,55986471,99530,32210,83,0,False
2026-08-29,hu,6094,5299,3155,2939,185611,7459251,22339,6079,15,0,False
2026-08-29,hy,162,64,143,19,403,24467,38,162,0,0,False
2026-08-29,in,427198,170266,215943,211255,15828273,723763510,2403516,425269,1929,0,False
2026-08-29,is,3259,2995,1369,1890,104559,3192284,12347,3255,4,0,False
2026-08-29,it,111629,43513,55793,55836,3051750,169780426,303491,110934,695,0,False
2026-08-29,iw,18391,5204,9019,9372,620666,27514125,47529,18020,371,0,False
2026-08-29,ja,6069238,1306227,3406529,2662709,177164554,13802343649,17779999,6063199,6039,0,False
2026-08-29,ka,175,160,52,123,4651,56721,707,175,0,0,False
2026-08-29,km,98,52,73,25,5920,150798,238,98,0,0,False
2026-08-29,kn,2430,964,1262,1168,60242,2427507,8257,2430,0,0,False
2026-08-29,ko,633992,171075,302107,331885,21066712,1445000989,4322975,632679,1313,0,False
2026-08-29,lo,416,354,30,386,3984,155613,2698,416,0,0,False
2026-08-29,lt,6248,6028,2913,3335,314615,8167249,33178,6245,3,0,False
2026-08-29,lv,5460,3918,2656,2804,144877,10108846,13348,5419,41,0,False
2026-08-29,ml,2214,790,1372,842,33265,1960030,2970,2210,4,0,False
2026-08-29,mr,8944,2960,3168,5776,155514,6785374,33669,8845,99,0,False
2026-08-29,my,4517,961,2611,1906,18511,541778,6684,4514,3,0,False
2026-08-29,ne,6365,2574,2952,3413,101860,9755820,18161,6340,25,0,False
2026-08-29,nl,43040,20555,19688,23352,876087,51318427,136272,42677,363,0,False
2026-08-29,no,10776,9120,5028,5748,383798,22884533,33243,10648,128,0,False
2026-08-29,or,896,280,621,275,16240,871057,1905,876,20,0,False
2026-08-29,pa,751,335,371,380,10665,1598995,3297,751,0,0,False
2026-08-29,pl,99588,31028,35962,63626,2920913,148773838,347576,98908,680,0,False
2026-08-29,ps,4006,1121,2623,1383,46950,5110917,5577,3907,99,0,False
2026-08-29,pt,1065177,277355,459855,605322,54560139,1882463846,5959984,1061361,3816,0,False
2026-08-29,qam,19134,11997,10628,8506,20330,2336814,2409,19127,7,0,False
2026-08-29,qct,580,429,451,129,3338,256897,377,580,0,0,False
2026-08-29,qht,31540,23292,23935,7605,183022,9555902,29473,31535,5,0,False
2026-08-29,qme,340636,260809,96841,243795,14687045,389755612,1565388,340484,152,0,False
2026-08-29,qst,47695,40074,41723,5972,335786,35671701,26191,47653,42,0,False
2026-08-29,ro,13749,11978,5346,8403,430209,19044620,43137,13690,59,0,False
2026-08-29,ru,46514,15051,29525,16989,1388364,50792944,93101,46136,378,0,False
2026-08-29,sd,469,252,199,270,1873,49518,748,469,0,0,False
2026-08-29,si,378,128,251,127,2428,133652,219,378,0,0,False
2026-08-29,sl,8014,4219,3141,4873,214967,5901114,31273,7984,30,0,False
2026-08-29,sr,7031,2687,3046,3985,152178,4432580,18953,6940,91,0,False
2026-08-29,sv,18767,9638,8465,10302,573129,36674862,74096,18617,150,0,False
2026-08-29,ta,39213,8347,10834,28379,789133,37774659,191752,39142,71,0,False
2026-08-29,te,15679,5401,4739,10940,470781,19050182,71573,15650,29,0,False
2026-08-29,th,624083,99139,130086,493997,18817982,727654802,12115930,622307,1776,0,False
2026-08-29,tl,142246,83337,60379,81867,4763241,180716631,801785,141693,553,0,False
2026-08-29,tr,500944,128381,257038,243906,36571174,2706768966,2163942,497898,3046,0,False
2026-08-29,ug,4,4,4,0,23,966,2,4,0,0,False
2026-08-29,uk,16797,4976,8028,8769,504915,14354840,50317,16671,126,0,False
2026-08-29,und,268702,179920,92436,176266,10915420,301604746,2463370,268270,432,0,False
2026-08-29,ur,65733,12884,22163,43570,1829198,60511851,519055,64889,844,0,False
2026-08-29,vi,15642,7006,9709,5933,401968,49781427,75684,15223,419,0,False
2026-08-29,zh,96259,43633,55278,40981,3064751,450137821,277240,96173,86,0,False
2026-08-29,zxx,854790,528489,304572,550218,51899174,1577668969,5480251,854683,107,0,False
2026-08-30,<ALL>,23713430,4075627,10242226,13471204,901359968,47825580375,105202448,23566768,146662,0,False
2026-08-30,<NULL>,3,3,3,0,18,0,2,3,0,0,False
2026-08-30,am,871,349,486,385,5822,405662,1750,871,0,0,False
2026-08-30,ar,509275,125727,297479,211796,12799790,1689340044,1595531,500578,8697,0,False
2026-08-30,art,97407,73210,83500,13907,704517,46561714,62067,97407,0,0,False
2026-08-30,bg,1338,739,874,464,15835,571021,1435,1306,32,0,False
2026-08-30,bn,1900,793,1289,611,24020,1633856,3923,1900,0,0,False
2026-08-30,bo,11,9,7,4,157,3721,5,11,0,0,False
2026-08-30,ca,49609,25795,16427,33182,1219616,56744015,167480,48869,740,0,False
2026-08-30,ckb,791,311,616,175,6901,269929,238,778,13,0,False
2026-08-30,cs,14076,7979,6407,7669,511218,22488863,33907,13965,111,0,False
2026-08-30,cy,9831,9268,4343,5488,515186,16503807,38104,9831,0,0,False
2026-08-30,da,12225,10474,5429,6796,504844,17713688,47992,12184,41,0,False
2026-08-30,de,106761,41418,42422,64339,3197762,116017769,365649,105457,1304,0,False
2026-08-30,dv,1953,370,850,1103,6506,628442,5677,1953,0,0,False
2026-08-30,el,32154,6390,13020,19134,333286,16997631,53244,31760,394,0,False
2026-08-30,en,8281212,1836916,2954049,5327163,371961178,17693707084,37926138,8232886,48326,0,False
2026-08-30,es,1552974,416901,589557,963417,60552927,2498169278,7071529,1535974,17000,0,False
2026-08-30,et,51327,41254,19139,32188,1806344,66670041,247606,51155,172,0,False
2026-08-30,eu,11675,10818,5082,6593,502656,10979168,48769,11675,0,0,False
2026-08-30,fa,123975,30013,60759,63216,4474129,116592344,265443,120739,3236,0,False
2026-08-30,fi,15748,10112,6937,8811,630928,20580162,45498,15706,42,0,False
2026-08-30,fr,452755,138483,183148,269607,15803204,1095018454,1637484,446550,6205,0,False
2026-08-30,gu,1111,383,676,435,12749,918146,3216,1098,13,0,False
2026-08-30,hi,156575,42400,53107,103468,4111831,174922474,1194540,155563,1012,0,False
2026-08-30,ht,32597,27470,16985,15612,1134868,44264832,104746,32435,162,0,False
2026-08-30,hu,6404,5557,2831,3573,240954,8308860,31490,6369,35,0,False
2026-08-30,hy,116,46,107,9,247,14529,8,116,0,0,False
2026-08-30,in,432901,168139,218904,213997,15523443,663256899,2407016,427734,5167,0,False
2026-08-30,is,5368,4968,1579,3789,298681,14464571,28065,5367,1,0,False
2026-08-30,it,114530,46006,57220,57310,2909947,150916297,274691,112927,1603,0,False
2026-08-30,iw,23884,6025,11823,12061,743932,55241322,55625,23269,615,0,False
2026-08-30,ja,6365576,1308659,3518748,2846828,186038576,13634354721,18233597,6348584,16992,0,False
2026-08-30,ka,358,336,51,307,19149,247491,2993,358,0,0,False
2026-08-30,km,88,45,75,13,3641,241050,223,85,3,0,False
2026-08-30,kn,2308,927,1132,1176,51986,2064346,6769,2297,11,0,False
2026-08-30,ko,669607,173902,311564,358043,20373489,1209613495,4303224,665651,3956,0,False
2026-08-30,lo,1610,916,53,1557,79633,883872,52851,1610,0,0,False
2026-08-30,lt,5874,5644,2547,3327,199596,9489483,17886,5856,18,0,False
2026-08-30,lv,5894,4139,2842,3052,218319,21268086,14789,5857,37,0,False
2026-08-30,ml,2430,847,1586,844,44413,2154047,3220,2429,1,0,False
2026-08-30,mr,8165,2821,2879,5286,149020,6035102,38091,8120,45,0,False
2026-08-30,my,5294,938,2960,2334,20107,621534,7495,5294,0,0,False
2026-08-30,ne,6268,2254,3174,3094,62752,6302209,10732,6193,75,0,False
2026-08-30,nl,47376,22558,21550,25826,1034359,77475364,133931,46770,606,0,False
2026-08-30,no,10097,8314,4982,5115,366224,12545988,36639,9937,160,0,False
2026-08-30,or,775,260,555,220,13334,659401,1633,775,0,0,False
2026-08-30,pa,709,290,407,302,7004,308024,2392,709,0,0,False
2026-08-30,pl,103572,31429,38992,64580,2994428,153068432,334624,101858,1714,0,False
2026-08-30,ps,4667,1187,3248,1419,54263,2893089,7688,4598,69,0,False
2026-08-30,pt,1102076,286326,496374,605702,52784894,1847242702,5321454,1091725,10351,0,False
2026-08-30,qam,18738,11279,9934,8804,21751,3795574,2456,18721,17,0,False
2026-08-30,qct,543,404,405,138,2225,140906,279,543,0,0,False
2026-08-30,qht,33561,24005,25506,8055,186507,8321030,34010,33536,25,0,False
2026-08-30,qme,362150,274610,99495,262655,14981125,374590839,1655266,361974,176,0,False
2026-08-30,qst,47240,39826,42203,5037,282201,23012738,18122,47201,39,0,False
2026-08-30,ro,13093,11403,5426,7667,552529,22087175,47350,13023,70,0,False
2026-08-30,ru,47764,15262,29490,18274,1277225,47530777,76101,47226,538,0,False
2026-08-30,sd,649,287,281,368,2456,54266,1185,649,0,0,False
2026-08-30,si,351,104,265,86,1998,101781,141,351,0,0,False
2026-08-30,sl,8277,4418,2952,5325,191501,4575090,23999,8223,54,0,False
2026-08-30,sr,6655,2484,2808,3847,116500,3483848,15057,6573,82,0,False
2026-08-30,sv,19599,9141,9238,10361,598710,37226699,52013,19390,209,0,False
2026-08-30,ta,36162,8024,9741,26421,740287,36163735,167881,36072,90,0,False
2026-08-30,te,11646,4060,3565,8081,331571,18100026,51672,11637,9,0,False
2026-08-30,th,667066,99204,126263,540803,15192597,690525234,10850321,663428,3638,0,False
2026-08-30,tl,140693,82900,60538,80155,4199277,151832781,584960,139653,1040,0,False
2026-08-30,tr,524037,129118,256627,267410,33997262,2513132102,2024228,516431,7606,0,False
2026-08-30,ug,8,8,5,3,25,1073,4,8,0,0,False
2026-08-30,uk,14982,5168,7244,7738,364606,12401430,31911,14804,178,0,False
2026-08-30,und,253433,177866,88091,165342,9179444,256753754,1473699,252085,1348,0,False
2026-08-30,ur,66926,12432,23127,43799,1703527,61975093,463647,65400,1526,0,False
2026-08-30,vi,14406,6361,9243,5163,602296,69638281,43317,13678,728,0,False
2026-08-30,zh,94537,43196,53091,41446,2804956,390744269,242935,94365,172,0,False
2026-08-30,zxx,886813,540978,307914,578899,48960709,1512018815,5092795,886655,158,0,False
2026-08-31,<ALL>,19049099,3462402,8059066,10990033,665106854,35111717281,83301154,18954355,94744,0,False
2026-08-31,<NULL>,7,6,7,0,448,0,34,7,0,0,False
2026-08-31,am,671,299,397,274,3851,343773,1158,671,0,0,False
2026-08-31,ar,380897,100274,225529,155368,8828630,1117910689,1109966,374854,6043,0,False
2026-08-31,art,80999,61231,69730,11269,505246,34215429,45958,80999,0,0,False
2026-08-31,bg,1057,591,800,257,12022,380503,873,1057,0,0,False
2026-08-31,bn,1608,636,1132,476,18339,960200,2232,1608,0,0,False
2026-08-31,bo,15,15,4,11,813,7934,135,15,0,0,False
2026-08-31,ca,39520,21334,13830,25690,906643,33079063,110812,39223,297,0,False
2026-08-31,ckb,605,259,476,129,3926,153915,222,605,0,0,False
2026-08-31,cs,12317,6353,5915,6402,460387,17521878,35548,12254,63,0,False
2026-08-31,cy,7712,7352,3159,4553,275434,10441829,27777,7712,0,0,False
2026-08-31,da,11080,9512,4463,6617,317754,16153496,32109,11018,62,0,False
2026-08-31,de,85013,31597,34339,50674,2444819,91552949,315125,84105,908,0,False
2026-08-31,dv,1704,333,672,1032,6397,574095,5604,1704,0,0,False
2026-08-31,el,26368,5227,11033,15335,249969,12055497,41901,26241,127,0,False
2026-08-31,en,6856658,1570324,2429898,4426760,283726753,13668251802,30911393,6824805,31853,0,False
2026-08-31,es,1395133,367455,537447,857686,56848312,2024390630,7096464,1383737,11396,0,False
2026-08-31,et,37392,30660,14451,22941,1452684,50348033,185882,37272,120,0,False
2026-08-31,eu,9046,8300,3828,5218,273661,7338314,33696,9029,17,0,False
2026-08-31,fa,91017,23705,46494,44523,2487506,64343549,148873,88452,2565,0,False
2026-08-31,fi,12413,7840,5867,6546,355164,14203667,28093,12358,55,0,False
2026-08-31,fr,368244,116332,150583,217661,11247932,732402077,1263468,364439,3805,0,False
2026-08-31,gu,1040,349,734,306,7956,629004,1913,1019,21,0,False
2026-08-31,hi,133210,35602,47266,85944,3074939,147212344,760260,132516,694,0,False
2026-08-31,ht,24958,21557,13015,11943,572311,20494877,55079,24874,84,0,False
2026-08-31,hu,5973,5262,2384,3589,264214,8863467,24607,5973,0,0,False
2026-08-31,hy,125,41,122,3,261,15083,11,125,0,0,False
2026-08-31,in,353697,137766,181462,172235,10952163,460979766,1877772,350056,3641,0,False
2026-08-31,is,2597,2433,1068,1529,93201,2275776,6741,2597,0,0,False
2026-08-31,it,92094,37175,45867,46227,2662983,129526307,241225,91170,924,0,False
2026-08-31,iw,20483,5328,10652,9831,672888,26361529,51111,20210,273,0,False
2026-08-31,ja,4771467,1065829,2522916,2248551,126556379,9844977862,15049088,4761136,10331,0,False
2026-08-31,ka,112,101,41,71,2956,25267,356,112,0,0,False
2026-08-31,km,90,43,67,23,1218,61324,119,90,0,0,False
2026-08-31,kn,1944,765,1027,917,30150,1168108,4241,1921,23,0,False
2026-08-31,ko,561504,150800,260134,301370,13309933,844646749,3145118,558645,2859,0,False
2026-08-31,lo,538,409,15,523,231,6943,34,538,0,0,False
2026-08-31,lt,4378,4205,2101,2277,152783,3851097,14179,4378,0,0,False
2026-08-31,lv,4681,3193,2239,2442,65229,3716208,7889,4679,2,0,False
2026-08-31,ml,1712,636,1102,610,21832,971206,1886,1712,0,0,False
2026-08-31,mr,7900,2657,2869,5031,133414,4468469,30469,7900,0,0,False
2026-08-31,my,2223,526,1192,1031,9035,296882,2488,2206,17,0,False
2026-08-31,ne,5578,2131,2755,2823,64698,5088275,12512,5548,30,0,False
2026-08-31,nl,35947,16168,16680,19267,639457,36661240,85085,35556,391,0,False
2026-08-31,no,9088,7805,3758,5330,302617,9798092,43829,8983,105,0,False
2026-08-31,or,796,223,603,193,9722,608499,1043,781,15,0,False
2026-08-31,pa,712,307,370,342,7630,271159,2034,712,0,0,False
2026-08-31,pl,82711,23851,29037,53674,1981250,101346941,257401,82068,643,0,False
2026-08-31,ps,4376,1085,3157,1219,32672,1740196,4488,4345,31,0,False
2026-08-31,pt,867052,233363,381164,485888,39593504,1207389464,4147201,860096,6956,0,False
2026-08-31,qam,15647,9676,8395,7252,13095,1283309,1521,15647,0,0,False
2026-08-31,qct,492,367,408,84,2135,159227,156,492,0,0,False
2026-08-31,qht,29458,20872,23581,5877,132010,5971674,19022,29441,17,0,False
2026-08-31,qme,291880,220635,78514,213366,10418883,263309337,1108311,291847,33,0,False
2026-08-31,qst,39624,33585,34445,5179,370035,26523099,41061,39624,0,0,False
2026-08-31,ro,11864,10256,4552,7312,594916,28534364,51824,11801,63,0,False
2026-08-31,ru,38726,12534,24642,14084,1154791,37811061,84404,38304,422,0,False
2026-08-31,sd,372,192,172,200,726,27102,206,372,0,0,False
2026-08-31,si,255,95,193,62,836,40418,45,255,0,0,False
2026-08-31,sl,6951,3419,2781,4170,146913,4928173,18630,6931,20,0,False
2026-08-31,sr,4358,1699,2064,2294,67208,2152747,7433,4343,15,0,False
2026-08-31,sv,16267,7595,7540,8727,479245,27959311,48179,16151,116,0,False
2026-08-31,ta,36910,7093,10421,26489,760938,32725466,190328,36848,62,0,False
2026-08-31,te,11756,3401,4074,7682,269727,12890281,47522,11741,15,0,False
2026-08-31,th,584726,85725,115292,469434,10787578,510330750,7751332,582899,1827,0,False
2026-08-31,tl,112733,66221,50765,61968,3302893,116870579,444231,111989,744,0,False
2026-08-31,tr,392192,100629,201054,191138,23744369,1753424830,1393400,387218,4974,0,False
2026-08-31,ug,7,7,6,1,58,1767,2,7,0,0,False
2026-08-31,uk,12904,4013,6821,6083,257260,9621559,25310,12774,130,0,False
2026-08-31,und,187724,138816,67870,119854,5836454,177041794,912403,187000,724,0,False
2026-08-31,ur,53318,10201,19455,33863,1111946,42247146,299578,52493,825,0,False
2026-08-31,vi,13095,6239,7713,5382,324237,38577096,55287,12818,277,0,False
2026-08-31,zh,82139,38472,46399,35740,2369574,344053099,221840,82026,113,0,False
2026-08-31,zxx,689239,424430,248058,441181,31318711,915151636,3353627,689223,16,0,False
2026-09-01,<ALL>,4780189,1336471,2120075,2660114,275373785,18774902579,37156044,4780189,0,0,False
2026-09-01,<NULL>,26,16,25,1,312,0,15,26,0,0,False
2026-09-01,am,179,86,86,93,1367,50910,810,179,0,0,False
2026-09-01,ar,86150,34458,51766,34384,2947542,576944663,488462,86150,0,0,False
2026-09-01,art,20391,16528,17672,2719,206180,12635687,21993,20391,0,0,False
2026-09-01,bg,204,153,154,50,2158,61369,104,204,0,0,False
2026-09-01,bn,439,204,352,87,2482,129346,384,439,0,0,False
2026-09-01,bo,4,4,2,2,5,176,0,4,0,0,False
2026-09-01,ca,8364,5441,3409,4955,327964,16105324,39246,8364,0,0,False
2026-09-01,ckb,152,80,117,35,1885,97546,129,152,0,0,False
2026-09-01,cs,3034,1840,1518,1516,108221,5492546,9243,3034,0,0,False
2026-09-01,cy,1791,1719,839,952,85178,6034197,8660,1791,0,0,False
2026-09-01,da,2876,2556,1167,1709,321776,14348749,32991,2876,0,0,False
2026-09-01,de,19704,9538,8837,10867,1125302,60945889,140335,19704,0,0,False
2026-09-01,dv,495,157,248,247,4047,342046,3478,495,0,0,False
2026-09-01,el,5149,1539,2415,2734,42317,2184630,7567,5149,0,0,False
2026-09-01,en,1732549,576027,660929,1071620,132429665,8530877983,14654631,1732549,0,0,False
2026-09-01,es,340653,122177,132325,208328,19225006,1025893345,2633825,340653,0,0,False
2026-09-01,et,9734,8370,3654,6080,339298,14615012,57931,9734,0,0,False
2026-09-01,eu,1896,1796,881,1015,59789,4446429,10055,1896,0,0,False
2026-09-01,fa,19096,8172,10453,8643,832683,32254492,41589,19096,0,0,False
2026-09-01,fi,3164,2155,1572,1592,137014,6274706,11071,3164,0,0,False
2026-09-01,fr,80819,36593,35308,45511,4479070,416497917,518469,80819,0,0,False
2026-09-01,gu,335,138,238,97,3404,339011,832,335,0,0,False
2026-09-01,hi,38990,12142,15925,23065,1088362,48262312,288446,38990,0,0,False
2026-09-01,ht,5772,5206,3032,2740,282904,7881284,27202,5772,0,0,False
2026-09-01,hu,1083,980,564,519,48678,2025142,4410,1083,0,0,False
2026-09-01,hy,43,17,42,1,37,1776,2,43,0,0,False
2026-09-01,in,93934,42594,48289,45645,4443461,251314698,874062,93934,0,0,False
2026-09-01,is,636,582,283,353,19036,821928,2026,636,0,0,False
2026-09-01,it,19428,10310,10012,9416,735827,62932055,71216,19428,0,0,False
2026-09-01,iw,5129,1880,2737,2392,209003,9021595,17906,5129,0,0,False
2026-09-01,ja,1236689,389475,682477,554212,49416599,4536714150,8033618,1236689,0,0,False
2026-09-01,ka,33,27,10,23,3,789,1,33,0,0,False
2026-09-01,km,40,20,35,5,393,26932,77,40,0,0,False
2026-09-01,kn,559,251,320,239,9468,463964,1647,559,0,0,False
2026-09-01,ko,143329,48671,68419,74910,3981591,347987954,1154331,143329,0,0,False
2026-09-01,lo,37,34,7,30,8,1482,0,37,0,0,False
2026-09-01,lt,1388,1358,527,861,105770,2770661,28788,1388,0,0,False
2026-09-01,lv,1225,776,705,520,14255,1288905,1903,1225,0,0,False
2026-09-01,ml,436,199,342,94,5045,210460,637,436,0,0,False
2026-09-01,mr,2234,908,883,1351,49060,1509785,19869,2234,0,0,False
2026-09-01,my,299,127,230,69,838,33443,210,299,0,0,False
2026-09-01,ne,1444,747,827,617,22630,2329991,4708,1444,0,0,False
2026-09-01,nl,8185,4528,4174,4011,490122,43496857,42504,8185,0,0,False
2026-09-01,no,2165,1928,1058,1107,112410,3270282,9051,2165,0,0,False
2026-09-01,or,216,86,157,59,4533,268256,531,216,0,0,False
2026-09-01,pa,212,85,141,71,971,53580,316,212,0,0,False
2026-09-01,pl,20008,7426,7965,12043,772992,41887380,108425,20008,0,0,False
2026-09-01,ps,772,313,563,209,9349,482062,1116,772,0,0,False
2026-09-01,pt,211915,77841,90064,121851,19353851,740016985,2272825,211915,0,0,False
2026-09-01,qam,3739,2416,2043,1696,2387,190832,673,3739,0,0,False
2026-09-01,qct,132,104,117,15,270,25734,25,132,0,0,False
2026-09-01,qht,8879,6566,7264,1615,26703,1285902,4879,8879,0,0,False
2026-09-01,qme,65010,51843,19766,45244,3432737,144195884,372129,65010,0,0,False
2026-09-01,qst,10038,8847,8835,1203,111076,12541534,10963,10038,0,0,False
2026-09-01,ro,2682,2418,1097,1585,163987,13797134,21717,2682,0,0,False
2026-09-01,ru,9264,4343,5817,3447,209365,10233195,18693,9264,0,0,False
2026-09-01,sd,68,37,44,24,139,3768,41,68,0,0,False
2026-09-01,si,113,65,69,44,219,14497,9,113,0,0,False
2026-09-01,sl,1535,797,684,851,23436,1099399,4016,1535,0,0,False
2026-09-01,sr,832,403,473,359,12138,563362,2467,832,0,0,False
2026-09-01,sv,3921,2036,1897,2024,149625,8711052,16299,3921,0,0,False
2026-09-01,ta,10639,2575,3343,7296,317620,10615621,76038,10639,0,0,False
2026-09-01,te,3036,1146,1181,1855,84971,4098293,15364,3036,0,0,False
2026-09-01,th,166518,31324,35156,131362,3722086,156999287,2561498,166518,0,0,False
2026-09-01,tl,27591,18098,12910,14681,954943,41704256,136268,27591,0,0,False
2026-09-01,tr,75481,30437,40311,35170,7245791,835075523,468806,75481,0,0,False
2026-09-01,uk,2663,1129,1478,1185,60021,2682446,7683,2663,0,0,False
2026-09-01,und,44444,35327,16843,27601,1891069,75172635,312646,44444,0,0,False
2026-09-01,ur,12781,3434,5343,7438,305989,9810124,82767,12781,0,0,False
2026-09-01,vi,4144,2022,2579,1565,100269,11431306,17189,4144,0,0,False
2026-09-01,zh,22378,11904,14133,8245,603048,97040752,50106,22378,0,0,False
2026-09-01,zxx,170896,114635,64937,105959,12096035,505963362,1328121,170896,0,0,False
2026-09-02,<ALL>,911916,449004,456782,455134,245786067,18864879399,32209570,911916,0,0,False
2026-09-02,<NULL>,26,17,24,2,448,0,46,26,0,0,False
2026-09-02,am,54,40,33,21,993,45483,497,54,0,0,False
2026-09-02,ar,26526,13234,16467,10059,2608197,452356805,339588,26526,0,0,False
2026-09-02,art,3475,3149,2917,558,197714,15925167,17275,3475,0,0,False
2026-09-02,bg,68,51,53,15,826,43384,79,68,0,0,False
2026-09-02,bn,73,47,54,19,491,83464,70,73,0,0,False
2026-09-02,ca,2411,1738,1042,1369,246935,18365165,28653,2411,0,0,False
2026-09-02,ckb,105,44,83,22,812,96736,30,105,0,0,False
2026-09-02,cs,771,544,436,335,67843,3539332,7705,771,0,0,False
2026-09-02,cy,353,336,172,181,108789,8549515,7899,353,0,0,False
2026-09-02,da,680,585,335,345,129423,7341119,8573,680,0,0,False
2026-09-02,de,4300,2794,2311,1989,658291,45311249,91391,4300,0,0,False
2026-09-02,dv,189,74,99,90,2583,134295,2391,189,0,0,False
2026-09-02,el,650,373,377,273,23889,1827068,4270,650,0,0,False
2026-09-02,en,396789,214280,186555,210234,118897153,8164986738,13816245,396789,0,0,False
2026-09-02,es,76410,41542,33035,43375,18713814,1093177897,2582479,76410,0,0,False
2026-09-02,et,1495,1382,629,866,433523,27941007,69333,1495,0,0,False
2026-09-02,eu,458,420,202,256,53862,2104746,4897,458,0,0,False
2026-09-02,fa,7327,4122,4509,2818,732046,28984255,39366,7327,0,0,False
2026-09-02,fi,725,575,387,338,139771,5814579,17702,725,0,0,False
2026-09-02,fr,25965,15233,12464,13501,4826882,454095931,573509,25965,0,0,False
2026-09-02,gu,84,41,49,35,1737,140201,801,84,0,0,False
2026-09-02,hi,4543,2274,2443,2100,521357,27558065,127959,4543,0,0,False
2026-09-02,ht,1138,1035,592,546,169656,7246646,13562,1138,0,0,False
2026-09-02,hu,201,182,114,87,28676,852651,2568,201,0,0,False
2026-09-02,hy,4,4,3,1,1,140,1,4,0,0,False
2026-09-02,in,14067,9436,6941,7126,3252361,200138483,559852,14067,0,0,False
2026-09-02,is,135,123,78,57,27635,1832583,2844,135,0,0,False
2026-09-02,it,3904,2632,2151,1753,636807,55690552,58896,3904,0,0,False
2026-09-02,iw,1252,709,779,473,134775,7080508,15613,1252,0,0,False
2026-09-02,ja,156589,86068,97288,59301,42347475,5324930390,6967039,156589,0,0,False
2026-09-02,ka,18,18,3,15,10841,143818,937,18,0,0,False
2026-09-02,km,7,4,6,1,1099,214143,81,7,0,0,False
2026-09-02,kn,133,79,60,73,10002,320093,1508,133,0,0,False
2026-09-02,ko,16980,10101,7365,9615,3488631,307877071,831968,16980,0,0,False
2026-09-02,lo,1,1,1,0,22,4896,1,1,0,0,False
2026-09-02,lt,210,203,112,98,118239,7516606,13853,210,0,0,False
2026-09-02,lv,293,208,179,114,62241,7829812,4518,293,0,0,False
2026-09-02,ml,61,34,22,39,1745,84723,113,61,0,0,False
2026-09-02,mr,278,164,137,141,34040,2015737,12345,278,0,0,False
2026-09-02,my,6,5,4,2,153,29955,26,6,0,0,False
2026-09-02,ne,157,103,103,54,5606,447502,925,157,0,0,False
2026-09-02,nl,1907,1293,1077,830,151716,11827991,23084,1907,0,0,False
2026-09-02,no,559,410,354,205,51526,3737192,6464,559,0,0,False
2026-09-02,or,58,32,46,12,949,170126,124,58,0,0,False
2026-09-02,pa,26,19,19,7,2819,60137,209,26,0,0,False
2026-09-02,pl,4049,2418,2176,1873,589086,43464126,80022,4049,0,0,False
2026-09-02,ps,185,106,96,89,4600,301212,464,185,0,0,False
2026-09-02,pt,43435,23751,20179,23256,18990238,767964891,2365592,43435,0,0,False
2026-09-02,qam,562,412,366,196,245,74646,19,562,0,0,False
2026-09-02,qct,31,23,28,3,58,6418,4,31,0,0,False
2026-09-02,qht,1529,1147,1247,282,20725,1130521,4981,1529,0,0,False
2026-09-02,qme,12403,10799,4866,7537,3581537,129943274,361961,12403,0,0,False
2026-09-02,qst,1713,1601,1506,207,131553,8175806,7152,1713,0,0,False
2026-09-02,ro,755,674,288,467,360901,18566709,35945,755,0,0,False
2026-09-02,ru,2042,1204,1396,646,152172,11325952,8907,2042,0,0,False
2026-09-02,sd,6,5,4,2,69,2656,4,6,0,0,False
2026-09-02,si,14,9,9,5,135,7479,3,14,0,0,False
2026-09-02,sl,303,208,175,128,55444,1970031,4967,303,0,0,False
2026-09-02,sr,232,160,118,114,23389,1001134,3433,232,0,0,False
2026-09-02,sv,1130,756,673,457,92907,5743952,12067,1130,0,0,False
2026-09-02,ta,822,350,443,379,73097,4733880,19547,822,0,0,False
2026-09-02,te,850,485,256,594,281449,6626889,51798,850,0,0,False
2026-09-02,th,8478,4535,2001,6477,857938,119871656,710279,8478,0,0,False
2026-09-02,tl,3960,3258,1890,2070,944599,52338893,124920,3960,0,0,False
2026-09-02,tr,23967,12260,13206,10761,6572845,808797341,408537,23967,0,0,False
2026-09-02,uk,625,399,410,215,48601,2605798,4762,625,0,0,False
2026-09-02,und,7744,6726,3832,3912,1544549,65316731,238986,7744,0,0,False
2026-09-02,ur,1375,741,625,750,114621,4891860,30050,1375,0,0,False
2026-09-02,vi,394,309,219,175,21397,1274639,2882,394,0,0,False
2026-09-02,zh,5031,3420,3217,1814,464475,61753641,40759,5031,0,0,False
2026-09-02,zxx,38820,30630,15446,23374,11955043,448515308,1434240,38820,0,0,False
2026-09-03,<ALL>,1017155,481042,501879,515276,264633813,18906042848,34320698,1017155,0,0,False
2026-09-03,<NULL>,19,14,15,4,462,0,35,19,0,0,False
2026-09-03,am,49,38,28,21,502,20639,276,49,0,0,False
2026-09-03,ar,32161,15416,19696,12465,3166423,586004771,517284,32161,0,0,False
2026-09-03,art,4007,3609,3415,592,185449,8934128,15446,4007,0,0,False
2026-09-03,bg,55,45,36,19,581,20594,54,55,0,0,False
2026-09-03,bn,93,72,73,20,1435,123318,107,93,0,0,False
2026-09-03,bo,1,1,1,0,3,254,0,1,0,0,False
2026-09-03,ca,2727,1831,1162,1565,289183,24218094,38812,2727,0,0,False
2026-09-03,ckb,106,39,93,13,878,104319,26,106,0,0,False
2026-09-03,cs,1005,676,538,467,102956,4706622,7331,1005,0,0,False
2026-09-03,cy,420,407,198,222,48742,3034841,7830,420,0,0,False
2026-09-03,da,688,596,358,330,233110,9282472,21955,688,0,0,False
2026-09-03,de,4758,3092,2433,2325,873391,42382327,132632,4758,0,0,False
2026-09-03,dv,203,69,108,95,2044,454963,1769,203,0,0,False
2026-09-03,el,643,347,335,308,36388,5365393,4282,643,0,0,False
2026-09-03,en,445000,231907,205491,239509,130843298,8402361393,14667714,445000,0,0,False
2026-09-03,es,85008,44917,37119,47889,19777348,1048122427,2793301,85008,0,0,False
2026-09-03,et,1619,1538,672,947,340759,19679946,45617,1619,0,0,False
2026-09-03,eu,533,485,202,331,84917,8293492,10119,533,0,0,False
2026-09-03,fa,7859,4289,4946,2913,958518,42678660,46816,7859,0,0,False
2026-09-03,fi,839,627,430,409,136389,7010361,13789,839,0,0,False
2026-09-03,fr,29523,16498,14150,15373,5899684,458845493,628053,29523,0,0,False
2026-09-03,gu,129,50,92,37,13780,1189992,3102,129,0,0,False
2026-09-03,hi,5397,2610,2718,2679,937049,52061995,241929,5397,0,0,False
2026-09-03,ht,1448,1333,696,752,416532,31078727,51200,1448,0,0,False
2026-09-03,hu,236,215,130,106,47030,1537793,2706,236,0,0,False
2026-09-03,hy,3,3,3,0,13,649,0,3,0,0,False
2026-09-03,in,15062,10175,7724,7338,4458773,232905368,724769,15062,0,0,False
2026-09-03,is,114,100,62,52,20078,1202843,1107,114,0,0,False
2026-09-03,it,4227,2832,2391,1836,582622,28759075,62496,4227,0,0,False
2026-09-03,iw,1483,777,922,561,170122,9352075,16455,1483,0,0,False
2026-09-03,ja,170330,90827,103245,67085,40844685,4812951649,6818470,170330,0,0,False
2026-09-03,ka,9,8,2,7,0,41,0,9,0,0,False
2026-09-03,km,11,10,4,7,1023,116521,67,11,0,0,False
2026-09-03,kn,124,69,52,72,3227,154689,527,124,0,0,False
2026-09-03,ko,19084,11010,8138,10946,3311005,318530888,917119,19084,0,0,False
2026-09-03,lo,2,2,2,0,1,945,0,2,0,0,False
2026-09-03,lt,232,231,102,130,61425,761517,2506,232,0,0,False
2026-09-03,lv,313,226,187,126,5251,695749,902,313,0,0,False
2026-09-03,ml,83,44,57,26,2202,218364,160,83,0,0,False
2026-09-03,mr,426,215,188,238,31734,1471959,11909,426,0,0,False
2026-09-03,my,23,14,12,11,337,22623,64,23,0,0,False
2026-09-03,ne,193,121,99,94,7630,540681,1163,193,0,0,False
2026-09-03,nl,2134,1447,1135,999,307187,17432033,46709,2134,0,0,False
2026-09-03,no,562,472,306,256,154716,4009684,10204,562,0,0,False
2026-09-03,or,58,24,51,7,1958,297399,258,58,0,0,False
2026-09-03,pa,40,28,23,17,710,41929,226,40,0,0,False
2026-09-03,pl,4384,2638,2357,2027,781901,58842475,96740,4384,0,0,False
2026-09-03,ps,226,95,127,99,2484,263826,382,226,0,0,False
2026-09-03,pt,46852,25295,22384,24468,20137231,826093895,2300892,46852,0,0,False
2026-09-03,qam,537,445,356,181,289,44870,41,537,0,0,False
2026-09-03,qct,47,37,41,6,103,17466,10,47,0,0,False
2026-09-03,qht,1511,1200,1255,256,66962,2208157,24260,1511,0,0,False
2026-09-03,qme,14360,12637,5363,8997,3686650,128313567,427888,14360,0,0,False
2026-09-03,qst,1974,1828,1740,234,115356,5659067,12694,1974,0,0,False
2026-09-03,ro,713,673,300,413,73465,4292746,6355,713,0,0,False
2026-09-03,ru,2368,1351,1664,704,185953,16207806,8038,2368,0,0,False
2026-09-03,sd,16,13,10,6,427,81025,135,16,0,0,False
2026-09-03,si,16,11,15,1,180,8346,10,16,0,0,False
2026-09-03,sl,301,216,170,131,38926,1504499,4219,301,0,0,False
2026-09-03,sr,261,172,135,126,14188,808044,3404,261,0,0,False
2026-09-03,sv,1281,840,764,517,90589,8048934,11076,1281,0,0,False
2026-09-03,ta,995,453,448,547,172762,7499304,36995,995,0,0,False
2026-09-03,te,429,249,237,192,56535,6630662,8332,429,0,0,False
2026-09-03,th,10548,5293,2225,8323,1458098,110266745,1046953,10548,0,0,False
2026-09-03,tl,4483,3680,2005,2478,763217,35890120,110804,4483,0,0,False
2026-09-03,tr,26288,13342,14301,11987,6900338,787764949,482145,26288,0,0,False
2026-09-03,uk,691,434,438,253,37285,2879988,3903,691,0,0,False
2026-09-03,und,8991,7734,4301,4690,1890311,65335938,275836,8991,0,0,False
2026-09-03,ur,1704,835,743,961,137925,8764730,37150,1704,0,0,False
2026-09-03,vi,393,299,229,164,71289,8442666,25668,393,0,0,False
2026-09-03,zh,5651,3808,3564,2087,624125,71854910,58411,5651,0,0,False
2026-09-03,zxx,43096,33988,16867,26229,12965674,561338418,1471061,43096,0,0,False
2026-09-04,<ALL>,1186569,525949,577272,609297,286780481,19869268679,36426280,1186569,0,0,False
2026-09-04,<NULL>,24,14,22,2,357,0,30,24,0,0,False
2026-09-04,am,75,51,45,30,1301,151703,343,75,0,0,False
2026-09-04,ar,35343,16663,21162,14181,2745315,501760988,393248,35343,0,0,False
2026-09-04,art,4579,4090,4017,562,97153,4801585,9984,4579,0,0,False
2026-09-04,bg,79,51,62,17,1734,38659,116,79,0,0,False
2026-09-04,bn,120,69,86,34,1848,77527,172,120,0,0,False
2026-09-04,bo,1,1,0,1,0,0,0,1,0,0,False
2026-09-04,ca,2849,1951,1265,1584,233044,14984784,27756,2849,0,0,False
2026-09-04,ckb,122,43,97,25,1628,88723,78,122,0,0,False
2026-09-04,cs,1012,682,566,446,145123,7863587,10578,1012,0,0,False
2026-09-04,cy,534,516,242,292,244189,30696504,20465,534,0,0,False
2026-09-04,da,717,657,354,363,367875,7262744,31946,717,0,0,False
2026-09-04,de,5282,3427,2793,2489,1025269,43824186,151101,5282,0,0,False
2026-09-04,dv,131,54,65,66,970,98804,806,131,0,0,False
2026-09-04,el,647,350,303,344,20003,870671,3858,647,0,0,False
2026-09-04,en,512970,253934,231175,281795,140845278,8893631719,15416654,512970,0,0,False
2026-09-04,es,97119,48807,41418,55701,20650177,1092343782,2849339,97119,0,0,False
2026-09-04,et,2085,1949,865,1220,466705,28336338,61742,2085,0,0,False
2026-09-04,eu,593,526,270,323,106876,2329257,17120,593,0,0,False
2026-09-04,fa,9084,4640,5611,3473,998465,46352366,46174,9084,0,0,False
2026-09-04,fi,1001,718,536,465,100182,4682004,8117,1001,0,0,False
2026-09-04,fr,34532,18685,15871,18661,5536239,509886690,684844,34532,0,0,False
2026-09-04,gu,71,38,51,20,3339,320722,676,71,0,0,False
2026-09-04,hi,7056,3616,3332,3724,1197606,74683673,284701,7056,0,0,False
2026-09-04,ht,2252,2090,891,1361,632786,34411272,103455,2252,0,0,False
2026-09-04,hu,257,237,149,108,17064,831910,2186,257,0,0,False
2026-09-04,hy,7,5,6,1,31,5103,8,7,0,0,False
2026-09-04,in,18143,11807,9328,8815,4497010,230272234,831350,18143,0,0,False
2026-09-04,is,134,124,66,68,35289,1072903,3873,134,0,0,False
2026-09-04,it,4966,3224,2749,2217,957206,49272528,91107,4966,0,0,False
2026-09-04,iw,1199,687,718,481,116712,9155775,12315,1199,0,0,False
2026-09-04,ja,206062,102266,125390,80672,45030910,4885729089,7045417,206062,0,0,False
2026-09-04,ka,4,4,1,3,0,180,0,4,0,0,False
2026-09-04,km,4,4,3,1,1,385,0,4,0,0,False
2026-09-04,kn,157,90,90,67,5083,450552,583,157,0,0,False
2026-09-04,ko,22255,12321,9492,12763,3747557,339504031,994336,22255,0,0,False
2026-09-04,lo,3,1,3,0,34,13700,2,3,0,0,False
2026-09-04,lt,331,326,182,149,32854,1698749,1880,331,0,0,False
2026-09-04,lv,498,345,245,253,38407,1949981,6298,498,0,0,False
2026-09-04,ml,95,61,60,35,2836,112381,186,95,0,0,False
2026-09-04,mr,441,228,204,237,38970,1965266,10608,441,0,0,False
2026-09-04,my,33,19,23,10,72,16255,25,33,0,0,False
2026-09-04,ne,300,184,175,125,22862,2583664,3297,300,0,0,False
2026-09-04,nl,2582,1727,1368,1214,284692,17364803,35785,2582,0,0,False
2026-09-04,no,614,520,378,236,65545,2538019,5931,614,0,0,False
2026-09-04,or,104,36,75,29,5252,460875,824,104,0,0,False
2026-09-04,pa,51,29,28,23,591,16560,224,51,0,0,False
2026-09-04,pl,6021,3207,3046,2975,1029692,46540798,127746,6021,0,0,False
2026-09-04,ps,170,100,100,70,3134,311421,399,170,0,0,False
2026-09-04,pt,55006,28325,26170,28836,21042262,915778721,2482181,55006,0,0,False
2026-09-04,qam,714,548,468,246,491,128824,53,714,0,0,False
2026-09-04,qct,50,44,42,8,1710,255925,115,50,0,0,False
2026-09-04,qht,1626,1330,1315,311,9201,537377,2286,1626,0,0,False
2026-09-04,qme,16570,14578,6091,10479,3325421,96986723,328624,16570,0,0,False
2026-09-04,qst,2379,2132,2118,261,23900,2473890,1742,2379,0,0,False
2026-09-04,ro,830,752,367,463,171818,7277757,17242,830,0,0,False
2026-09-04,ru,2585,1496,1693,892,528886,46826828,42237,2585,0,0,False
2026-09-04,sd,18,9,7,11,21,886,5,18,0,0,False
2026-09-04,si,37,18,30,7,126,11550,10,37,0,0,False
2026-09-04,sl,394,296,229,165,65924,2348203,7330,394,0,0,False
2026-09-04,sr,282,193,147,135,20307,2275132,2472,282,0,0,False
2026-09-04,sv,1423,912,835,588,182493,9018136,17293,1423,0,0,False
2026-09-04,ta,1160,530,540,620,147350,10388888,34751,1160,0,0,False
2026-09-04,te,503,274,281,222,60025,5643958,8846,503,0,0,False
2026-09-04,th,13884,6331,2859,11025,2115363,150832216,1331103,13884,0,0,False
2026-09-04,tl,5539,4476,2665,2874,1237349,59832261,177062,5539,0,0,False
2026-09-04,tr,30699,14743,16539,14160,7360810,787980932,504392,30699,0,0,False
2026-09-04,uk,758,467,448,310,42739,2595322,4661,758,0,0,False
2026-09-04,und,10981,9317,4985,5996,2321011,82468492,365419,10981,0,0,False
2026-09-04,ur,1971,923,824,1147,151422,6815572,46171,1971,0,0,False
2026-09-04,vi,517,345,331,186,60936,2959875,6687,517,0,0,False
2026-09-04,zh,6394,4121,4032,2362,649142,82421388,55870,6394,0,0,False
2026-09-04,zxx,49540,38499,19278,30262,15906508,702044373,1692045,49540,0,0,False
2026-09-05,<ALL>,1318308,542984,632656,685652,301566728,20651847092,37140091,1318308,0,0,False
2026-09-05,<NULL>,20,14,19,1,141,0,4,20,0,0,False
2026-09-05,am,61,45,38,23,590,70429,202,61,0,0,False
2026-09-05,ar,41312,17752,24600,16712,3329478,556044526,438556,41312,0,0,False
2026-09-05,art,5313,4625,4633,680,130250,10836337,12100,5313,0,0,False
2026-09-05,bg,102,68,79,23,3309,95046,175,102,0,0,False
2026-09-05,bn,103,61,75,28,909,100197,173,103,0,0,False
2026-09-05,ca,3000,2019,1235,1765,296427,12702341,32986,3000,0,0,False
2026-09-05,ckb,101,44,81,20,1055,88890,33,101,0,0,False
2026-09-05,cs,905,638,456,449,59006,10043737,4481,905,0,0,False
2026-09-05,cy,720,702,283,437,331996,25843251,25093,720,0,0,False
2026-09-05,da,957,853,451,506,167284,10970837,11065,957,0,0,False
2026-09-05,de,6603,3925,3340,3263,1272891,55850764,153055,6603,0,0,False
2026-09-05,dv,145,45,100,45,1614,172864,1284,145,0,0,False
2026-09-05,el,996,479,511,485,38518,1918498,6766,996,0,0,False
2026-09-05,en,553621,259603,242450,311171,142981711,8660628411,15436390,553621,0,0,False
2026-09-05,es,94942,47343,39508,55434,19823223,950486192,2573093,94942,0,0,False
2026-09-05,et,2403,2200,1030,1373,372414,22274284,60699,2403,0,0,False
2026-09-05,eu,858,807,348,510,105354,11684822,10700,858,0,0,False
2026-09-05,fa,10016,5054,6175,3841,1136268,52758790,55971,10016,0,0,False
2026-09-05,fi,1052,798,489,563,157189,8244759,16810,1052,0,0,False
2026-09-05,fr,38062,19659,16194,21868,6634125,571222753,735296,38062,0,0,False
2026-09-05,gu,131,39,80,51,3198,240344,1130,131,0,0,False
2026-09-05,hi,7323,3489,3557,3766,1087266,49273250,278512,7323,0,0,False
2026-09-05,ht,2017,1877,994,1023,254000,15115859,23259,2017,0,0,False
2026-09-05,hu,292,253,174,118,28172,727422,1499,292,0,0,False
2026-09-05,hy,9,9,7,2,206,8800,32,9,0,0,False
2026-09-05,in,21795,13363,10248,11547,7352312,293531067,1612754,21795,0,0,False
2026-09-05,is,187,177,100,87,36201,333102,4425,187,0,0,False
2026-09-05,it,6459,3963,3380,3079,991116,60958960,87482,6459,0,0,False
2026-09-05,iw,1384,719,827,557,119513,6205043,10055,1384,0,0,False
2026-09-05,ja,246292,110467,153925,92367,50869251,5621999244,6755933,246292,0,0,False
2026-09-05,ka,4,4,3,1,633,8249,16,4,0,0,False
2026-09-05,km,5,4,4,1,7,628,0,5,0,0,False
2026-09-05,kn,184,96,118,66,8816,539926,1152,184,0,0,False
2026-09-05,ko,26145,13482,10977,15168,4814987,433415032,1116821,26145,0,0,False
2026-09-05,lo,2,1,1,1,14,1051,2,2,0,0,False
2026-09-05,lt,349,337,174,175,27821,1483788,2655,349,0,0,False
2026-09-05,lv,327,257,168,159,52913,3597897,5325,327,0,0,False
2026-09-05,ml,112,60,86,26,2845,344477,242,112,0,0,False
2026-09-05,mr,383,227,189,194,44286,4091269,16099,383,0,0,False
2026-09-05,my,123,39,65,58,717,14297,233,123,0,0,False
2026-09-05,ne,240,151,126,114,16843,2543920,2340,240,0,0,False
2026-09-05,nl,2955,1822,1693,1262,263482,29332945,34128,2955,0,0,False
2026-09-05,no,727,624,394,333,44602,12884934,2979,727,0,0,False
2026-09-05,or,98,28,67,31,2679,260990,400,98,0,0,False
2026-09-05,pa,56,28,33,23,859,51281,261,56,0,0,False
2026-09-05,pl,5916,3083,3038,2878,643634,41457978,90468,5916,0,0,False
2026-09-05,ps,271,121,154,117,3108,223975,458,271,0,0,False
2026-09-05,pt,54220,28708,24656,29564,18635434,833059665,2088719,54220,0,0,False
2026-09-05,qam,771,570,457,314,378,123819,56,771,0,0,False
2026-09-05,qct,38,31,34,4,122,8658,12,38,0,0,False
2026-09-05,qht,1577,1298,1293,284,12330,583500,4334,1577,0,0,False
2026-09-05,qme,19721,17175,6997,12724,3995578,152676887,392979,19721,0,0,False
2026-09-05,qst,2557,2304,2309,248,48840,3710838,4220,2557,0,0,False
2026-09-05,ro,999,896,399,600,171280,14198506,15528,999,0,0,False
2026-09-05,ru,2694,1507,1816,878,165983,9327124,8938,2694,0,0,False
2026-09-05,sd,17,11,11,6,148,2633,20,17,0,0,False
2026-09-05,si,30,12,29,1,179,10764,25,30,0,0,False
2026-09-05,sl,419,336,220,199,85912,2046082,8686,419,0,0,False
2026-09-05,sr,334,221,173,161,18061,814365,3000,334,0,0,False
2026-09-05,sv,1402,927,796,606,145034,9418799,22347,1402,0,0,False
2026-09-05,ta,1121,540,470,651,129849,8275324,28509,1121,0,0,False
2026-09-05,te,594,315,271,323,62604,4228556,9596,594,0,0,False
2026-09-05,th,17512,7297,3096,14416,2276372,144175390,1574468,17512,0,0,False
2026-09-05,tl,7290,5675,3140,4150,1313780,51955616,190912,7290,0,0,False
2026-09-05,tr,40643,17499,21031,19612,10483990,1039817214,769975,40643,0,0,False
2026-09-05,ug,1,1,0,1,0,0,0,1,0,0,False
2026-09-05,uk,779,425,440,339,43358,1254625,4655,779,0,0,False
2026-09-05,und,13240,11084,5675,7565,2195452,95294982,394359,13240,0,0,False
2026-09-05,ur,2607,1171,995,1612,278127,13559942,74691,2607,0,0,False
2026-09-05,vi,672,483,357,315,41755,3906107,11556,672,0,0,False
2026-09-05,zh,6982,4273,4209,2773,634565,73166235,52164,6982,0,0,False
2026-09-05,zxx,57010,43241,21105,35905,17314364,649548005,1856750,57010,0,0,False
2026-09-06,<ALL>,1759979,638428,813359,946620,363986342,22539659521,43644997,1759979,0,0,False
2026-09-06,<NULL>,22792,22060,22790,2,344,6,12,22792,0,0,False
2026-09-06,am,86,41,53,33,603,34303,313,86,0,0,False
2026-09-06,ar,53516,20893,31661,21855,3928057,631965418,488224,53516,0,0,False
2026-09-06,art,7149,6038,6163,986,227835,16606456,19831,7149,0,0,False
2026-09-06,bg,111,69,77,34,2123,48193,167,111,0,0,False
2026-09-06,bn,139,66,85,54,2473,95524,380,139,0,0,False
2026-09-06,bo,1,1,1,0,1,109,1,1,0,0,False
2026-09-06,ca,4351,2825,1649,2702,513099,28747133,58793,4351,0,0,False
2026-09-06,ckb,129,52,108,21,2301,215065,122,129,0,0,False
2026-09-06,cs,1311,886,710,601,135726,6729437,8997,1311,0,0,False
2026-09-06,cy,960,948,396,564,84184,3293185,5789,960,0,0,False
2026-09-06,da,1311,1158,603,708,366821,13049978,27051,1311,0,0,False
2026-09-06,de,10929,5818,5150,5779,2092068,102080328,226107,10929,0,0,False
2026-09-06,dv,159,66,77,82,2380,190092,2196,159,0,0,False
2026-09-06,el,1571,571,746,825,44718,1934549,7775,1571,0,0,False
2026-09-06,en,714361,298009,289803,424558,174886646,9309340031,18340613,714361,0,0,False
2026-09-06,es,122170,55400,49570,72600,23789915,1127120402,2913715,122170,0,0,False
2026-09-06,et,3535,3179,1379,2156,667711,31933769,81527,3535,0,0,False
2026-09-06,eu,1211,1132,428,783,196044,5954192,29575,1211,0,0,False
2026-09-06,fa,12355,5646,7238,5117,1257381,40867656,68647,12355,0,0,False
2026-09-06,fi,1333,961,653,680,170319,7736312,19011,1333,0,0,False
2026-09-06,fr,48723,22882,20436,28287,7950929,610179678,816649,48723,0,0,False
2026-09-06,gu,97,42,52,45,3790,264750,838,97,0,0,False
2026-09-06,hi,8840,3974,3909,4931,1173427,56331337,291040,8840,0,0,False
2026-09-06,ht,2632,2372,1386,1246,293947,19021955,32495,2632,0,0,False
2026-09-06,hu,401,350,242,159,73710,5153211,7083,401,0,0,False
2026-09-06,hy,5,4,4,1,3,624,0,5,0,0,False
2026-09-06,in,33271,17975,13691,19580,8507859,352648464,1748408,33271,0,0,False
2026-09-06,is,225,213,112,113,27907,1378063,2330,225,0,0,False
2026-09-06,it,9829,5343,4971,4858,1076902,60303676,111162,9829,0,0,False
2026-09-06,iw,1813,860,1136,677,176199,10811043,15094,1813,0,0,False
2026-09-06,ja,333169,128049,199286,133883,58796781,6040499066,7681379,333169,0,0,False
2026-09-06,ka,9,8,6,3,127,3255,42,9,0,0,False
2026-09-06,km,10,6,8,2,52,4991,10,10,0,0,False
2026-09-06,kn,152,85,85,67,4559,317071,546,152,0,0,False
2026-09-06,ko,38988,17706,15614,23374,5805349,480560662,1386769,38988,0,0,False
2026-09-06,lo,1,1,1,0,8,430,1,1,0,0,False
2026-09-06,lt,471,458,222,249,122651,5297651,13233,471,0,0,False
2026-09-06,lv,448,364,221,227,48687,1823315,4543,448,0,0,False
2026-09-06,ml,126,73,83,43,2650,158332,287,126,0,0,False
2026-09-06,mr,410,215,177,233,45940,2629839,13564,410,0,0,False
2026-09-06,my,179,63,78,101,571,44684,193,179,0,0,False
2026-09-06,ne,234,138,124,110,6397,386503,924,234,0,0,False
2026-09-06,nl,3530,2252,1849,1681,295539,19951209,38941,3530,0,0,False
2026-09-06,no,913,751,510,403,74967,3901540,7320,913,0,0,False
2026-09-06,or,67,28,43,24,3560,192184,351,67,0,0,False
2026-09-06,pa,50,28,34,16,798,28959,181,50,0,0,False
2026-09-06,pl,7913,3950,3770,4143,901538,55140218,118499,7913,0,0,False
2026-09-06,ps,484,189,286,198,8139,544204,1078,484,0,0,False
2026-09-06,pt,74641,34454,34550,40091,23735520,1046032783,2652544,74641,0,0,False
2026-09-06,qam,908,694,554,354,2575,193597,407,908,0,0,False
2026-09-06,qct,84,59,74,10,186,21056,22,84,0,0,False
2026-09-06,qht,2281,1874,1806,475,98015,3166378,9308,2281,0,0,False
2026-09-06,qme,26156,22322,8325,17831,5608558,173565080,574365,26156,0,0,False
2026-09-06,qst,3389,3054,3080,309,33874,2968447,2767,3389,0,0,False
2026-09-06,ro,1014,924,499,515,175856,9256618,12953,1014,0,0,False
2026-09-06,ru,3392,1740,2291,1101,373308,13532406,27676,3392,0,0,False
2026-09-06,sd,16,12,9,7,131,6075,14,16,0,0,False
2026-09-06,si,28,15,24,4,280,20764,21,28,0,0,False
2026-09-06,sl,523,380,248,275,69333,2128593,6254,523,0,0,False
2026-09-06,sr,407,244,201,206,18089,591119,4212,407,0,0,False
2026-09-06,sv,1734,1119,894,840,138511,7410110,15589,1734,0,0,False
2026-09-06,ta,1271,599,503,768,135849,7998089,34385,1271,0,0,False
2026-09-06,te,732,408,299,433,65005,5618206,13882,732,0,0,False
2026-09-06,th,26835,9491,4465,22370,2894411,212451433,2132774,26835,0,0,False
2026-09-06,tl,9101,6946,3892,5209,1524947,61035434,188682,9101,0,0,False
2026-09-06,tr,49126,20063,24226,24900,10782037,972423114,713974,49126,0,0,False
2026-09-06,uk,962,538,502,460,62172,2609848,7134,962,0,0,False
2026-09-06,und,17086,14189,6827,10259,2571622,111507602,386479,17086,0,0,False
2026-09-06,ur,3855,1425,1303,2552,250106,10729682,63484,3855,0,0,False
2026-09-06,vi,829,506,509,320,35221,13351586,6544,829,0,0,False
2026-09-06,zh,8417,5084,4944,3473,1206724,116801117,83794,8417,0,0,False
2026-09-06,zxx,74722,54667,25658,49064,20430277,710721332,2115927,74722,0,0,False
2026-09-07,<ALL>,2402641,690963,934672,1467969,348383671,21572483293,45277056,2402641,0,0,False
2026-09-07,<NULL>,21,12,21,0,254,0,7,21,0,0,False
2026-09-07,am,111,60,60,51,843,40206,360,111,0,0,False
2026-09-07,ar,69873,23308,38147,31726,4163782,607884277,544726,69873,0,0,False
2026-09-07,art,9885,7964,8268,1617,319292,18624991,49406,9885,0,0,False
2026-09-07,bg,107,75,67,40,7021,138751,1784,107,0,0,False
2026-09-07,bn,207,106,121,86,4468,279154,633,207,0,0,False
2026-09-07,bo,3,3,2,1,82,1131,2,3,0,0,False
2026-09-07,ca,6297,3532,2086,4211,497935,26137469,64135,6297,0,0,False
2026-09-07,ckb,140,55,116,24,1115,144957,37,140,0,0,False
2026-09-07,cs,1914,1072,885,1029,337094,14600447,19975,1914,0,0,False
2026-09-07,cy,937,905,354,583,86590,2407323,8103,937,0,0,False
2026-09-07,da,1525,1325,644,881,133192,5685956,9996,1525,0,0,False
2026-09-07,de,14602,6695,5672,8930,1394515,56423601,185801,14602,0,0,False
2026-09-07,dv,288,79,99,189,5642,382439,5259,288,0,0,False
2026-09-07,el,2432,726,1017,1415,31566,2296974,5809,2432,0,0,False
2026-09-07,en,1006249,345016,350644,655605,164518036,9021592185,18910691,1006249,0,0,False
2026-09-07,es,188273,70865,67696,120577,26482872,1157231157,3400965,188273,0,0,False
2026-09-07,et,4751,4070,1743,3008,511165,22653710,68792,4751,0,0,False
2026-09-07,eu,1451,1289,508,943,178734,7927445,19875,1451,0,0,False
2026-09-07,fa,15948,6042,8460,7488,1062628,38806397,55666,15948,0,0,False
2026-09-07,fi,2128,1375,800,1328,161571,9607665,23169,2128,0,0,False
2026-09-07,fr,65222,26888,24472,40750,6789493,528118122,768735,65222,0,0,False
2026-09-07,gu,264,65,140,124,7971,419768,1433,264,0,0,False
2026-09-07,hi,15055,5282,5399,9656,1408143,124228579,318521,15055,0,0,False
2026-09-07,ht,3348,3006,1535,1813,597453,18875275,53930,3348,0,0,False
2026-09-07,hu,648,519,306,342,111788,2601159,15425,648,0,0,False
2026-09-07,hy,9,8,6,3,36,1410,0,9,0,0,False
2026-09-07,in,39843,21190,16894,22949,5842410,266531997,1008583,39843,0,0,False
2026-09-07,is,281,268,137,144,11628,524709,1162,281,0,0,False
2026-09-07,it,11929,6129,5428,6501,1188371,51000654,100336,11929,0,0,False
2026-09-07,iw,2731,1063,1565,1166,183404,11014121,14478,2731,0,0,False
2026-09-07,ja,415502,137474,206242,209260,53885417,5765553773,7997445,415502,0,0,False
2026-09-07,ka,12,11,7,5,39,1592,1,12,0,0,False
2026-09-07,km,16,5,16,0,296,13149,55,16,0,0,False
2026-09-07,kn,174,99,84,90,5112,429734,498,174,0,0,False
2026-09-07,ko,56113,22449,20795,35318,5223429,456460949,1358233,56113,0,0,False
2026-09-07,lo,5,4,3,2,8,1405,2,5,0,0,False
2026-09-07,lt,708,692,255,453,57630,1139606,4669,708,0,0,False
2026-09-07,lv,789,523,320,469,182811,3708796,13169,789,0,0,False
2026-09-07,ml,195,81,125,70,3649,205463,240,195,0,0,False
2026-09-07,mr,990,368,364,626,41334,2100505,12903,990,0,0,False
2026-09-07,my,115,41,65,50,354,12709,101,115,0,0,False
2026-09-07,ne,424,224,188,236,6116,297565,829,424,0,0,False
2026-09-07,nl,5836,2888,2639,3197,324090,16977384,57520,5836,0,0,False
2026-09-07,no,1111,958,503,608,110283,4834763,12342,1111,0,0,False
2026-09-07,or,99,35,74,25,4463,224565,457,99,0,0,False
2026-09-07,pa,81,31,63,18,966,53194,297,81,0,0,False
2026-09-07,pl,12555,5165,4445,8110,923250,64644169,117675,12555,0,0,False
2026-09-07,ps,646,211,376,270,6337,386923,821,646,0,0,False
2026-09-07,pt,107378,42482,42688,64690,28023760,990922987,3267702,107378,0,0,False
2026-09-07,qam,1516,979,685,831,624,221855,68,1516,0,0,False
2026-09-07,qct,94,67,85,9,478,37036,57,94,0,0,False
2026-09-07,qht,3411,2680,2422,989,52873,1424837,18070,3411,0,0,False
2026-09-07,qme,36877,29864,9620,27257,4585849,147472695,515146,36877,0,0,False
2026-09-07,qst,4594,4021,3975,619,84549,3828123,14282,4594,0,0,False
2026-09-07,ro,1511,1314,632,879,223552,13030798,15226,1511,0,0,False
2026-09-07,ru,4751,2234,2945,1806,295871,12313903,27970,4751,0,0,False
2026-09-07,sd,53,34,24,29,132,3740,70,53,0,0,False
2026-09-07,si,46,16,32,14,521,35810,43,46,0,0,False
2026-09-07,sl,863,505,353,510,98796,4673798,8905,863,0,0,False
2026-09-07,sr,565,283,240,325,21334,652787,3083,565,0,0,False
2026-09-07,sv,2958,1545,1383,1575,349732,15436881,27743,2958,0,0,False
2026-09-07,ta,4634,1215,1336,3298,506632,21287193,129595,4634,0,0,False
2026-09-07,te,1483,572,569,914,87104,7914117,16942,1483,0,0,False
2026-09-07,th,54452,13084,8017,46435,3164145,181171057,2391846,54452,0,0,False
2026-09-07,tl,12660,9027,4790,7870,1444416,66261999,202140,12660,0,0,False
2026-09-07,tr,53584,19879,24525,29059,8687868,892817591,581526,53584,0,0,False
2026-09-07,uk,1581,714,786,795,77948,3842171,10748,1581,0,0,False
2026-09-07,und,23503,18614,8182,15321,2281853,77660745,400424,23503,0,0,False
2026-09-07,ur,6000,1645,1857,4143,217273,7772181,59026,6000,0,0,False
2026-09-07,vi,1197,678,645,552,79377,4890207,22001,1197,0,0,False
2026-09-07,zh,11946,6862,6471,5475,1433373,141166747,112175,11946,0,0,False
2026-09-07,zxx,105141,71461,32554,72587,19850933,664415762,2217217,105141,0,0,False
2026-09-08,<ALL>,2116466,610055,776406,1340060,322165607,20814368800,41873717,2116466,0,0,False
2026-09-08,<NULL>,12,10,12,0,33,0,1,12,0,0,False
2026-09-08,am,113,74,41,72,628,52964,177,113,0,0,False
2026-09-08,ar,52792,18282,27795,24997,2877643,460680817,336396,52792,0,0,False
2026-09-08,art,8038,6666,6681,1357,243665,14242782,20141,8038,0,0,False
2026-09-08,bg,97,70,58,39,873,30594,75,97,0,0,False
2026-09-08,bn,176,104,95,81,7851,583619,1707,176,0,0,False
2026-09-08,bo,10,6,8,2,17,254,0,10,0,0,False
2026-09-08,ca,5982,3518,1893,4089,729856,56481658,80536,5982,0,0,False
2026-09-08,ckb,163,55,109,54,967,165243,46,163,0,0,False
2026-09-08,cs,1589,955,636,953,126250,5122263,12682,1589,0,0,False
2026-09-08,cy,1008,978,334,674,139634,3826688,15693,1008,0,0,False
2026-09-08,da,1272,1083,540,732,69729,4442648,8093,1272,0,0,False
2026-09-08,de,10434,5266,4023,6411,1194186,49551981,147200,10434,0,0,False
2026-09-08,dv,226,66,79,147,1017,95548,830,226,0,0,False
2026-09-08,el,1353,435,536,817,34738,1755914,4195,1353,0,0,False
2026-09-08,en,907473,312138,301502,605971,153571306,8936879755,17056525,907473,0,0,False
2026-09-08,es,166891,63990,55023,111868,24326641,1075012987,3114278,166891,0,0,False
2026-09-08,et,4038,3450,1352,2686,325711,12950670,52626,4038,0,0,False
2026-09-08,eu,1220,1087,401,819,352309,7842290,21715,1220,0,0,False
2026-09-08,fa,13758,5343,7308,6450,919468,28633488,56379,13758,0,0,False
2026-09-08,fi,1827,1299,739,1088,353962,17635016,29980,1827,0,0,False
2026-09-08,fr,57578,23832,21239,36339,5707392,416799285,688480,57578,0,0,False
2026-09-08,gu,152,49,89,63,7470,544578,1756,152,0,0,False
2026-09-08,hi,12291,4320,3974,8317,796656,52007843,187405,12291,0,0,False
2026-09-08,ht,2946,2730,1210,1736,371277,17548670,41648,2946,0,0,False
2026-09-08,hu,453,423,188,265,83190,3120783,4291,453,0,0,False
2026-09-08,hy,6,4,6,0,11,878,0,6,0,0,False
2026-09-08,in,38640,19367,15852,22788,5512723,247228194,994104,38640,0,0,False
2026-09-08,is,292,268,115,177,71916,4411998,6096,292,0,0,False
2026-09-08,it,8875,4924,3760,5115,914211,49549489,108816,8875,0,0,False
2026-09-08,iw,2966,1102,1426,1540,279027,10527432,33195,2966,0,0,False
2026-09-08,ja,325843,113642,160341,165502,54713268,5975578635,8588953,325843,0,0,False
2026-09-08,ka,10,9,3,7,22,294,0,10,0,0,False
2026-09-08,km,16,8,5,11,6,3096,0,16,0,0,False
2026-09-08,kn,269,113,130,139,19366,798370,2054,269,0,0,False
2026-09-08,ko,50863,20366,17164,33699,5402358,420176237,1488482,50863,0,0,False
2026-09-08,lo,3,3,2,1,2,27,0,3,0,0,False
2026-09-08,lt,592,575,237,355,38535,1691929,3258,592,0,0,False
2026-09-08,lv,690,534,279,411,18365,1146830,2772,690,0,0,False
2026-09-08,ml,156,64,94,62,2571,153640,119,156,0,0,False
2026-09-08,mr,747,293,245,502,16059,1365728,4633,747,0,0,False
2026-09-08,my,65,35,49,16,305,14930,89,65,0,0,False
2026-09-08,ne,331,184,169,162,5493,250682,695,331,0,0,False
2026-09-08,nl,4711,2725,1963,2748,531060,22998521,61903,4711,0,0,False
2026-09-08,no,938,810,398,540,67305,13314752,3116,938,0,0,False
2026-09-08,or,51,24,31,20,1702,105188,178,51,0,0,False
2026-09-08,pa,48,29,21,27,753,78493,209,48,0,0,False
2026-09-08,pl,9241,3714,3094,6147,601759,40485853,87432,9241,0,0,False
2026-09-08,ps,329,133,172,157,4008,181432,609,329,0,0,False
2026-09-08,pt,114983,42526,43284,71699,23417809,782167190,2804973,114983,0,0,False
2026-09-08,qam,1052,745,513,539,297,96438,59,1052,0,0,False
2026-09-08,qct,72,51,63,9,285,16819,23,72,0,0,False
2026-09-08,qht,2595,2066,1874,721,27957,1690682,4211,2595,0,0,False
2026-09-08,qme,31969,25876,7433,24536,4118208,152799351,449777,31969,0,0,False
2026-09-08,qst,3997,3512,3550,447,51518,7474199,2968,3997,0,0,False
2026-09-08,ro,1480,1295,497,983,252456,12275991,43797,1480,0,0,False
2026-09-08,ru,3924,1983,2223,1701,473776,25616397,29423,3924,0,0,False
2026-09-08,sd,44,19,17,27,109,3261,15,44,0,0,False
2026-09-08,si,37,15,33,4,220,29373,13,37,0,0,False
2026-09-08,sl,617,404,254,363,34747,2178645,4318,617,0,0,False
2026-09-08,sr,449,242,152,297,16455,489508,2820,449,0,0,False
2026-09-08,sv,2412,1346,1030,1382,185401,10873483,28515,2412,0,0,False
2026-09-08,ta,3431,927,688,2743,198227,11874979,50719,3431,0,0,False
2026-09-08,te,1283,486,455,828,78328,5770850,11464,1283,0,0,False
2026-09-08,th,58883,13148,7114,51769,2662130,203858095,1886379,58883,0,0,False
2026-09-08,tl,11883,8378,4106,7777,1166371,56627792,160463,11883,0,0,False
2026-09-08,tr,49002,17929,21626,27376,6686269,756076387,508686,49002,0,0,False
2026-09-08,uk,1252,565,653,599,109603,13523814,8400,1252,0,0,False
2026-09-08,und,20545,16617,6556,13989,2695035,93513138,346753,20545,0,0,False
2026-09-08,ur,4630,1286,1283,3347,174969,8627719,56018,4630,0,0,False
2026-09-08,vi,897,592,501,396,77381,7390126,6467,897,0,0,False
2026-09-08,zh,10234,6056,5147,5087,1164689,140062055,90723,10234,0,0,False
2026-09-08,zxx,93221,63204,25933,67288,18130073,565261542,2107165,93221,0,0,False
2026-09-09,<ALL>,1616782,477770,569776,1047006,233236826,15821605843,30484339,1616782,0,0,False
2026-09-09,<NULL>,6,6,6,0,18,0,0,6,0,0,False
2026-09-09,am,84,62,15,69,400,33761,71,84,0,0,False
2026-09-09,ar,26139,11457,14026,12113,2257760,361585294,295062,26139,0,0,False
2026-09-09,art,6410,5226,5245,1165,227600,23262180,24747,6410,0,0,False
2026-09-09,bg,79,47,32,47,868,28160,63,79,0,0,False
2026-09-09,bn,111,59,62,49,2540,113013,562,111,0,0,False
2026-09-09,bo,4,4,2,2,1,129,0,4,0,0,False
2026-09-09,ca,3913,2433,1323,2590,311632,23330880,39530,3913,0,0,False
2026-09-09,ckb,75,30,59,16,428,31505,26,75,0,0,False
2026-09-09,cs,1168,815,454,714,78194,3922239,6911,1168,0,0,False
2026-09-09,cy,786,753,265,521,142836,6997906,18164,786,0,0,False
2026-09-09,da,1071,946,438,633,209366,106970843,19967,1071,0,0,False
2026-09-09,de,7682,3952,2772,4910,886062,33498324,132154,7682,0,0,False
2026-09-09,dv,141,49,34,107,838,241445,637,141,0,0,False
2026-09-09,el,979,359,380,599,63145,2719162,5476,979,0,0,False
2026-09-09,en,710164,246271,226135,484029,113444115,6993744399,12249070,710164,0,0,False
2026-09-09,es,122992,49303,38965,84027,15837322,714000565,2000904,122992,0,0,False
2026-09-09,et,3092,2714,1021,2071,450059,16343462,51927,3092,0,0,False
2026-09-09,eu,825,751,314,511,82611,2128585,5763,825,0,0,False
2026-09-09,fa,7857,3507,4354,3503,566184,28517185,22082,7857,0,0,False
2026-09-09,fi,1051,800,460,591,116285,4797587,8061,1051,0,0,False
2026-09-09,fr,43943,18143,14797,29146,4453286,364096859,573113,43943,0,0,False
2026-09-09,gu,71,38,46,25,1532,93660,321,71,0,0,False
2026-09-09,hi,6550,2621,2166,4384,530986,38165542,133178,6550,0,0,False
2026-09-09,ht,2374,2231,950,1424,217415,9056680,21220,2374,0,0,False
2026-09-09,hu,483,436,217,266,33479,1734778,3875,483,0,0,False
2026-09-09,hy,2,2,2,0,8,267,0,2,0,0,False
2026-09-09,in,28846,14555,12212,16634,3944181,178133214,629327,28846,0,0,False
2026-09-09,is,234,227,80,154,76966,1533139,7302,234,0,0,False
2026-09-09,it,6392,3843,2809,3583,467418,25410205,54136,6392,0,0,False
2026-09-09,iw,1637,729,763,874,171669,8309790,19343,1637,0,0,False
2026-09-09,ja,250447,90796,120192,130255,40970108,4305017144,7141902,250447,0,0,False
2026-09-09,ka,15,15,5,10,4339,37444,1310,15,0,0,False
2026-09-09,km,3,3,0,3,0,0,0,3,0,0,False
2026-09-09,kn,108,45,46,62,5187,301167,685,108,0,0,False
2026-09-09,ko,47053,17191,15251,31802,3315911,264136880,907210,47053,0,0,False
2026-09-09,lo,6,5,2,4,1,313,0,6,0,0,False
2026-09-09,lt,426,421,164,262,66945,14555107,3549,426,0,0,False
2026-09-09,lv,479,336,228,251,30936,831896,3911,479,0,0,False
2026-09-09,ml,74,32,45,29,710,35591,26,74,0,0,False
2026-09-09,mr,332,148,121,211,8041,256245,3106,332,0,0,False
2026-09-09,my,77,25,37,40,288,7933,41,77,0,0,False
2026-09-09,ne,209,113,117,92,1945,234054,418,209,0,0,False
2026-09-09,nl,3566,2056,1482,2084,187716,10838513,25933,3566,0,0,False
2026-09-09,no,695,623,314,381,83163,3862763,8280,695,0,0,False
2026-09-09,or,29,16,22,7,1779,84473,193,29,0,0,False
2026-09-09,pa,29,20,13,16,769,36087,263,29,0,0,False
2026-09-09,pl,6099,2938,2355,3744,503087,34269041,67752,6099,0,0,False
2026-09-09,ps,158,74,76,82,2478,147850,450,158,0,0,False
2026-09-09,pt,87484,33775,33265,54219,18069312,671431400,1974751,87484,0,0,False
2026-09-09,qam,789,539,371,418,3007,128733,1637,789,0,0,False
2026-09-09,qct,66,51,53,13,366,27969,63,66,0,0,False
2026-09-09,qht,1842,1441,1332,510,18036,8563617,2739,1842,0,0,False
2026-09-09,qme,23435,19098,5127,18308,2922876,94573370,288235,23435,0,0,False
2026-09-09,qst,3303,2867,2853,450,95798,4958710,10386,3303,0,0,False
2026-09-09,ro,1152,1027,402,750,123888,6062549,19557,1152,0,0,False
2026-09-09,ru,2814,1450,1569,1245,208661,11028759,14268,2814,0,0,False
2026-09-09,sd,16,10,5,11,72,829,18,16,0,0,False
2026-09-09,si,34,12,30,4,1828,110823,235,34,0,0,False
2026-09-09,sl,416,294,193,223,15046,516847,3396,416,0,0,False
2026-09-09,sr,432,225,151,281,29663,422489,3883,432,0,0,False
2026-09-09,sv,1717,1062,641,1076,116445,5281812,14489,1717,0,0,False
2026-09-09,ta,1537,485,329,1208,95957,4215229,22286,1537,0,0,False
2026-09-09,te,761,308,233,528,41882,2001636,6726,761,0,0,False
2026-09-09,th,55168,10999,5836,49332,1980810,128183796,1484988,55168,0,0,False
2026-09-09,tl,9223,6632,3178,6045,930904,51395910,132291,9223,0,0,False
2026-09-09,tr,33617,13976,14562,19055,5432349,613047252,396139,33617,0,0,False
2026-09-09,ug,1,1,1,0,18,755,12,1,0,0,False
2026-09-09,uk,974,461,513,461,41254,1634080,5085,974,0,0,False
2026-09-09,und,16403,12837,5094,11309,1770886,60324394,276880,16403,0,0,False
2026-09-09,ur,2014,695,554,1460,96003,5316472,29532,2014,0,0,False
2026-09-09,vi,682,464,367,315,44177,7438897,5442,682,0,0,False
2026-09-09,zh,8071,4756,3910,4161,511556,116035133,50988,8071,0,0,False
2026-09-09,zxx,69865,47891,18333,51532,10927425,445451123,1252292,69865,0,0,False
2026-09-10,<ALL>,792456,334317,334915,457541,240094683,16525056081,29648080,792456,0,0,False
2026-09-10,<NULL>,15,9,14,1,36,0,2,15,0,0,False
2026-09-10,am,61,42,26,35,3622,178875,1216,61,0,0,False
2026-09-10,ar,16801,8584,9226,7575,1837252,328691527,249532,16801,0,0,False
2026-09-10,art,2931,2595,2500,431,179038,6661991,21333,2931,0,0,False
2026-09-10,bg,31,22,23,8,476,21037,34,31,0,0,False
2026-09-10,bn,37,26,31,6,697,34546,85,37,0,0,False
2026-09-10,bo,2,1,2,0,3,208,0,2,0,0,False
2026-09-10,ca,1973,1287,739,1234,278115,23282532,28458,1973,0,0,False
2026-09-10,ckb,39,29,20,19,1549,45928,90,39,0,0,False
2026-09-10,cs,782,575,359,423,47209,3735616,3868,782,0,0,False
2026-09-10,cy,328,311,138,190,101612,11713033,11800,328,0,0,False
2026-09-10,da,717,636,283,434,156636,8690951,23619,717,0,0,False
2026-09-10,de,4066,2541,1936,2130,858931,64171837,97912,4066,0,0,False
2026-09-10,dv,44,30,21,23,595,226916,499,44,0,0,False
2026-09-10,el,399,221,160,239,17288,884391,2746,399,0,0,False
2026-09-10,en,342827,162861,132441,210386,123353599,7548829292,13131834,342827,0,0,False
2026-09-10,es,61221,31825,22721,38500,14784019,753284938,1991508,61221,0,0,False
2026-09-10,et,1537,1430,546,991,418469,12784076,48606,1537,0,0,False
2026-09-10,eu,420,387,152,268,196791,5375996,17927,420,0,0,False
2026-09-10,fa,5053,2683,3036,2017,605452,43776732,24949,5053,0,0,False
2026-09-10,fi,704,512,336,368,141636,5119429,11355,704,0,0,False
2026-09-10,fr,21812,12141,8859,12953,5571754,447460769,619551,21812,0,0,False
2026-09-10,gu,35,21,20,15,793,42932,146,35,0,0,False
2026-09-10,hi,2458,1281,1001,1457,375700,18663700,87465,2458,0,0,False
2026-09-10,ht,1028,973,497,531,197303,6614714,22286,1028,0,0,False
2026-09-10,hu,212,200,104,108,68126,2497227,4715,212,0,0,False
2026-09-10,in,13284,8416,5844,7440,3738267,215832235,599568,13284,0,0,False
2026-09-10,is,91,89,33,58,30491,335414,2401,91,0,0,False
2026-09-10,it,3029,1991,1547,1482,456424,20884172,50231,3029,0,0,False
2026-09-10,iw,1022,541,594,428,238142,10950389,35210,1022,0,0,False
2026-09-10,ja,136391,65725,75501,60890,36084602,4200996173,5881860,136391,0,0,False
2026-09-10,ka,7,5,4,3,2043,25550,232,7,0,0,False
2026-09-10,km,4,3,2,2,349,8286,173,4,0,0,False
2026-09-10,kn,56,38,34,22,2335,354358,252,56,0,0,False
2026-09-10,ko,18349,9552,6539,11810,2654026,240262106,678567,18349,0,0,False
2026-09-10,lo,2,2,0,2,0,0,0,2,0,0,False
2026-09-10,lt,324,318,104,220,218044,4075942,19443,324,0,0,False
2026-09-10,lv,325,224,165,160,11315,1092199,1264,325,0,0,False
2026-09-10,ml,28,15,17,11,564,86507,66,28,0,0,False
2026-09-10,mr,190,85,77,113,9818,406588,5252,190,0,0,False
2026-09-10,my,69,26,31,38,238,4957,64,69,0,0,False
2026-09-10,ne,139,84,89,50,10948,641773,3017,139,0,0,False
2026-09-10,nl,1581,1075,753,828,265025,12741855,30771,1581,0,0,False
2026-09-10,no,534,464,264,270,113577,8381621,18390,534,0,0,False
2026-09-10,or,18,8,15,3,2699,59499,380,18,0,0,False
2026-09-10,pa,22,15,15,7,967,268402,299,22,0,0,False
2026-09-10,pl,3397,1902,1577,1820,510268,36951525,60642,3397,0,0,False
2026-09-10,ps,119,55,54,65,2445,132552,351,119,0,0,False
2026-09-10,pt,42218,21291,18782,23436,19238671,830648305,2138302,42218,0,0,False
2026-09-10,qam,384,277,217,167,168,43405,11,384,0,0,False
2026-09-10,qct,35,30,26,9,219,12224,41,35,0,0,False
2026-09-10,qht,963,833,657,306,213596,7230559,49768,963,0,0,False
2026-09-10,qme,11299,9972,3109,8190,2913641,123448355,351130,11299,0,0,False
2026-09-10,qst,1523,1392,1345,178,21252,1226233,2179,1523,0,0,False
2026-09-10,ro,568,530,217,351,371532,23923396,19272,568,0,0,False
2026-09-10,ru,1513,869,978,535,133229,6806234,11110,1513,0,0,False
2026-09-10,sd,2,2,0,2,0,0,0,2,0,0,False
2026-09-10,si,8,3,6,2,12,2158,4,8,0,0,False
2026-09-10,sl,224,163,114,110,150342,3721209,6357,224,0,0,False
2026-09-10,sr,164,98,84,80,15177,479527,2511,164,0,0,False
2026-09-10,sv,1024,646,532,492,97603,9185133,11090,1024,0,0,False
2026-09-10,ta,810,380,200,610,146823,10900904,39170,810,0,0,False
2026-09-10,te,305,145,96,209,14250,808669,2061,305,0,0,False
2026-09-10,th,15019,5210,2036,12983,1099540,103284195,1042257,15019,0,0,False
2026-09-10,tl,4227,3311,1647,2580,915673,38954015,129248,4227,0,0,False
2026-09-10,tr,19074,9483,9501,9573,5117474,569185126,370819,19074,0,0,False
2026-09-10,ug,1,1,1,0,14,410,9,1,0,0,False
2026-09-10,uk,436,258,261,175,36005,2274884,2689,436,0,0,False
2026-09-10,und,7658,6639,2785,4873,1862892,70991579,232825,7658,0,0,False
2026-09-10,ur,904,473,350,554,76096,4194156,22494,904,0,0,False
2026-09-10,vi,323,224,208,115,11099,2701811,5448,323,0,0,False
2026-09-10,zh,4361,2786,2338,2023,564472,98664215,51146,4361,0,0,False
2026-09-10,zxx,34899,26960,10975,23924,13545615,569088083,1368170,34899,0,0,False
2026-09-11,<ALL>,787434,334716,346373,441061,245115631,17121046267,31291793,787434,0,0,False
2026-09-11,<NULL>,5,5,5,0,318,0,47,5,0,0,False
2026-09-11,am,39,27,17,22,554,20550,113,39,0,0,False
2026-09-11,ar,17229,8773,9295,7934,2045071,387122743,257923,17229,0,0,False
2026-09-11,art,2860,2551,2472,388,128236,11321195,21148,2860,0,0,False
2026-09-11,bg,32,21,18,14,554,33864,24,32,0,0,False
2026-09-11,bn,72,50,45,27,3907,392219,1165,72,0,0,False
2026-09-11,bo,3,3,1,2,0,85,0,3,0,0,False
2026-09-11,ca,2492,1570,798,1694,298641,26256544,37936,2492,0,0,False
2026-09-11,ckb,55,34,39,16,611,20317,32,55,0,0,False
2026-09-11,cs,740,493,351,389,135026,7310804,10963,740,0,0,False
2026-09-11,cy,385,359,160,225,122541,6631427,25882,385,0,0,False
2026-09-11,da,547,488,250,297,141329,16166714,6711,547,0,0,False
2026-09-11,de,4021,2452,1866,2155,849292,32770262,114371,4021,0,0,False
2026-09-11,dv,22,16,9,13,306,82488,188,22,0,0,False
2026-09-11,el,455,214,194,261,13163,652245,2429,455,0,0,False
2026-09-11,en,332338,160223,132375,199963,126690054,7807634053,14047256,332338,0,0,False
2026-09-11,es,60160,31053,22803,37357,16133719,927709407,2035352,60160,0,0,False
2026-09-11,et,1351,1264,530,821,196633,7237720,22040,1351,0,0,False
2026-09-11,eu,440,396,174,266,63571,1761461,8280,440,0,0,False
2026-09-11,fa,5619,2825,3288,2331,685119,37022331,39341,5619,0,0,False
2026-09-11,fi,670,493,352,318,90977,13699568,7755,670,0,0,False
2026-09-11,fr,23759,12584,9902,13857,4701512,425223850,565322,23759,0,0,False
2026-09-11,gu,23,17,12,11,1885,188971,197,23,0,0,False
2026-09-11,hi,2167,1261,941,1226,376443,23477324,83276,2167,0,0,False
2026-09-11,ht,998,951,479,519,151625,8693336,14655,998,0,0,False
2026-09-11,hu,208,199,93,115,86882,4560788,10113,208,0,0,False
2026-09-11,hy,7,2,7,0,1,237,0,7,0,0,False
2026-09-11,in,12544,8011,6102,6442,3527074,215586026,605044,12544,0,0,False
2026-09-11,is,86,79,43,43,10915,832642,2411,86,0,0,False
2026-09-11,it,3115,2091,1547,1568,694798,31934351,60080,3115,0,0,False
2026-09-11,iw,816,517,474,342,115510,4335206,10952,816,0,0,False
2026-09-11,ja,140789,66772,81431,59358,37109414,4347862376,6078620,140789,0,0,False
2026-09-11,ka,8,8,1,7,1,34,0,8,0,0,False
2026-09-11,km,8,6,7,1,26,7092,0,8,0,0,False
2026-09-11,kn,59,41,35,24,2936,136061,357,59,0,0,False
2026-09-11,ko,17308,9261,6659,10649,3506931,330043609,873118,17308,0,0,False
2026-09-11,lt,230,226,104,126,37780,1516474,4680,230,0,0,False
2026-09-11,lv,264,192,148,116,18570,642817,1570,264,0,0,False
2026-09-11,ml,19,12,11,8,936,33310,286,19,0,0,False
2026-09-11,mr,154,76,85,69,33159,638203,2358,154,0,0,False
2026-09-11,my,33,19,22,11,217,11547,38,33,0,0,False
2026-09-11,ne,103,65,74,29,1893,244460,282,103,0,0,False
2026-09-11,nl,1700,1098,826,874,137373,20438992,17326,1700,0,0,False
2026-09-11,no,421,374,211,210,31472,1072258,6956,421,0,0,False
2026-09-11,or,23,11,16,7,846,40493,78,23,0,0,False
2026-09-11,pa,14,13,9,5,644,27576,287,14,0,0,False
2026-09-11,pl,3568,1956,1739,1829,502442,36143662,69207,3568,0,0,False
2026-09-11,ps,115,56,56,59,1439,58866,203,115,0,0,False
2026-09-11,pt,45737,22728,20139,25598,21057114,774286696,2468948,45737,0,0,False
2026-09-11,qam,373,298,203,170,154,41163,12,373,0,0,False
2026-09-11,qct,26,22,23,3,154,25942,11,26,0,0,False
2026-09-11,qht,1002,815,740,262,16821,1784151,3063,1002,0,0,False
2026-09-11,qme,11425,9998,3428,7997,2614588,116309166,289626,11425,0,0,False
2026-09-11,qst,1488,1323,1374,114,22092,792738,3566,1488,0,0,False
2026-09-11,ro,558,522,207,351,182662,4643957,20064,558,0,0,False
2026-09-11,ru,1519,888,1042,477,196870,9437937,14042,1519,0,0,False
2026-09-11,sd,8,5,6,2,44,7749,5,8,0,0,False
2026-09-11,si,6,3,4,2,3,369,0,6,0,0,False
2026-09-11,sl,254,199,129,125,23296,572587,2917,254,0,0,False
2026-09-11,sr,183,127,73,110,8108,551500,1698,183,0,0,False
2026-09-11,sv,1076,646,557,519,211590,9330642,19524,1076,0,0,False
2026-09-11,ta,697,344,274,423,122836,6434946,25115,697,0,0,False
2026-09-11,te,311,166,120,191,31894,2068133,5873,311,0,0,False
2026-09-11,th,10489,4773,1780,8709,1395031,138170909,1223375,10489,0,0,False
2026-09-11,tl,3915,3128,1774,2141,715889,41212180,104349,3915,0,0,False
2026-09-11,tr,21415,9892,10314,11101,5952374,648919509,491340,21415,0,0,False
2026-09-11,ug,5,4,3,2,29,1079,23,5,0,0,False
2026-09-11,uk,447,275,252,195,31360,1283157,3835,447,0,0,False
2026-09-11,und,7259,6223,2983,4276,1451502,56476278,205757,7259,0,0,False
2026-09-11,ur,1020,516,383,637,91125,4635421,26704,1020,0,0,False
2026-09-11,vi,258,189,160,98,5544,484437,585,258,0,0,False
2026-09-11,zh,4350,2727,2324,2026,545703,92064874,48059,4350,0,0,False
2026-09-11,zxx,35539,27473,12005,23534,11786502,473914189,1286930,35539,0,0,False
2026-09-12,<ALL>,938116,359221,406650,531466,264735223,17850524958,33524701,938116,0,0,False
2026-09-12,<NULL>,8,5,8,0,33,0,0,8,0,0,False
2026-09-12,am,21,16,11,10,265,5208,75,21,0,0,False
2026-09-12,ar,22279,10247,12409,9870,2813442,397184607,367684,22279,0,0,False
2026-09-12,art,3511,3105,3030,481,59778,3813456,6133,3511,0,0,False
2026-09-12,bg,57,41,33,24,1066,54337,51,57,0,0,False
2026-09-12,bn,45,36,30,15,972,66658,200,45,0,0,False
2026-09-12,ca,2162,1428,793,1369,230351,12635268,44381,2162,0,0,False
2026-09-12,ckb,42,25,24,18,398,11986,22,42,0,0,False
2026-09-12,cs,683,488,308,375,131570,6367587,8550,683,0,0,False
2026-09-12,cy,469,458,183,286,72271,11427837,8353,469,0,0,False
2026-09-12,da,625,564,288,337,64892,7297320,4313,625,0,0,False
2026-09-12,de,4494,2754,2000,2494,915926,31645094,135790,4494,0,0,False
2026-09-12,dv,70,34,27,43,1641,80449,1603,70,0,0,False
2026-09-12,el,573,257,241,332,16746,813774,2425,573,0,0,False
2026-09-12,en,389784,173449,149751,240033,131210438,7712729408,14358864,389784,0,0,False
2026-09-12,es,66569,33321,25255,41314,16180480,817329154,2114291,66569,0,0,False
2026-09-12,et,1817,1657,758,1059,453182,25309104,55943,1817,0,0,False
2026-09-12,eu,571,501,250,321,73773,3797313,11680,571,0,0,False
2026-09-12,fa,6661,3169,3842,2819,777675,40360023,31593,6661,0,0,False
2026-09-12,fi,749,522,342,407,70011,3254943,7643,749,0,0,False
2026-09-12,fr,25754,12995,10560,15194,4641082,421668543,568505,25754,0,0,False
2026-09-12,gu,29,14,21,8,744,44626,134,29,0,0,False
2026-09-12,hi,2564,1485,1096,1468,629625,42571853,139427,2564,0,0,False
2026-09-12,ht,1299,1240,589,710,247077,10192868,30524,1299,0,0,False
2026-09-12,hu,272,251,131,141,33576,1533819,2428,272,0,0,False
2026-09-12,hy,6,2,6,0,2,364,1,6,0,0,False
2026-09-12,in,17031,10083,7864,9167,4478011,279218490,830220,17031,0,0,False
2026-09-12,is,159,144,86,73,106843,1911139,9688,159,0,0,False
2026-09-12,it,3819,2549,1950,1869,572958,31836303,61421,3819,0,0,False
2026-09-12,iw,696,352,362,334,70875,2640947,7021,696,0,0,False
2026-09-12,ja,177757,75046,104050,73707,42648140,4842928763,6021815,177757,0,0,False
2026-09-12,ka,6,6,2,4,20,286,0,6,0,0,False
2026-09-12,km,1,1,0,1,0,0,0,1,0,0,False
2026-09-12,kn,68,37,38,30,5302,188690,712,68,0,0,False
2026-09-12,ko,22735,11345,8366,14369,4640890,398133809,1119856,22735,0,0,False
2026-09-12,lo,1,1,1,0,106,11129,46,1,0,0,False
2026-09-12,lt,338,330,182,156,108880,6219559,8981,338,0,0,False
2026-09-12,lv,203,176,94,109,3011,251573,556,203,0,0,False
2026-09-12,ml,32,21,15,17,328,65892,11,32,0,0,False
2026-09-12,mr,158,70,82,76,6261,499819,704,158,0,0,False
2026-09-12,my,122,36,62,60,354,8092,84,122,0,0,False
2026-09-12,ne,96,46,52,44,683,69944,115,96,0,0,False
2026-09-12,nl,1888,1235,925,963,256784,11584121,42416,1888,0,0,False
2026-09-12,no,458,392,284,174,43937,1901827,3376,458,0,0,False
2026-09-12,or,8,6,8,0,2295,157836,314,8,0,0,False
2026-09-12,pa,22,18,13,9,7807,420096,2144,22,0,0,False
2026-09-12,pl,3613,2062,1724,1889,562620,32238663,74293,3613,0,0,False
2026-09-12,ps,92,62,47,45,1597,105168,216,92,0,0,False
2026-09-12,pt,53270,25207,23309,29961,21617054,823930389,2528400,53270,0,0,False
2026-09-12,qam,389,306,210,179,410,86939,58,389,0,0,False
2026-09-12,qct,19,17,16,3,68,3945,8,19,0,0,False
2026-09-12,qht,1305,1060,1034,271,45524,5230397,5156,1305,0,0,False
2026-09-12,qme,13409,11732,3858,9551,2979513,137801266,312986,13409,0,0,False
2026-09-12,qst,1964,1838,1702,262,190013,7515481,10469,1964,0,0,False
2026-09-12,ro,665,630,254,411,136432,20331718,16916,665,0,0,False
2026-09-12,ru,1719,943,1133,586,195220,8936371,11036,1719,0,0,False
2026-09-12,sd,10,9,4,6,30,1281,2,10,0,0,False
2026-09-12,si,10,5,8,2,42,1866,4,10,0,0,False
2026-09-12,sl,219,179,101,118,43614,2813512,4225,219,0,0,False
2026-09-12,sr,177,105,78,99,9922,353813,921,177,0,0,False
2026-09-12,sv,1369,778,660,709,123981,7829064,14231,1369,0,0,False
2026-09-12,ta,814,365,261,553,153648,7248543,37441,814,0,0,False
2026-09-12,te,282,157,103,179,15044,1032788,2413,282,0,0,False
2026-09-12,th,16541,6420,2624,13917,2392353,172454872,1675172,16541,0,0,False
2026-09-12,tl,5421,4273,2123,3298,1629904,46255269,231020,5421,0,0,False
2026-09-12,tr,23043,10545,11112,11931,6263644,797550387,465542,23043,0,0,False
2026-09-12,ug,1,1,1,0,16,569,11,1,0,0,False
2026-09-12,uk,489,280,279,210,25185,1032009,3169,489,0,0,False
2026-09-12,und,9414,7847,3569,5845,2127910,79417328,328689,9414,0,0,False
2026-09-12,ur,1184,543,372,812,104769,6388014,28556,1184,0,0,False
2026-09-12,vi,373,280,183,190,41248,3974100,6039,373,0,0,False
2026-09-12,zh,4881,3082,2527,2354,569859,85028463,71095,4881,0,0,False
2026-09-12,zxx,40731,30894,12936,27795,13925102,474718829,1686540,40731,0,0,False
2026-09-13,<ALL>,1259578,414782,524001,735577,307405674,19545693513,37058412,1259578,0,0,False
2026-09-13,<NULL>,10,5,10,0,358,0,31,10,0,0,False
2026-09-13,am,28,17,13,15,273,8859,66,28,0,0,False
2026-09-13,ar,27508,11738,15327,12181,3064114,437902135,382136,27508,0,0,False
2026-09-13,art,4805,4123,4138,667,278996,12271016,18041,4805,0,0,False
2026-09-13,bg,43,30,32,11,1647,47421,123,43,0,0,False
2026-09-13,bn,51,38,34,17,702,55370,100,51,0,0,False
2026-09-13,bo,1,1,1,0,0,81,0,1,0,0,False
2026-09-13,ca,2602,1803,854,1748,287766,12538679,38449,2602,0,0,False
2026-09-13,ckb,55,31,37,18,596,23878,53,55,0,0,False
2026-09-13,cs,1029,648,426,603,112786,4308610,11716,1029,0,0,False
2026-09-13,cy,740,724,241,499,101122,4176244,16030,740,0,0,False
2026-09-13,da,944,849,420,524,289077,18363029,23524,944,0,0,False
2026-09-13,de,5715,3279,2367,3348,780879,32782635,95681,5715,0,0,False
2026-09-13,dv,78,29,22,56,550,106879,475,78,0,0,False
2026-09-13,el,685,283,304,381,24581,1307035,3818,685,0,0,False
2026-09-13,en,524784,203181,195986,328798,147861677,8464241030,15353037,524784,0,0,False
2026-09-13,es,89443,40070,32366,57077,21314806,1007992030,2541021,89443,0,0,False
2026-09-13,et,2321,2128,799,1522,351534,11549316,60270,2321,0,0,False
2026-09-13,eu,798,749,304,494,74720,6224604,11781,798,0,0,False
2026-09-13,fa,8538,3582,4654,3884,823078,30895123,42193,8538,0,0,False
2026-09-13,fi,891,645,437,454,64716,2955297,5849,891,0,0,False
2026-09-13,fr,36797,17813,13274,23523,6516488,509041348,866034,36797,0,0,False
2026-09-13,gu,35,19,20,15,456,42911,178,35,0,0,False
2026-09-13,hi,3489,1868,1357,2132,725533,43912448,110527,3489,0,0,False
2026-09-13,ht,1866,1754,921,945,310141,25510426,23148,1866,0,0,False
2026-09-13,hu,308,276,141,167,38690,1177571,9732,308,0,0,False
2026-09-13,hy,4,4,3,1,14,611,1,4,0,0,False
2026-09-13,in,21744,12106,9605,12139,5289431,268544259,918436,21744,0,0,False
2026-09-13,is,172,160,83,89,5868,204532,521,172,0,0,False
2026-09-13,it,5242,3256,2589,2653,564740,37971655,57177,5242,0,0,False
2026-09-13,iw,1202,554,590,612,142034,7480745,15911,1202,0,0,False
2026-09-13,ja,229514,85628,130675,98839,50010072,5219976052,6442000,229514,0,0,False
2026-09-13,ka,10,10,3,7,20,513,0,10,0,0,False
2026-09-13,km,12,7,9,3,67,6082,8,12,0,0,False
2026-09-13,kn,84,47,55,29,8732,418448,1036,84,0,0,False
2026-09-13,ko,34537,15208,12074,22463,5120345,431267331,1237417,34537,0,0,False
2026-09-13,lt,371,361,141,230,151638,7798150,13081,371,0,0,False
2026-09-13,lv,318,272,144,174,88010,3551701,5551,318,0,0,False
2026-09-13,ml,53,34,37,16,667,42711,47,53,0,0,False
2026-09-13,mr,158,83,77,81,7241,654949,2285,158,0,0,False
2026-09-13,my,123,29,102,21,705,11437,215,123,0,0,False
2026-09-13,ne,88,50,47,41,867,66135,153,88,0,0,False
2026-09-13,nl,2693,1807,1160,1533,357220,15370279,37000,2693,0,0,False
2026-09-13,no,646,565,333,313,82973,4355960,12136,646,0,0,False
2026-09-13,or,5,4,5,0,154,57695,9,5,0,0,False
2026-09-13,pa,40,24,15,25,889,59919,293,40,0,0,False
2026-09-13,pl,5348,2661,2388,2960,730555,40888921,80586,5348,0,0,False
2026-09-13,ps,111,63,73,38,1604,132678,204,111,0,0,False
2026-09-13,pt,72762,30052,31811,40951,24818455,933135248,2763491,72762,0,0,False
2026-09-13,qam,523,386,332,191,871,94926,149,523,0,0,False
2026-09-13,qct,20,19,19,1,35,3267,10,20,0,0,False
2026-09-13,qht,1461,1202,1134,327,76434,1901419,5240,1461,0,0,False
2026-09-13,qme,19099,16384,4977,14122,4116506,110967379,457517,19099,0,0,False
2026-09-13,qst,2760,2468,2292,468,141789,12694486,15922,2760,0,0,False
2026-09-13,ro,825,771,269,556,151144,9023498,21818,825,0,0,False
2026-09-13,ru,2099,1101,1310,789,278009,9866672,21866,2099,0,0,False
2026-09-13,sd,11,6,10,1,104,3781,39,11,0,0,False
2026-09-13,si,5,5,3,2,52,8892,1,5,0,0,False
2026-09-13,sl,385,304,176,209,73440,1476487,5474,385,0,0,False
2026-09-13,sr,234,146,95,139,12968,431879,1467,234,0,0,False
2026-09-13,sv,1999,1066,999,1000,379661,13601198,25639,1999,0,0,False
2026-09-13,ta,945,440,265,680,113420,8054491,26160,945,0,0,False
2026-09-13,te,329,181,105,224,27969,2985862,4581,329,0,0,False
2026-09-13,th,23866,8144,3237,20629,2872369,205135450,2314626,23866,0,0,False
2026-09-13,tl,6729,5144,2755,3974,1220262,60891458,162859,6729,0,0,False
2026-09-13,tr,31053,12803,14650,16403,7854156,781385676,518441,31053,0,0,False
2026-09-13,uk,570,315,301,269,26710,968173,2477,570,0,0,False
2026-09-13,und,13842,11434,4699,9143,2400044,80165544,428331,13842,0,0,False
2026-09-13,ur,1357,590,439,918,93542,6061184,30472,1357,0,0,False
2026-09-13,vi,394,287,190,204,42640,15375712,12256,394,0,0,False
2026-09-13,zh,6174,3734,3042,3132,633261,77731666,62630,6174,0,0,False
2026-09-13,zxx,56097,40303,16198,39899,16482701,547434427,1738866,56097,0,0,False
2026-09-14,<ALL>,1792336,505637,657211,1135125,317763673,20157754219,40444884,1792336,0,0,False
2026-09-14,<NULL>,31056,30081,31056,0,98,54,4,31056,0,0,False
2026-09-14,am,52,29,17,35,163,7628,33,52,0,0,False
2026-09-14,ar,33340,12862,17041,16299,2657631,435910256,298190,33340,0,0,False
2026-09-14,art,6369,5206,5476,893,86685,7025373,7504,6369,0,0,False
2026-09-14,bg,65,46,41,24,351,41965,10,65,0,0,False
2026-09-14,bn,91,48,64,27,1016,123803,158,91,0,0,False
2026-09-14,bo,2,2,1,1,6,262,1,2,0,0,False
2026-09-14,ca,3776,2390,1234,2542,265084,9757263,39265,3776,0,0,False
2026-09-14,ckb,54,34,36,18,504,17137,22,54,0,0,False
2026-09-14,cs,1414,812,503,911,82100,3256204,8585,1414,0,0,False
2026-09-14,cy,763,735,269,494,98228,5089930,10319,763,0,0,False
2026-09-14,da,1264,1082,432,832,177406,11381532,13149,1264,0,0,False
2026-09-14,de,8536,4094,3268,5268,886023,50247003,124735,8536,0,0,False
2026-09-14,dv,79,34,39,40,267,95222,241,79,0,0,False
2026-09-14,el,1008,338,338,670,22984,1787288,3818,1008,0,0,False
2026-09-14,en,735500,241766,229072,506428,153949033,8564346092,16740963,735500,0,0,False
2026-09-14,es,133158,50752,43224,89934,21494463,945955917,2670559,133158,0,0,False
2026-09-14,et,3375,2994,1037,2338,559916,22697632,73945,3375,0,0,False
2026-09-14,eu,964,867,348,616,77875,2095062,20561,964,0,0,False
2026-09-14,fa,10211,3823,5086,5125,808200,30542523,40879,10211,0,0,False
2026-09-14,fi,1275,878,508,767,112644,4403238,11979,1275,0,0,False
2026-09-14,fr,47264,19065,15808,31456,5192721,404903767,623871,47264,0,0,False
2026-09-14,gu,56,30,26,30,1222,200744,245,56,0,0,False
2026-09-14,hi,5944,2678,2150,3794,790584,42879704,162548,5944,0,0,False
2026-09-14,ht,2309,2150,991,1318,125300,4734432,14937,2309,0,0,False
2026-09-14,hu,435,398,163,272,17376,961308,1969,435,0,0,False
2026-09-14,hy,5,4,3,2,12,195,0,5,0,0,False
2026-09-14,in,30882,15220,12494,18388,5681163,276700388,971223,30882,0,0,False
2026-09-14,is,198,187,97,101,35973,745809,1715,198,0,0,False
2026-09-14,it,7778,4052,3499,4279,777497,47641688,78986,7778,0,0,False
2026-09-14,iw,2239,847,1012,1227,166167,8775991,19691,2239,0,0,False
2026-09-14,ja,293505,97587,143274,150231,53110081,5900232817,7841839,293505,0,0,False
2026-09-14,ka,3,3,0,3,0,0,0,3,0,0,False
2026-09-14,km,4,3,2,2,0,2,0,4,0,0,False
2026-09-14,kn,167,96,83,84,14248,913857,1154,167,0,0,False
2026-09-14,ko,49841,19266,16357,33484,4914152,424393454,1320836,49841,0,0,False
2026-09-14,lo,3,3,1,2,0,7,0,3,0,0,False
2026-09-14,lt,497,489,170,327,32424,738325,2954,497,0,0,False
2026-09-14,lv,439,310,229,210,18938,2144044,1489,439,0,0,False
2026-09-14,ml,75,38,42,33,973,54480,58,75,0,0,False
2026-09-14,mr,342,178,159,183,65247,2814977,7459,342,0,0,False
2026-09-14,my,53,30,31,22,87,5007,22,53,0,0,False
2026-09-14,ne,164,85,81,83,2158,155914,294,164,0,0,False
2026-09-14,nl,3615,2103,1428,2187,327237,15494617,41402,3615,0,0,False
2026-09-14,no,872,761,339,533,133614,8816634,8448,872,0,0,False
2026-09-14,or,16,12,13,3,2560,119276,360,16,0,0,False
2026-09-14,pa,56,27,26,30,1276,78671,500,56,0,0,False
2026-09-14,pl,7733,3239,2665,5068,795391,43216141,112179,7733,0,0,False
2026-09-14,ps,273,90,120,153,3895,238117,655,273,0,0,False
2026-09-14,pt,109441,38404,42151,67290,27366942,1007139034,3005452,109441,0,0,False
2026-09-14,qam,768,534,416,352,646,292301,190,768,0,0,False
2026-09-14,qct,58,42,47,11,92,10448,3,58,0,0,False
2026-09-14,qht,2039,1633,1494,545,11901,719873,2963,2039,0,0,False
2026-09-14,qme,26832,21950,5659,21173,4002077,108510443,402764,26832,0,0,False
2026-09-14,qst,3388,3036,2880,508,453197,17715214,31913,3388,0,0,False
2026-09-14,ro,901,830,339,562,76287,24167068,9216,901,0,0,False
2026-09-14,ru,3085,1461,1750,1335,210664,8773235,13358,3085,0,0,False
2026-09-14,sd,17,5,12,5,16,721,2,17,0,0,False
2026-09-14,si,22,13,10,12,64,4377,7,22,0,0,False
2026-09-14,sl,487,355,201,286,54754,1595378,6520,487,0,0,False
2026-09-14,sr,387,189,146,241,31273,989795,4132,387,0,0,False
2026-09-14,sv,2419,1205,935,1484,227337,10684633,23689,2419,0,0,False
2026-09-14,ta,1782,622,357,1425,176335,10896880,44390,1782,0,0,False
2026-09-14,te,721,393,170,551,50778,2675698,7153,721,0,0,False
2026-09-14,th,47356,11884,5186,42170,2963653,220752726,2656561,47356,0,0,False
2026-09-14,tl,10716,7544,3703,7013,1532011,51360525,249459,10716,0,0,False
2026-09-14,tr,43953,14747,19477,24476,7195881,624675486,484874,43953,0,0,False
2026-09-14,ug,1,1,1,0,3,645,0,1,0,0,False
2026-09-14,uk,1001,429,486,515,40302,1085848,5433,1001,0,0,False
2026-09-14,und,17635,14287,5148,12487,2104911,77598929,284112,17635,0,0,False
2026-09-14,ur,2940,909,856,2084,323937,11147050,89307,2940,0,0,False
2026-09-14,vi,730,506,344,386,79868,5773060,19016,730,0,0,False
2026-09-14,zh,8754,4846,4219,4535,678457,94868328,64384,8754,0,0,False
2026-09-14,zxx,79783,53687,20871,58912,16691314,594574774,1760232,79783,0,0,False
2026-09-15,<ALL>,1952018,481103,666420,1285598,293912019,18223786988,37374374,1952018,0,0,False
2026-09-15,<NULL>,49896,47846,49896,0,25,282,5,49896,0,0,False
2026-09-15,am,44,22,10,34,86,3144,28,44,0,0,False
2026-09-15,ar,36905,12272,19014,17891,3353950,461909377,481415,36905,0,0,False
2026-09-15,art,6622,5309,5554,1068,214216,17125589,24328,6622,0,0,False
2026-09-15,bg,76,46,38,38,702,13598,62,76,0,0,False
2026-09-15,bn,104,46,60,44,3267,562815,288,104,0,0,False
2026-09-15,ca,3841,2294,1090,2751,161935,13192986,24770,3841,0,0,False
2026-09-15,ckb,59,39,28,31,475,16893,42,59,0,0,False
2026-09-15,cs,1430,767,503,927,38368,2686217,3235,1430,0,0,False
2026-09-15,cy,806,789,276,530,88982,9079340,10036,806,0,0,False
2026-09-15,da,1015,903,338,677,223364,15677322,11537,1015,0,0,False
2026-09-15,de,8563,4054,2775,5788,950814,58007566,132201,8563,0,0,False
2026-09-15,dv,129,37,43,86,750,146906,312,129,0,0,False
2026-09-15,el,983,301,276,707,13561,712141,2421,983,0,0,False
2026-09-15,en,776823,221571,218689,558134,147536243,8025349482,16034722,776823,0,0,False
2026-09-15,es,138856,47881,40880,97976,20811867,877848204,2471662,138856,0,0,False
2026-09-15,et,3873,3447,1021,2852,338588,18636788,52590,3873,0,0,False
2026-09-15,eu,946,834,314,632,45088,2098995,4977,946,0,0,False
2026-09-15,fa,9238,3219,4415,4823,576551,21087649,28168,9238,0,0,False
2026-09-15,fi,1539,932,609,930,198607,5777459,20335,1539,0,0,False
2026-09-15,fr,47263,17378,15905,31358,4775602,384258832,580869,47263,0,0,False
2026-09-15,gu,45,25,25,20,795,62734,141,45,0,0,False
2026-09-15,hi,7054,2804,2113,4941,742845,48035256,143171,7054,0,0,False
2026-09-15,ht,2616,2435,1023,1593,347599,8144008,29591,2616,0,0,False
2026-09-15,hu,591,544,223,368,171640,7398039,10878,591,0,0,False
2026-09-15,hy,4,2,4,0,11,373,0,4,0,0,False
2026-09-15,in,33936,15541,12623,21313,5110111,208602343,931636,33936,0,0,False
2026-09-15,is,234,224,102,132,6371,261234,618,234,0,0,False
2026-09-15,it,6593,3586,2831,3762,601943,33595706,54798,6593,0,0,False
2026-09-15,iw,1949,712,758,1191,162730,7440891,17284,1949,0,0,False
2026-09-15,ja,346566,96456,153064,193502,46947025,5191486674,6989771,346566,0,0,False
2026-09-15,ka,12,11,4,8,33,773,8,12,0,0,False
2026-09-15,km,11,9,0,11,0,0,0,11,0,0,False
2026-09-15,kn,101,58,30,71,3380,246573,354,101,0,0,False
2026-09-15,ko,59893,19874,18206,41687,3586530,296117524,959028,59893,0,0,False
2026-09-15,lt,492,489,186,306,11484,510215,1048,492,0,0,False
2026-09-15,lv,416,262,169,247,13283,394038,912,416,0,0,False
2026-09-15,ml,56,29,36,20,1135,105590,79,56,0,0,False
2026-09-15,mr,416,169,150,266,64303,2268183,4198,416,0,0,False
2026-09-15,my,140,51,85,55,334,10559,122,140,0,0,False
2026-09-15,ne,152,90,93,59,1420,121913,200,152,0,0,False
2026-09-15,nl,4037,2055,1518,2519,224338,10540527,29029,4037,0,0,False
2026-09-15,no,945,857,341,604,78595,2101933,11908,945,0,0,False
2026-09-15,or,47,17,26,21,8130,324142,735,47,0,0,False
2026-09-15,pa,60,26,39,21,279,15646,80,60,0,0,False
2026-09-15,pl,8838,3304,2680,6158,658037,38414312,92363,8838,0,0,False
2026-09-15,ps,197,71,104,93,1727,109682,285,197,0,0,False
2026-09-15,pt,112489,36228,40678,71811,24966346,799501398,2860217,112489,0,0,False
2026-09-15,qam,689,494,336,353,2402,525025,874,689,0,0,False
2026-09-15,qct,28,23,22,6,45,2324,4,28,0,0,False
2026-09-15,qht,2354,1842,1667,687,54906,1670180,6641,2354,0,0,False
2026-09-15,qme,28608,23248,5050,23558,4117800,125668491,474101,28608,0,0,False
2026-09-15,qst,3673,3231,3031,642,208973,12807166,27682,3673,0,0,False
2026-09-15,ro,1357,1262,300,1057,93092,10648179,9009,1357,0,0,False
2026-09-15,ru,2892,1302,1536,1356,155396,5290585,12575,2892,0,0,False
2026-09-15,sd,12,9,5,7,1,194,0,12,0,0,False
2026-09-15,si,17,8,14,3,108,4367,8,17,0,0,False
2026-09-15,sl,412,291,158,254,26387,1270266,2189,412,0,0,False
2026-09-15,sr,525,229,198,327,36470,1324853,7569,525,0,0,False
2026-09-15,sv,1862,941,683,1179,85990,5249577,6238,1862,0,0,False
2026-09-15,ta,2159,613,360,1799,111196,6044080,28440,2159,0,0,False
2026-09-15,te,582,247,148,434,33821,3642016,5289,582,0,0,False
2026-09-15,th,75413,14016,6939,68474,2942359,217830645,2352693,75413,0,0,False
2026-09-15,tl,11627,7588,3734,7893,1003055,49622502,154168,11627,0,0,False
2026-09-15,tr,32284,11304,12874,19410,5698097,583949517,380917,32284,0,0,False
2026-09-15,uk,841,378,354,487,23909,1437890,3578,841,0,0,False
2026-09-15,und,19315,15149,5495,13820,2325763,96430636,280833,19315,0,0,False
2026-09-15,ur,3924,920,861,3063,271182,9812114,75072,3924,0,0,False
2026-09-15,vi,841,530,394,447,81729,16782321,7169,841,0,0,False
2026-09-15,zh,8716,4665,3957,4759,674284,72117285,65413,8716,0,0,False
2026-09-15,zxx,76986,50780,19459,57527,12921589,431654924,1451455,76986,0,0,False
2026-09-16,<ALL>,1375354,326447,449955,925399,156471820,9488174692,21929898,1375354,0,0,False
2026-09-16,<NULL>,65338,62681,65338,0,37,89,21,65338,0,0,False
2026-09-16,am,16,13,7,9,182,11574,63,16,0,0,False
2026-09-16,ar,23160,7495,10537,12623,1147357,193843035,184462,23160,0,0,False
2026-09-16,art,4842,3755,3907,935,225393,12007091,13304,4842,0,0,False
2026-09-16,bg,33,22,18,15,439,11825,39,33,0,0,False
2026-09-16,bn,67,37,40,27,534,31893,79,67,0,0,False
2026-09-16,bo,2,2,0,2,0,0,0,2,0,0,False
2026-09-16,ca,2821,1578,722,2099,218309,8993989,25309,2821,0,0,False
2026-09-16,ckb,69,24,38,31,208,5896,23,69,0,0,False
2026-09-16,cs,952,494,294,658,32134,1070547,2701,952,0,0,False
2026-09-16,cy,579,533,180,399,47438,1307935,5483,579,0,0,False
2026-09-16,da,700,625,243,457,96815,3528127,10940,700,0,0,False
2026-09-16,de,5876,2615,1693,4183,568052,18311767,70680,5876,0,0,False
2026-09-16,dv,66,23,21,45,126,52582,65,66,0,0,False
2026-09-16,el,747,193,253,494,12659,495037,2340,747,0,0,False
2026-09-16,en,506799,133298,127485,379314,78290327,4091947353,9046408,506799,0,0,False
2026-09-16,es,102406,31033,25826,76580,9918076,356898559,1250332,102406,0,0,False
2026-09-16,et,2592,2263,620,1972,265992,7333095,41247,2592,0,0,False
2026-09-16,eu,567,538,172,395,17265,707365,1760,567,0,0,False
2026-09-16,fa,6642,1944,2930,3712,243450,7965506,22180,6642,0,0,False
2026-09-16,fi,1213,704,342,871,39879,1728158,4186,1213,0,0,False
2026-09-16,fr,35499,11272,11182,24317,2662884,189361825,321502,35499,0,0,False
2026-09-16,gu,28,14,18,10,324,15371,115,28,0,0,False
2026-09-16,hi,4503,1654,1229,3274,198473,14556321,45052,4503,0,0,False
2026-09-16,ht,1843,1702,584,1259,224143,7089911,28563,1843,0,0,False
2026-09-16,hu,369,345,124,245,32772,2528256,1884,369,0,0,False
2026-09-16,hy,2,2,2,0,4,180,0,2,0,0,False
2026-09-16,in,21376,9910,7517,13859,2328673,109781782,413332,21376,0,0,False
2026-09-16,is,161,149,72,89,1299,85530,115,161,0,0,False
2026-09-16,it,4715,2382,1858,2857,350932,16794362,32890,4715,0,0,False
2026-09-16,iw,1085,374,441,644,58617,3830974,6130,1085,0,0,False
2026-09-16,ja,248555,62952,102338,146217,29321086,3050803347,5252865,248555,0,0,False
2026-09-16,ka,8,8,0,8,0,0,0,8,0,0,False
2026-09-16,km,4,4,2,2,0,351,0,4,0,0,False
2026-09-16,kn,95,47,32,63,18442,741406,2780,95,0,0,False
2026-09-16,ko,37334,12149,10923,26411,2336890,171868982,659057,37334,0,0,False
2026-09-16,lt,279,269,92,187,4065,42723,377,279,0,0,False
2026-09-16,lv,279,180,121,158,14488,909477,390,279,0,0,False
2026-09-16,ml,72,32,40,32,536,42416,21,72,0,0,False
2026-09-16,mr,427,134,164,263,15295,1464160,3251,427,0,0,False
2026-09-16,my,43,21,16,27,20,549,13,43,0,0,False
2026-09-16,ne,152,62,71,81,946,66306,140,152,0,0,False
2026-09-16,nl,2208,1266,810,1398,164583,6651191,20996,2208,0,0,False
2026-09-16,no,620,514,186,434,26450,10517831,2289,620,0,0,False
2026-09-16,or,22,11,15,7,2931,53002,285,22,0,0,False
2026-09-16,pa,25,11,6,19,43,382,7,25,0,0,False
2026-09-16,pl,7254,2207,1785,5469,312598,15690280,45711,7254,0,0,False
2026-09-16,ps,113,38,57,56,3184,117986,550,113,0,0,False
2026-09-16,pt,80030,23397,25644,54386,11271317,366349347,1248438,80030,0,0,False
2026-09-16,qam,543,357,241,302,6020,102554,3244,543,0,0,False
2026-09-16,qct,10,9,5,5,270,10038,49,10,0,0,False
2026-09-16,qht,1644,1262,1139,505,5653,362972,1786,1644,0,0,False
2026-09-16,qme,19552,15524,3161,16391,2061118,71532286,255138,19552,0,0,False
2026-09-16,qst,2288,1964,1878,410,18614,867545,1731,2288,0,0,False
2026-09-16,ro,783,707,213,570,43080,2848772,5295,783,0,0,False
2026-09-16,ru,2074,874,1058,1016,233427,15503736,21336,2074,0,0,False
2026-09-16,sd,12,6,4,8,5,131,4,12,0,0,False
2026-09-16,si,13,4,9,4,99,4242,12,13,0,0,False
2026-09-16,sl,322,208,104,218,15451,513504,1302,322,0,0,False
2026-09-16,sr,307,144,118,189,8842,183383,2708,307,0,0,False
2026-09-16,sv,1196,686,378,818,123075,4492714,17376,1196,0,0,False
2026-09-16,ta,1544,392,345,1199,86858,5946316,22099,1544,0,0,False
2026-09-16,te,568,183,118,450,30125,3461316,4393,568,0,0,False
2026-09-16,th,67860,11057,5737,62123,1866082,101531249,1483990,67860,0,0,False
2026-09-16,tl,7813,5004,2493,5320,432302,16454016,64487,7813,0,0,False
2026-09-16,tr,20774,6953,8151,12623,2826110,283825985,202641,20774,0,0,False
2026-09-16,uk,574,223,214,360,5655,292468,904,574,0,0,False
2026-09-16,und,13710,10461,3392,10318,1012821,40303417,182637,13710,0,0,False
2026-09-16,ur,2750,602,560,2190,123582,4317948,39305,2750,0,0,False
2026-09-16,vi,686,348,347,339,11397,350228,2752,686,0,0,False
2026-09-16,zh,6044,3137,2650,3394,290352,46263927,47889,6044,0,0,False
2026-09-16,zxx,51699,33110,11645,40054,6795215,213390274,800445,51699,0,0,False
2026-09-17,<ALL>,326846,74093,88167,238679,18031541,1148163715,3376908,326846,0,0,True
2026-09-17,<NULL>,7872,7785,7871,1,3,17,4,7872,0,0,True
2026-09-17,am,11,5,1,10,6,31,4,11,0,0,True
2026-09-17,ar,5141,1844,1995,3146,57399,9930549,11645,5141,0,0,True
2026-09-17,art,938,766,743,195,5424,185648,557,938,0,0,True
2026-09-17,bg,2,2,1,1,0,1,0,2,0,0,True
2026-09-17,bn,22,13,12,10,74,5608,21,22,0,0,True
2026-09-17,ca,498,324,100,398,15833,748878,1659,498,0,0,True
2026-09-17,ckb,1,1,1,0,1,17,0,1,0,0,True
2026-09-17,cs,161,91,38,123,761,54974,94,161,0,0,True
2026-09-17,cy,118,117,22,96,4584,43678,1513,118,0,0,True
2026-09-17,da,144,133,26,118,554,58329,33,144,0,0,True
2026-09-17,de,1100,552,289,811,15949,1127412,1847,1100,0,0,True
2026-09-17,dv,46,8,11,35,21,5979,16,46,0,0,True
2026-09-17,el,153,36,38,115,675,29154,131,153,0,0,True
2026-09-17,en,110872,30573,21821,89051,5989092,270264471,810661,110872,0,0,True
2026-09-17,es,21693,7035,4896,16797,1024698,36004868,116325,21693,0,0,True
2026-09-17,et,648,559,118,530,7803,249532,3132,648,0,0,True
2026-09-17,eu,139,138,46,93,5941,100748,828,139,0,0,True
2026-09-17,fa,1164,419,495,669,19522,416067,1383,1164,0,0,True
2026-09-17,fi,198,131,55,143,1594,44475,270,198,0,0,True
2026-09-17,fr,5786,2090,1387,4399,154742,11904138,17798,5786,0,0,True
2026-09-17,gu,4,4,3,1,48,409,7,4,0,0,True
2026-09-17,hi,1269,464,317,952,63412,4003708,14721,1269,0,0,True
2026-09-17,ht,384,357,111,273,678,53921,68,384,0,0,True
2026-09-17,hu,69,68,14,55,1890,26075,1978,69,0,0,True
2026-09-17,in,5700,2500,1877,3823,306989,13997431,65971,5700,0,0,True
2026-09-17,is,22,20,12,10,120,4075,6,22,0,0,True
2026-09-17,it,772,495,204,568,7560,316630,1018,772,0,0,True
2026-09-17,iw,289,88,95,194,5697,355860,447,289,0,0,True
2026-09-17,ja,72956,18932,27166,45790,6336634,621342385,1360905,72956,0,0,True
2026-09-17,km,3,2,3,0,0,2,0,3,0,0,True
2026-09-17,kn,38,16,17,21,265,7961,24,38,0,0,True
2026-09-17,ko,11182,3505,3077,8105,547016,32984479,201169,11182,0,0,True
2026-09-17,lo,2,2,0,2,0,0,0,2,0,0,True
2026-09-17,lt,66,63,19,47,361,6780,46,66,0,0,True
2026-09-17,lv,51,47,18,33,168,247899,11,51,0,0,True
2026-09-17,ml,12,8,7,5,44,1053,0,12,0,0,True
2026-09-17,mr,107,38,39,68,550,26485,62,107,0,0,True
2026-09-17,my,32,11,20,12,34,828,17,32,0,0,True
2026-09-17,ne,20,9,11,9,62,2707,7,20,0,0,True
2026-09-17,nl,369,275,124,245,31338,309169,4928,369,0,0,True
2026-09-17,no,130,117,32,98,14189,584767,552,130,0,0,True
2026-09-17,or,2,2,2,0,3481,18235,471,2,0,0,True
2026-09-17,pa,3,3,0,3,0,0,0,3,0,0,True
2026-09-17,pl,936,367,250,686,12220,828456,1908,936,0,0,True
2026-09-17,ps,30,9,7,23,39,311,0,30,0,0,True
2026-09-17,pt,17542,5506,5448,12094,1738504,58174100,169477,17542,0,0,True
2026-09-17,qam,121,85,43,78,27,1232,3,121,0,0,True
2026-09-17,qct,3,2,3,0,1,81,1,3,0,0,True
2026-09-17,qht,450,342,301,149,243,20245,59,450,0,0,True
2026-09-17,qme,4603,3675,630,3973,231465,8496797,65445,4603,0,0,True
2026-09-17,qst,514,466,417,97,363,29818,12,514,0,0,True
2026-09-17,ro,148,137,25,123,8023,84253,2768,148,0,0,True
2026-09-17,ru,452,199,159,293,1540,107845,247,452,0,0,True
2026-09-17,si,1,1,1,0,0,453,0,1,0,0,True
2026-09-17,sl,75,62,31,44,2071,287275,370,75,0,0,True
2026-09-17,sr,42,19,15,27,328,6262,196,42,0,0,True
2026-09-17,sv,216,123,43,173,8763,343101,945,216,0,0,True
2026-09-17,ta,595,122,64,531,45837,3041622,7283,595,0,0,True
2026-09-17,te,147,52,21,126,1517,27169,172,147,0,0,True
2026-09-17,th,26937,3961,2008,24929,478067,21829812,368099,26937,0,0,True
2026-09-17,tl,1789,1180,533,1256,49960,1559331,12942,1789,0,0,True
2026-09-17,tr,4032,1527,1196,2836,129125,21960280,12912,4032,0,0,True
2026-09-17,uk,140,47,52,88,1122,58267,177,140,0,0,True
2026-09-17,und,3739,2848,733,3006,164305,4249634,46521,3739,0,0,True
2026-09-17,ur,922,200,157,765,32048,624327,10438,922,0,0,True
2026-09-17,vi,164,116,63,101,563,23789,18,164,0,0,True
2026-09-17,zh,1163,726,414,749,86249,3357869,4477,1163,0,0,True
2026-09-17,zxx,11896,7650,2419,9477,413949,17585953,52109,11896,0,0,True
