day,lang,distinct_tweets,observations,repeated_tweets,repeated_observations,extra_observations,tweets_duration_ge_1h,repeat_tweet_rate,repeat_observation_rate
<NULL>,<NULL>,412,1520,232,1340,1108,232,0.5631067961165048,0.881578947368421
2026-08-17,in,432662,439304,6009,12651,6642,6003,0.013888439474693872,0.028797825651485077
2026-08-17,ja,5324702,5433067,94858,203223,108365,94833,0.01781470587461984,0.03740483966054532
2026-08-17,es,1564510,1592268,25088,52846,27758,25083,0.016035691686214854,0.033189136502146624
2026-08-17,pt,1076304,1091523,13934,29153,15219,13929,0.012946156476237198,0.026708553095079076
2026-08-17,en,8047158,8212450,130174,295466,165292,130122,0.016176394200287852,0.03597781417238461
2026-08-17,tr,457778,466396,7508,16126,8618,7508,0.016400962912153927,0.03457576823128843
2026-08-17,fi,14954,15374,289,709,420,289,0.019325932860773037,0.046116820606218294
2026-08-17,ht,32357,32914,470,1027,557,470,0.014525450443489817,0.031202527799720485
2026-08-17,ar,435376,446433,9484,20541,11057,9481,0.02178346992025284,0.046011383567075015
2026-08-17,qme,328752,334435,4916,10599,5683,4916,0.014953521195308317,0.031692257090316506
2026-08-17,zxx,833666,849690,13779,29803,16024,13776,0.01652820194178484,0.03507514505290164
2026-08-17,ko,632141,639825,6805,14489,7684,6801,0.010765003377411052,0.02264525456179424
2026-08-17,vi,16178,16477,259,558,299,259,0.016009395475336877,0.03386538811676883
2026-08-17,hi,147171,149418,2138,4385,2247,2138,0.014527318561401364,0.02934720047116144
2026-08-17,th,589040,592167,2655,5782,3127,2653,0.004507333967132962,0.009764137481487486
2026-08-17,ur,59229,59823,582,1176,594,582,0.00982626753786152,0.01965799107366732
2026-08-17,zh,90707,93278,2346,4917,2571,2346,0.02586349454838105,0.05271339436951907
2026-08-17,und,227007,230906,3308,7207,3899,3307,0.014572237860506505,0.031211835119052775
2026-08-17,art,81819,83506,1553,3240,1687,1553,0.01898092130189809,0.038799607213852894
2026-08-17,qht,28730,29362,572,1204,632,572,0.019909502262443438,0.04100538110482937
2026-08-17,qst,45336,46170,804,1638,834,803,0.017734250926416093,0.0354775828460039
2026-08-17,uk,12843,13192,250,599,349,250,0.019465856887020166,0.04540630685263796
2026-08-17,cy,8676,8824,136,284,148,136,0.015675426463808206,0.03218495013599275
2026-08-17,te,11065,11216,133,284,151,133,0.01201988251242657,0.025320970042796005
2026-08-17,nl,40602,41413,670,1481,811,670,0.0165016501650165,0.03576171733513631
2026-08-17,fa,105008,107798,2599,5389,2790,2599,0.024750495200365687,0.049991651051039906
2026-08-17,el,25996,26312,303,619,316,303,0.011655639329127557,0.02352538765582244
2026-08-17,tl,134791,136537,1589,3335,1746,1589,0.011788620901989006,0.024425613569948074
2026-08-17,et,45139,45755,539,1155,616,539,0.011940893683954009,0.025243142825920665
2026-08-17,lt,5042,5117,74,149,75,74,0.014676715589051963,0.02911862419386359
2026-08-17,pl,94634,96355,1451,3172,1721,1451,0.015332755669209797,0.032919931503295106
2026-08-17,eu,12211,12424,211,424,213,211,0.017279502088281058,0.03412749517063748
2026-08-17,da,11079,11315,190,426,236,190,0.01714956223485874,0.03764913831197526
2026-08-17,fr,389885,398756,6811,15682,8871,6808,0.01746925375431217,0.03932730792765501
2026-08-17,ru,46048,47113,967,2032,1065,967,0.020999826268241834,0.043130346188949974
2026-08-17,hu,7471,7567,84,180,96,84,0.011243474769107215,0.023787498348090394
2026-08-17,no,8332,8497,152,317,165,152,0.018242918867018725,0.037307284924090856
2026-08-17,ca,47597,48500,822,1725,903,822,0.017269996008151774,0.03556701030927835
2026-08-17,ne,4617,4739,122,244,122,122,0.026424084903617067,0.051487655623549275
2026-08-17,qam,15508,15909,396,797,401,396,0.02553520763476915,0.05009742912816645
2026-08-17,cs,12206,12629,325,748,423,325,0.02662624938554809,0.05922875920500435
2026-08-17,it,97951,99645,1548,3242,1694,1548,0.01580382027748568,0.032535501028651714
2026-08-17,de,98909,100950,1537,3578,2041,1537,0.015539536341485609,0.035443288756810305
2026-08-17,lv,4680,4866,101,287,186,101,0.02158119658119658,0.05898068228524456
2026-08-17,iw,21513,22226,557,1270,713,557,0.025891321526518848,0.05714028615135427
2026-08-17,ta,48220,48708,445,933,488,444,0.009228535877229365,0.019154964276915497
2026-08-17,ps,4328,4441,108,221,113,108,0.024953789279112754,0.04976356676424229
2026-08-17,ro,13093,13309,197,413,216,197,0.015046207897349728,0.03103163272973176
2026-08-17,sl,7894,8012,108,226,118,108,0.013681276919179123,0.028207688467299052
2026-08-17,is,2293,2338,45,90,45,45,0.01962494548626254,0.03849443969204448
2026-08-17,sr,5220,5315,89,184,95,89,0.017049808429118775,0.03461900282220132
2026-08-17,my,1881,1896,12,27,15,12,0.006379585326953748,0.014240506329113924
2026-08-17,sv,16046,16443,360,757,397,360,0.022435497943412687,0.04603782764702305
2026-08-17,ckb,992,1057,32,97,65,32,0.03225806451612903,0.09176915799432356
2026-08-17,mr,7229,7332,96,199,103,96,0.0132798450684742,0.02714129841789416
2026-08-17,am,733,754,21,42,21,21,0.0286493860845839,0.05570291777188329
2026-08-17,bn,1880,1923,42,85,43,42,0.022340425531914895,0.044201768070722826
2026-08-17,si,237,241,4,8,4,4,0.016877637130801686,0.03319502074688797
2026-08-17,ml,2143,2179,36,72,36,36,0.01679888007466169,0.03304268012849931
2026-08-17,qct,514,536,22,44,22,22,0.042801556420233464,0.08208955223880597
2026-08-17,ka,175,179,4,8,4,4,0.022857142857142857,0.0446927374301676
2026-08-17,bg,1225,1260,33,68,35,33,0.026938775510204082,0.05396825396825397
2026-08-17,km,123,127,4,8,4,4,0.032520325203252036,0.06299212598425197
2026-08-17,gu,895,918,23,46,23,23,0.02569832402234637,0.05010893246187364
2026-08-17,lo,56,56,0,0,0,0,0.0,0.0
2026-08-17,kn,1834,1859,20,45,25,20,0.010905125408942203,0.02420656266810113
2026-08-17,pa,556,560,4,8,4,4,0.007194244604316547,0.014285714285714285
2026-08-17,sd,399,405,6,12,6,6,0.015037593984962405,0.02962962962962963
2026-08-17,or,839,861,22,44,22,22,0.026221692491060787,0.05110336817653891
2026-08-17,bo,23,24,1,2,1,1,0.043478260869565216,0.08333333333333333
2026-08-17,dv,699,746,17,64,47,17,0.024320457796852647,0.08579088471849866
2026-08-17,hy,137,145,8,16,8,8,0.058394160583941604,0.1103448275862069
2026-08-17,ug,4,5,1,2,1,1,0.25,0.4
2026-08-18,in,453167,460191,6447,13471,7024,6443,0.014226543415562034,0.029272628104417515
2026-08-18,ja,5627092,5751012,110626,234546,123920,110609,0.01965953284573986,0.040783430811829294
2026-08-18,es,1689277,1721614,29379,61716,32337,29371,0.017391463922139472,0.035847756814245235
2026-08-18,pt,1121801,1138509,15388,32096,16708,15383,0.013717227921886324,0.028191257161779133
2026-08-18,en,8263710,8447081,143457,326828,183371,143415,0.01735987831131538,0.038691235469388775
2026-08-18,tr,473440,483602,9115,19277,10162,9114,0.019252703616086515,0.03986129089623285
2026-08-18,fi,15167,15569,326,728,402,326,0.021494033098173666,0.0467595863575053
2026-08-18,ht,32608,33211,538,1141,603,538,0.016499018645731108,0.03435608683869802
2026-08-18,ar,456802,468730,10234,22162,11928,10225,0.022403579669090765,0.047280950653894566
2026-08-18,qme,321259,327177,5317,11235,5918,5316,0.0165505090907959,0.03433921088585078
2026-08-18,zxx,842814,859592,14581,31359,16778,14570,0.017300377070148337,0.036481260877253396
2026-08-18,ko,641194,649772,7398,15976,8578,7398,0.011537849699155014,0.02458708593168065
2026-08-18,vi,17105,17379,248,522,274,248,0.014498684595147618,0.03003625064733299
2026-08-18,hi,149528,151611,2013,4096,2083,2013,0.013462361564389277,0.02701650935618128
2026-08-18,th,581367,584817,2764,6214,3450,2763,0.004754311820244355,0.010625546111005664
2026-08-18,ur,78535,79514,902,1881,979,902,0.011485325014324824,0.023656211484769978
2026-08-18,zh,96605,99465,2634,5494,2860,2633,0.027265669478805446,0.055235509978384355
2026-08-18,und,230625,234589,3394,7358,3964,3392,0.014716531165311653,0.03136549454578007
2026-08-18,art,86975,88807,1754,3586,1832,1753,0.020166714573153204,0.04037969979843931
2026-08-18,qht,27988,28590,587,1189,602,587,0.02097327426039731,0.04158796782091641
2026-08-18,qst,45409,46400,925,1916,991,925,0.02037041115197428,0.041293103448275865
2026-08-18,uk,14112,14466,298,652,354,298,0.021116780045351474,0.04507120143785428
2026-08-18,cy,9503,9669,145,311,166,145,0.015258339471745765,0.032164649912090185
2026-08-18,te,10974,11108,128,262,134,128,0.01166393293238564,0.023586604249189774
2026-08-18,nl,45672,46675,878,1881,1003,877,0.019224032229812577,0.040299946438136044
2026-08-18,fa,107517,110516,2822,5821,2999,2820,0.02624701210041203,0.05267110644612545
2026-08-18,el,27770,28196,378,804,426,378,0.013611811307166006,0.02851468293374947
2026-08-18,tl,131011,132787,1673,3449,1776,1672,0.012769920083046461,0.02597392817067936
2026-08-18,et,44464,45115,599,1250,651,599,0.013471572508096438,0.0277069710739222
2026-08-18,lt,5351,5445,86,180,94,86,0.01607176228742291,0.03305785123966942
2026-08-18,pl,98266,100160,1609,3503,1894,1609,0.01637392383937476,0.03497404153354632
2026-08-18,eu,10758,10969,196,407,211,196,0.01821899981409184,0.037104567417266844
2026-08-18,da,11500,11767,233,500,267,233,0.02026086956521739,0.04249171411574743
2026-08-18,fr,404544,414569,7823,17848,10025,7820,0.01933782233823762,0.043051940690210795
2026-08-18,ru,47151,48260,1037,2146,1109,1037,0.021993170876545565,0.044467467882304185
2026-08-18,hu,6284,6411,112,239,127,112,0.01782304264799491,0.03727967555763531
2026-08-18,no,9184,9375,183,374,191,183,0.01992595818815331,0.039893333333333336
2026-08-18,ca,49980,51055,986,2061,1075,986,0.019727891156462583,0.04036823033982959
2026-08-18,ne,4290,4381,91,182,91,91,0.021212121212121213,0.04154302670623145
2026-08-18,qam,15975,16411,433,869,436,433,0.027104851330203444,0.052952288099445494
2026-08-18,cs,12434,12869,307,742,435,307,0.02469036512787518,0.05765793767969539
2026-08-18,it,98359,100231,1639,3511,1872,1639,0.01666344716802733,0.03502908281868883
2026-08-18,de,101761,104194,1693,4126,2433,1691,0.01663702204184314,0.03959920916751444
2026-08-18,lv,5505,5698,141,334,193,141,0.02561307901907357,0.05861705861705862
2026-08-18,iw,22234,23081,650,1497,847,650,0.029234505711972655,0.06485854165764049
2026-08-18,ta,44651,45118,435,902,467,435,0.009742223018521422,0.01999202092291325
2026-08-18,ps,4590,4691,101,202,101,101,0.022004357298474945,0.04306118098486463
2026-08-18,ro,13000,13212,196,408,212,196,0.015076923076923076,0.030881017257039057
2026-08-18,sl,8524,8659,118,253,135,118,0.013843266072266542,0.02921815452130731
2026-08-18,is,2426,2485,51,110,59,51,0.021022258862324814,0.04426559356136821
2026-08-18,sr,5436,5554,105,223,118,105,0.019315673289183224,0.0401512423478574
2026-08-18,my,2697,2731,31,65,34,31,0.011494252873563218,0.02380080556572684
2026-08-18,sv,15839,16341,378,880,502,378,0.02386514300145211,0.05385227342267915
2026-08-18,ckb,897,915,16,34,18,16,0.017837235228539576,0.03715846994535519
2026-08-18,mr,8331,8435,99,203,104,99,0.011883327331652862,0.024066390041493777
2026-08-18,am,903,938,22,57,35,22,0.024363233665559248,0.060767590618336885
2026-08-18,bn,1706,1757,43,94,51,43,0.025205158264947247,0.053500284575981785
2026-08-18,si,292,299,3,10,7,3,0.010273972602739725,0.033444816053511704
2026-08-18,ml,2201,2235,32,66,34,32,0.014538845979100408,0.02953020134228188
2026-08-18,qct,525,539,14,28,14,14,0.02666666666666667,0.05194805194805195
2026-08-18,ka,112,123,2,13,11,2,0.017857142857142856,0.10569105691056911
2026-08-18,bg,1363,1408,39,84,45,39,0.028613352898019074,0.05965909090909091
2026-08-18,km,110,119,9,18,9,9,0.08181818181818182,0.15126050420168066
2026-08-18,gu,922,946,24,48,24,24,0.026030368763557483,0.0507399577167019
2026-08-18,lo,52,54,2,4,2,2,0.038461538461538464,0.07407407407407407
2026-08-18,kn,2169,2200,26,57,31,26,0.0119870908252651,0.02590909090909091
2026-08-18,pa,674,694,2,22,20,2,0.002967359050445104,0.03170028818443804
2026-08-18,sd,423,431,8,16,8,8,0.018912529550827423,0.037122969837587005
2026-08-18,or,749,767,11,29,18,11,0.014686248331108143,0.03780964797913951
2026-08-18,bo,17,17,0,0,0,0,0.0,0.0
2026-08-18,dv,800,821,20,41,21,20,0.025,0.049939098660170524
2026-08-18,<NULL>,1,11,1,11,10,1,1.0,1.0
2026-08-18,hy,168,182,14,28,14,14,0.08333333333333333,0.15384615384615385
2026-08-18,ug,3,4,1,2,1,1,0.3333333333333333,0.5
2026-08-19,in,438497,445606,6502,13611,7109,6500,0.014827923566181752,0.030544920849360196
2026-08-19,ja,5766260,5902896,121041,257677,136636,121024,0.020991249093866734,0.04365264100875232
2026-08-19,es,1737045,1772803,32454,68212,35758,32445,0.01868345379653377,0.0384769204474496
2026-08-19,pt,1094376,1112334,16532,34490,17958,16528,0.015106325431113255,0.031006873834657576
2026-08-19,en,8627661,8838475,163844,374658,210814,163794,0.0189905468005755,0.0423894393546398
2026-08-19,tr,470809,481474,9514,20179,10665,9511,0.02020777002988473,0.04191088199985877
2026-08-19,fi,15640,16111,392,863,471,391,0.02506393861892583,0.05356588666128732
2026-08-19,ht,32012,32587,551,1126,575,550,0.01721229538922904,0.03455365636603554
2026-08-19,ar,460122,473981,11367,25226,13859,11360,0.024704317550562675,0.05322154263567527
2026-08-19,qme,335324,342036,5911,12623,6712,5910,0.017627727213083467,0.036905471938626346
2026-08-19,zxx,854812,873517,16002,34707,18705,15997,0.018719905663467522,0.03973248374101477
2026-08-19,ko,645395,654358,7908,16871,8963,7906,0.01225296136474562,0.02578252271692254
2026-08-19,vi,16300,16669,345,714,369,345,0.02116564417177914,0.04283400323954646
2026-08-19,hi,146709,148953,2118,4362,2244,2117,0.014436742122160194,0.02928440514793257
2026-08-19,th,618531,621960,2953,6382,3429,2952,0.004774215035301383,0.010261110039230819
2026-08-19,ur,72909,74059,939,2089,1150,939,0.01287906842776612,0.02820724017337528
2026-08-19,zh,110471,114146,3317,6992,3675,3316,0.030025979668872375,0.06125488409580712
2026-08-19,und,235368,239811,3750,8193,4443,3749,0.015932497195880493,0.03416440446851896
2026-08-19,art,91766,93852,1958,4044,2086,1958,0.02133687858248153,0.043089119038486126
2026-08-19,qht,28435,29190,715,1470,755,715,0.025145067698259187,0.050359712230215826
2026-08-19,qst,51132,52285,1113,2266,1153,1113,0.021767190800281624,0.04333938988237544
2026-08-19,uk,17650,18202,442,994,552,442,0.025042492917847027,0.054609383584221516
2026-08-19,cy,9918,10133,190,405,215,190,0.019157088122605363,0.039968420013816244
2026-08-19,te,11949,12100,136,287,151,136,0.011381705582057075,0.02371900826446281
2026-08-19,nl,47069,48169,916,2016,1100,916,0.019460791603815676,0.04185264381656252
2026-08-19,fa,112102,115694,3408,7000,3592,3408,0.030400884908387004,0.06050443411067125
2026-08-19,el,28253,28726,436,909,473,436,0.01543198952323647,0.03164380700410778
2026-08-19,tl,136734,138706,1802,3774,1972,1802,0.013178872848011468,0.027208628321774113
2026-08-19,et,47702,48418,635,1351,716,635,0.013311810825541906,0.027902846048990047
2026-08-19,lt,5318,5414,83,179,96,83,0.01560737119217751,0.03306243073513114
2026-08-19,pl,102808,105047,1934,4173,2239,1933,0.018811765621352425,0.03972507544242101
2026-08-19,eu,10415,10621,177,383,206,177,0.01699471915506481,0.036060634591846344
2026-08-19,da,11997,12379,330,712,382,330,0.027506876719179795,0.05751676225866387
2026-08-19,fr,410710,422410,8591,20291,11700,8590,0.020917435660198193,0.0480362680807746
2026-08-19,ru,47641,48781,1042,2182,1140,1042,0.021871917046241682,0.04473053032943154
2026-08-19,hu,5679,5814,118,253,135,118,0.02077830603979574,0.043515651874785004
2026-08-19,no,9624,9851,199,426,227,199,0.020677472984206153,0.043244340676073495
2026-08-19,ca,49621,50793,1009,2181,1172,1009,0.02033413272606356,0.04293898765577934
2026-08-19,ne,4453,4522,69,138,69,69,0.01549517179429598,0.03051747014595312
2026-08-19,qam,16367,16809,427,869,442,427,0.026089081688763976,0.05169849485394729
2026-08-19,cs,13217,13747,378,908,530,378,0.028599530907165015,0.06605077471448316
2026-08-19,it,98775,100931,1912,4068,2156,1911,0.01935712477853708,0.04030476265963876
2026-08-19,de,101797,104226,1808,4237,2429,1806,0.0177608377457096,0.04065204459539846
2026-08-19,lv,5923,6122,163,362,199,163,0.027519837919972985,0.059131002940215616
2026-08-19,iw,19964,20651,596,1283,687,596,0.029853736726106993,0.0621277419979662
2026-08-19,ta,50060,50640,555,1135,580,555,0.01108669596484219,0.022413112164297
2026-08-19,ps,6335,6528,193,386,193,193,0.030465666929755327,0.05912990196078431
2026-08-19,ro,12809,13051,215,457,242,215,0.016785072995550005,0.035016473833422726
2026-08-19,sl,8914,9055,129,270,141,129,0.014471617680053847,0.02981778023191607
2026-08-19,is,2835,2872,37,74,37,37,0.013051146384479718,0.02576601671309192
2026-08-19,sr,6101,6213,109,221,112,109,0.01786592361907884,0.035570577820698536
2026-08-19,my,3595,3611,16,32,16,16,0.004450625869262865,0.008861811132650235
2026-08-19,sv,18485,19018,433,966,533,433,0.023424398160670813,0.050793984646124724
2026-08-19,ckb,649,670,21,42,21,21,0.032357473035439135,0.0626865671641791
2026-08-19,mr,8154,8288,119,253,134,119,0.014594064262938435,0.030526061776061778
2026-08-19,am,892,908,16,32,16,16,0.017937219730941704,0.03524229074889868
2026-08-19,bn,1822,1887,63,128,65,63,0.03457738748627882,0.06783253842077372
2026-08-19,si,346,354,8,16,8,8,0.023121387283236993,0.04519774011299435
2026-08-19,ml,2339,2386,47,94,47,47,0.020094057289439932,0.039396479463537304
2026-08-19,qct,649,667,18,36,18,18,0.02773497688751926,0.053973013493253376
2026-08-19,ka,142,143,1,2,1,1,0.007042253521126761,0.013986013986013986
2026-08-19,bg,1477,1522,40,85,45,40,0.027081922816519974,0.05584756898817345
2026-08-19,km,123,126,3,6,3,3,0.024390243902439025,0.047619047619047616
2026-08-19,gu,1171,1214,40,83,43,40,0.034158838599487616,0.06836902800658978
2026-08-19,lo,72,74,2,4,2,2,0.027777777777777776,0.05405405405405406
2026-08-19,kn,1921,1974,35,88,53,35,0.018219677251431546,0.044579533941236066
2026-08-19,pa,667,696,22,51,29,22,0.03298350824587706,0.07327586206896551
2026-08-19,sd,397,404,7,14,7,7,0.017632241813602016,0.034653465346534656
2026-08-19,or,890,908,17,35,18,17,0.019101123595505618,0.03854625550660793
2026-08-19,bo,9,9,0,0,0,0,0.0,0.0
2026-08-19,dv,994,1035,19,60,41,19,0.019114688128772636,0.057971014492753624
2026-08-19,<NULL>,1,8,1,8,7,1,1.0,1.0
2026-08-19,hy,173,181,8,16,8,8,0.046242774566473986,0.08839779005524862
2026-08-19,ug,7,9,2,4,2,2,0.2857142857142857,0.4444444444444444
2026-08-20,in,457443,465614,7479,15650,8171,7477,0.01634957798020737,0.03361153229928653
2026-08-20,ja,5752795,5896835,128292,272332,144040,128270,0.022300812040060528,0.04618274040226664
2026-08-20,es,1774599,1813307,34832,73540,38708,34824,0.019628096262874036,0.04055573601160752
2026-08-20,pt,1168453,1189926,20134,41607,21473,20131,0.01723133065685997,0.034966039905002494
2026-08-20,en,8706411,8937015,178220,408824,230604,178156,0.020469973218585708,0.04574502784207031
2026-08-20,tr,495758,507394,10547,22183,11636,10543,0.021274492796888804,0.04371947638324458
2026-08-20,fi,16481,16954,372,845,473,372,0.022571445907408533,0.049840745546773625
2026-08-20,ht,29994,30638,598,1242,644,598,0.019937320797492834,0.04053789411841504
2026-08-20,ar,474013,489181,12428,27596,15168,12422,0.026218690204699028,0.056412657073762064
2026-08-20,qme,338928,345939,6179,13190,7011,6176,0.018231010716140302,0.03812810929094436
2026-08-20,zxx,874699,894833,17508,37642,20134,17503,0.020016028370902446,0.0420659497358725
2026-08-20,ko,665210,674758,8443,17991,9548,8441,0.012692232528073841,0.026662892474042545
2026-08-20,vi,17202,17591,365,754,389,365,0.02121846296942216,0.0428628275822864
2026-08-20,hi,152574,155233,2543,5202,2659,2543,0.016667322086331877,0.03351091584907848
2026-08-20,th,605845,609490,3212,6857,3645,3212,0.005301686074821118,0.01125038967005201
2026-08-20,ur,82384,83918,1419,2953,1534,1419,0.017224218294814526,0.03518911318191568
2026-08-20,zh,103305,106744,3253,6692,3439,3253,0.03148927931852282,0.06269204826500786
2026-08-20,und,253946,258984,4460,9498,5038,4460,0.017562788939380812,0.036674080252061904
2026-08-20,art,91558,93820,2133,4395,2262,2131,0.023296708097599338,0.046845022383287145
2026-08-20,qht,28449,29162,693,1406,713,693,0.024359379943055995,0.048213428434263766
2026-08-20,qst,48289,49326,1017,2054,1037,1017,0.021060697053159105,0.04164132506183352
2026-08-20,uk,16139,16536,376,773,397,375,0.023297602081913376,0.046746492501209484
2026-08-20,cy,9310,9558,198,446,248,198,0.021267454350161117,0.04666248169073028
2026-08-20,te,13119,13326,192,399,207,192,0.014635261833981249,0.029941467807294012
2026-08-20,nl,47433,48630,1024,2221,1197,1024,0.021588345666519092,0.04567139625745425
2026-08-20,fa,113220,117096,3665,7541,3876,3664,0.03237060590001766,0.06440015030402405
2026-08-20,el,29796,30332,493,1029,536,491,0.016545845079876494,0.033924568112884086
2026-08-20,tl,136572,138684,1921,4033,2112,1921,0.01406584072869988,0.029080499552940498
2026-08-20,et,49402,50264,719,1581,862,719,0.01455406663697826,0.03145392328505491
2026-08-20,lt,6168,6307,129,268,139,129,0.02091439688715953,0.04249246868558744
2026-08-20,pl,110147,112857,2226,4936,2710,2226,0.020209356587106323,0.04373676422375218
2026-08-20,eu,10552,10791,202,441,239,202,0.019143290371493555,0.0408673894912427
2026-08-20,da,11172,11445,251,524,273,251,0.02246688148943788,0.045784185233726515
2026-08-20,fr,422461,434251,9408,21198,11790,9406,0.02226951126849579,0.04881508620590396
2026-08-20,ru,49390,50696,1234,2540,1306,1234,0.024984814739825875,0.05010257219504497
2026-08-20,hu,6139,6291,134,286,152,134,0.021827659227887278,0.0454617707836592
2026-08-20,no,9251,9501,218,468,250,218,0.023565019997838072,0.049257972844963686
2026-08-20,ca,50663,51787,1041,2165,1124,1040,0.020547539624578094,0.041805858613165464
2026-08-20,ne,4604,4687,83,166,83,83,0.018027801911381407,0.03541711115852358
2026-08-20,qam,17033,17526,476,969,493,475,0.027945752363059944,0.05528928449161246
2026-08-20,cs,14083,14717,439,1073,634,439,0.03117233543989207,0.07290888088605015
2026-08-20,it,104034,106428,2131,4525,2394,2127,0.020483688025068728,0.04251700680272109
2026-08-20,de,101045,103696,1896,4547,2651,1895,0.018763917066653472,0.043849328807282824
2026-08-20,lv,5905,6188,197,480,283,197,0.03336155800169348,0.07756948933419522
2026-08-20,iw,23844,24633,674,1463,789,674,0.028267069283677237,0.05939187269110543
2026-08-20,ta,47036,47600,553,1117,564,553,0.011756952121779064,0.023466386554621847
2026-08-20,ps,4741,4909,168,336,168,168,0.03543556211769669,0.06844571195762884
2026-08-20,ro,13778,14096,272,590,318,272,0.01974161707069241,0.04185584562996595
2026-08-20,sl,8644,8833,159,348,189,159,0.018394261915779732,0.03939771312124986
2026-08-20,is,2745,2803,58,116,58,58,0.021129326047358836,0.04138423118087763
2026-08-20,sr,6559,6693,129,263,134,129,0.019667632261015398,0.03929478559689228
2026-08-20,my,2075,2091,16,32,16,16,0.0077108433734939755,0.015303682448589193
2026-08-20,sv,18436,19042,481,1087,606,481,0.026090258190496853,0.05708433988026468
2026-08-20,ckb,684,701,16,33,17,16,0.023391812865497075,0.047075606276747506
2026-08-20,mr,8378,8508,121,251,130,121,0.014442587729768442,0.029501645510108133
2026-08-20,am,883,939,46,102,56,46,0.052095130237825596,0.10862619808306709
2026-08-20,bn,2065,2123,41,99,58,41,0.019854721549636804,0.046632124352331605
2026-08-20,si,399,409,10,20,10,10,0.02506265664160401,0.0488997555012225
2026-08-20,ml,2483,2534,48,99,51,48,0.019331453886427707,0.039068666140489344
2026-08-20,qct,684,714,30,60,30,30,0.043859649122807015,0.08403361344537816
2026-08-20,ka,180,182,2,4,2,2,0.011111111111111112,0.02197802197802198
2026-08-20,bg,1589,1650,55,116,61,55,0.034612964128382634,0.0703030303030303
2026-08-20,km,112,115,3,6,3,3,0.026785714285714284,0.05217391304347826
2026-08-20,gu,1249,1295,37,83,46,37,0.029623698959167333,0.06409266409266409
2026-08-20,lo,63,63,0,0,0,0,0.0,0.0
2026-08-20,kn,2114,2182,48,116,68,48,0.02270577105014191,0.05316223648029331
2026-08-20,pa,719,746,19,46,27,19,0.02642559109874826,0.06166219839142091
2026-08-20,sd,369,375,6,12,6,6,0.016260162601626018,0.032
2026-08-20,or,890,916,26,52,26,26,0.029213483146067417,0.056768558951965066
2026-08-20,bo,33,33,0,0,0,0,0.0,0.0
2026-08-20,dv,953,992,25,64,39,25,0.026232948583420776,0.06451612903225806
2026-08-20,<NULL>,2,6,2,6,4,2,1.0,1.0
2026-08-20,hy,188,198,10,20,10,10,0.05319148936170213,0.10101010101010101
2026-08-20,ug,12,13,1,2,1,1,0.08333333333333333,0.15384615384615385
2026-08-21,in,513456,523618,9345,19507,10162,9339,0.018200196316724315,0.03725425787501575
2026-08-21,ja,6200610,6375976,154926,330292,175366,154886,0.024985606254868474,0.05180257893066097
2026-08-21,es,1745320,1786469,37068,78217,41149,37056,0.02123851213531043,0.043783015546309506
2026-08-21,pt,1144921,1166613,20214,41906,21692,20204,0.017655366614814472,0.035921080941151866
2026-08-21,en,8997629,9245725,197476,445572,248096,197428,0.021947559740460514,0.04819221856587774
2026-08-21,tr,488039,500714,11203,23878,12675,11200,0.02295513268406828,0.04768790167640609
2026-08-21,fi,17196,17786,481,1071,590,481,0.027971621307280762,0.06021590014618239
2026-08-21,ht,35295,36141,782,1628,846,782,0.02215611276384757,0.045045792866827146
2026-08-21,ar,493269,509222,14333,30286,15953,14324,0.0290571675900979,0.05947504231945988
2026-08-21,qme,351292,359052,6945,14705,7760,6942,0.01976987805016909,0.04095507057473569
2026-08-21,zxx,871154,892437,18697,39980,21283,18689,0.021462336165591848,0.04479868046708059
2026-08-21,ko,699159,709807,9398,20046,10648,9393,0.013441863724846567,0.02824147972617909
2026-08-21,vi,16691,17084,350,743,393,347,0.020969384698340424,0.043490985717630534
2026-08-21,hi,179634,183020,3244,6630,3386,3244,0.018058942071100127,0.03622554912031472
2026-08-21,th,655703,659860,3617,7774,4157,3614,0.005516216945781856,0.011781286939653865
2026-08-21,ur,87041,88589,1485,3033,1548,1485,0.017060925311060304,0.0342367562564201
2026-08-21,zh,102152,105684,3319,6851,3532,3319,0.032490798026470355,0.06482532833730745
2026-08-21,und,270245,276047,5046,10848,5802,5046,0.018671945826934818,0.0392976558339703
2026-08-21,art,96351,98954,2420,5023,2603,2419,0.025116501126091064,0.050760959637811506
2026-08-21,qht,32450,33345,856,1751,895,856,0.02637904468412943,0.052511620932673565
2026-08-21,qst,48192,49471,1168,2447,1279,1168,0.024236387782204515,0.0494633219461907
2026-08-21,uk,16027,16566,450,989,539,450,0.02807761901790728,0.059700591573101536
2026-08-21,cy,9739,10043,217,521,304,217,0.022281548413594823,0.05187692920442099
2026-08-21,te,15303,15607,277,581,304,277,0.01810102594262563,0.03722688537194849
2026-08-21,nl,48282,49611,1126,2455,1329,1125,0.02332132057495547,0.04948499324746528
2026-08-21,fa,110108,114026,3708,7626,3918,3707,0.03367602717332074,0.06687948362654131
2026-08-21,el,29615,30136,466,987,521,466,0.015735269289211547,0.03275152641359172
2026-08-21,tl,138989,141411,2163,4585,2422,2163,0.015562382634596982,0.0324232202586786
2026-08-21,et,54188,55139,869,1820,951,868,0.016036760906473758,0.03300749016122889
2026-08-21,lt,6310,6456,141,287,146,141,0.022345483359746433,0.044454770755886
2026-08-21,pl,109103,111727,2304,4928,2624,2300,0.021117659459409917,0.04410751206064783
2026-08-21,eu,11709,12028,296,615,319,296,0.025279699376547955,0.051130695044895244
2026-08-21,da,14094,14510,346,762,416,346,0.024549453668227614,0.05251550654720882
2026-08-21,fr,439660,452875,10251,23466,13215,10245,0.023315743983987627,0.051815622412365446
2026-08-21,ru,49897,51330,1372,2805,1433,1372,0.027496643084754593,0.05464640561075394
2026-08-21,hu,6617,6769,138,290,152,138,0.020855372525313585,0.042842369626237255
2026-08-21,no,9470,9756,265,551,286,265,0.0279831045406547,0.056478064780647805
2026-08-21,ca,52204,53420,1135,2351,1216,1135,0.021741628993946823,0.04400973418195432
2026-08-21,ne,4870,4997,125,252,127,125,0.02566735112936345,0.05043025815489294
2026-08-21,qam,17664,18172,500,1008,508,500,0.028306159420289856,0.05546995377503852
2026-08-21,cs,15560,16456,547,1443,896,547,0.035154241645244215,0.087688381137579
2026-08-21,it,110680,113412,2386,5118,2732,2386,0.021557643657390674,0.04512749973547773
2026-08-21,de,108742,111875,2349,5482,3133,2348,0.02160158908241526,0.049001117318435754
2026-08-21,lv,6094,6328,178,412,234,178,0.029209058089924515,0.06510745891276865
2026-08-21,iw,19490,20269,654,1433,779,654,0.033555669574140586,0.07069909714342099
2026-08-21,ta,53072,53874,743,1545,802,739,0.013999849261380766,0.02867802650629246
2026-08-21,ps,3689,3808,110,229,119,110,0.029818378964489023,0.06013655462184874
2026-08-21,ro,13966,14307,265,606,341,265,0.018974652728053844,0.04235688823652757
2026-08-21,sl,9541,9766,182,407,225,182,0.019075568598679385,0.04167519967233258
2026-08-21,is,2960,3022,60,122,62,60,0.02027027027027027,0.04037061548643282
2026-08-21,sr,7029,7200,157,328,171,157,0.02233603642054346,0.04555555555555556
2026-08-21,my,4155,4254,99,198,99,99,0.023826714801444042,0.0465444287729196
2026-08-21,sv,18041,18612,471,1042,571,471,0.02610720026606064,0.055985385772619814
2026-08-21,ckb,756,790,24,58,34,24,0.031746031746031744,0.07341772151898734
2026-08-21,mr,9203,9410,187,394,207,187,0.02031946104531131,0.04187035069075452
2026-08-21,am,1060,1090,24,54,30,24,0.022641509433962263,0.04954128440366973
2026-08-21,bn,2038,2097,51,110,59,51,0.025024533856722278,0.05245588936576061
2026-08-21,si,365,370,5,10,5,5,0.0136986301369863,0.02702702702702703
2026-08-21,ml,2582,2646,52,116,64,52,0.020139426800929512,0.04383975812547241
2026-08-21,qct,788,831,43,86,43,43,0.05456852791878172,0.10348977135980746
2026-08-21,ka,232,236,4,8,4,4,0.017241379310344827,0.03389830508474576
2026-08-21,bg,1428,1466,38,76,38,38,0.02661064425770308,0.05184174624829468
2026-08-21,km,153,155,2,4,2,2,0.013071895424836602,0.025806451612903226
2026-08-21,gu,1147,1186,36,75,39,36,0.03138622493461203,0.06323777403035413
2026-08-21,lo,53,57,4,8,4,4,0.07547169811320754,0.14035087719298245
2026-08-21,kn,2332,2395,47,110,63,47,0.020154373927958835,0.04592901878914405
2026-08-21,pa,660,688,18,46,28,18,0.02727272727272727,0.06686046511627906
2026-08-21,sd,470,489,17,36,19,17,0.036170212765957444,0.0736196319018405
2026-08-21,or,1063,1087,23,47,24,23,0.021636876763875823,0.04323827046918123
2026-08-21,bo,11,13,2,4,2,2,0.18181818181818182,0.3076923076923077
2026-08-21,dv,810,862,24,76,52,24,0.02962962962962963,0.08816705336426914
2026-08-21,<NULL>,1,7,1,7,6,1,1.0,1.0
2026-08-21,hy,182,203,21,42,21,21,0.11538461538461539,0.20689655172413793
2026-08-21,ug,9,9,0,0,0,0,0.0,0.0
2026-08-22,in,461389,471968,9989,20568,10579,9983,0.021649844274570916,0.04357922571021764
2026-08-22,ja,6204265,6407515,187983,391233,203250,187938,0.03029899593263666,0.06105846026111527
2026-08-22,es,1553171,1591471,35859,74159,38300,35846,0.023087605936500232,0.046597770238980166
2026-08-22,pt,974647,993992,18123,37468,19345,18119,0.018594424442900867,0.037694468365942584
2026-08-22,en,8307137,8533149,196586,422598,226012,196534,0.023664711440295253,0.049524272926676896
2026-08-22,tr,451555,463829,11198,23472,12274,11196,0.024798750982715285,0.050604856531178515
2026-08-22,fi,15847,16356,453,962,509,453,0.0285858522117751,0.05881633651259477
2026-08-22,ht,32582,33427,774,1619,845,774,0.02375544779326008,0.048433900738923626
2026-08-22,ar,477630,494003,15013,31386,16373,15011,0.0314322802169043,0.06353402712129279
2026-08-22,qme,331533,339964,7616,16047,8431,7614,0.02297207216174559,0.04720205668835524
2026-08-22,zxx,834087,856693,20593,43199,22606,20583,0.024689271023286538,0.05042529821067757
2026-08-22,ko,661494,674020,11446,23972,12526,11443,0.017303255963017048,0.03556571021631406
2026-08-22,vi,18078,18499,409,830,421,407,0.022624184091160526,0.044867290123790475
2026-08-22,hi,161049,164759,3557,7267,3710,3554,0.022086445740116364,0.04410684697042347
2026-08-22,th,582507,587584,4440,9517,5077,4436,0.007622225999000871,0.01619683313364557
2026-08-22,ur,66048,67155,1023,2130,1107,1023,0.015488735465116279,0.03171766808130445
2026-08-22,zh,95739,99524,3488,7273,3785,3487,0.036432383876998924,0.07307785056870704
2026-08-22,und,249093,254883,5149,10939,5790,5146,0.020670994367565528,0.042917730880443185
2026-08-22,art,90823,93563,2627,5367,2740,2627,0.028924391398654527,0.05736241890490899
2026-08-22,qht,27551,28416,838,1703,865,837,0.030416318826902836,0.05993102477477477
2026-08-22,qst,45077,46338,1253,2514,1261,1251,0.027796880892694723,0.05425352842159782
2026-08-22,uk,13748,14149,382,783,401,382,0.027785859761419843,0.05533959997172945
2026-08-22,cy,10086,10338,229,481,252,229,0.022704739242514375,0.0465273747339911
2026-08-22,te,14611,14956,344,689,345,344,0.023543905276846213,0.046068467504680397
2026-08-22,nl,44609,45881,1113,2385,1272,1113,0.024950122172655742,0.051982302042239706
2026-08-22,fa,111222,115686,4313,8777,4464,4313,0.03877829925734117,0.07586916307937001
2026-08-22,el,27596,28143,527,1074,547,527,0.019096970575445717,0.03816224283125466
2026-08-22,tl,134640,137320,2580,5260,2680,2580,0.019162210338680926,0.03830468977570638
2026-08-22,et,56222,57411,1093,2282,1189,1093,0.01944078830351108,0.03974848025639686
2026-08-22,lt,6113,6257,125,269,144,125,0.020448225094061835,0.042991849128975544
2026-08-22,pl,93468,96102,2413,5047,2634,2410,0.02581632216373518,0.05251711722961021
2026-08-22,eu,11915,12283,322,690,368,322,0.02702475870751154,0.056175201498005374
2026-08-22,da,11457,11867,354,764,410,353,0.030898140874574497,0.06438021403893149
2026-08-22,fr,401863,414218,10228,22583,12355,10221,0.025451459825861052,0.05451960078992221
2026-08-22,ru,45522,47054,1413,2945,1532,1413,0.03103993673388691,0.06258766523568665
2026-08-22,hu,5930,6069,135,274,139,135,0.022765598650927487,0.04514747075300708
2026-08-22,no,9289,9573,279,563,284,279,0.030035525890838626,0.05881123994568056
2026-08-22,ca,48223,49395,1110,2282,1172,1110,0.023018061920660266,0.046199007996760806
2026-08-22,ne,4113,4231,117,235,118,117,0.028446389496717725,0.05554242495863862
2026-08-22,qam,15991,16493,487,989,502,487,0.030454630729785503,0.05996483356575517
2026-08-22,cs,12911,13552,464,1105,641,464,0.03593834714584463,0.08153778040141677
2026-08-22,it,110816,113782,2720,5686,2966,2720,0.024545192030031766,0.04997275491729799
2026-08-22,de,97936,100886,2453,5403,2950,2453,0.025046969449436365,0.05355549828519319
2026-08-22,lv,6421,6661,219,459,240,219,0.034106836941286404,0.06890857228644348
2026-08-22,iw,17071,17722,588,1239,651,588,0.03444437935680394,0.06991310235865027
2026-08-22,ta,42761,43512,713,1464,751,713,0.016674072168564813,0.03364589078874793
2026-08-22,ps,4531,4702,171,342,171,171,0.03774001324210991,0.07273500638026371
2026-08-22,ro,14368,14703,300,635,335,300,0.020879732739420936,0.04318846493912807
2026-08-22,sl,7982,8168,177,363,186,177,0.022174893510398395,0.044441723800195884
2026-08-22,is,3399,3466,67,134,67,67,0.01971167990585466,0.03866128101557992
2026-08-22,sr,6502,6675,144,317,173,144,0.02214703168255921,0.04749063670411985
2026-08-22,my,3875,3974,99,198,99,99,0.025548387096774195,0.0498238550578762
2026-08-22,sv,16016,16547,460,991,531,460,0.02872127872127872,0.059890010273765636
2026-08-22,ckb,832,857,25,50,25,25,0.030048076923076924,0.058343057176196034
2026-08-22,mr,8976,9150,169,343,174,169,0.018827985739750447,0.037486338797814205
2026-08-22,am,1083,1156,48,121,73,48,0.0443213296398892,0.1046712802768166
2026-08-22,bn,1817,1905,61,149,88,61,0.033571821684094665,0.07821522309711286
2026-08-22,si,290,291,1,2,1,1,0.0034482758620689655,0.006872852233676976
2026-08-22,ml,2592,2649,57,114,57,57,0.02199074074074074,0.04303510758776897
2026-08-22,qct,541,560,19,38,19,19,0.03512014787430684,0.06785714285714285
2026-08-22,ka,122,123,1,2,1,1,0.00819672131147541,0.016260162601626018
2026-08-22,bg,1201,1256,52,107,55,52,0.04329725228975854,0.08519108280254777
2026-08-22,km,92,101,9,18,9,9,0.09782608695652174,0.1782178217821782
2026-08-22,gu,1047,1078,29,60,31,29,0.027698185291308502,0.055658627087198514
2026-08-22,lo,39,41,2,4,2,2,0.05128205128205128,0.0975609756097561
2026-08-22,kn,1808,1849,41,82,41,41,0.02267699115044248,0.04434829637641969
2026-08-22,pa,547,577,13,43,30,13,0.02376599634369287,0.07452339688041594
2026-08-22,sd,571,585,14,28,14,14,0.024518388791593695,0.04786324786324787
2026-08-22,or,861,884,23,46,23,23,0.026713124274099883,0.05203619909502263
2026-08-22,bo,12,12,0,0,0,0,0.0,0.0
2026-08-22,dv,732,768,22,58,36,22,0.030054644808743168,0.07552083333333333
2026-08-22,hy,142,150,8,16,8,8,0.056338028169014086,0.10666666666666667
2026-08-22,ug,7,8,1,2,1,1,0.14285714285714285,0.25
2026-08-23,in,504297,515752,10884,22339,11455,10880,0.021582519824627153,0.04331345297739999
2026-08-23,ja,6432788,6645619,196304,409135,212831,196256,0.03051616188812689,0.0615646187360425
2026-08-23,es,1654479,1698190,41036,84747,43711,41015,0.02480297422934954,0.049904309882875295
2026-08-23,pt,1110118,1135180,23598,48660,25062,23591,0.021257199685078523,0.04286544865131521
2026-08-23,en,8782426,9018937,208657,445168,236511,208599,0.023758469470736218,0.04935925375684518
2026-08-23,tr,507253,523036,14639,30422,15783,14638,0.028859366036277756,0.05816425638005797
2026-08-23,fi,16461,16987,459,985,526,458,0.027884089666484417,0.05798551833755224
2026-08-23,ht,35285,36226,884,1825,941,881,0.025053138727504604,0.05037818141666207
2026-08-23,ar,509185,528087,16496,35398,18902,16487,0.03239686950715359,0.06703062184829393
2026-08-23,qme,377255,386836,8611,18192,9581,8610,0.022825409868656478,0.047027680981087595
2026-08-23,zxx,928684,954090,23217,48623,25406,23210,0.024999892320746345,0.05096269743944492
2026-08-23,ko,754570,769056,13421,27907,14486,13416,0.017786288879759332,0.03628734448466692
2026-08-23,vi,16303,16718,399,814,415,399,0.024474023185916703,0.04869003469314511
2026-08-23,hi,167856,171452,3430,7026,3596,3429,0.02043418167953484,0.040979399482070786
2026-08-23,th,694026,699636,5086,10696,5610,5084,0.007328255713762885,0.015287949733861607
2026-08-23,ur,66706,67756,1028,2078,1050,1028,0.015410907564536924,0.03066887065352146
2026-08-23,zh,100471,104699,3960,8188,4228,3959,0.03941435837206756,0.07820514045024307
2026-08-23,und,269938,276520,5932,12514,6582,5931,0.021975416577139934,0.04525531607117026
2026-08-23,art,92653,95389,2677,5413,2736,2675,0.028892750369658833,0.05674658503601044
2026-08-23,qht,30552,31518,938,1904,966,938,0.03070175438596491,0.06040992448759439
2026-08-23,qst,47602,48955,1339,2692,1353,1339,0.028129070207134153,0.054989275865590846
2026-08-23,uk,16042,16640,484,1082,598,484,0.03017080164568009,0.06502403846153847
2026-08-23,cy,12696,13050,330,684,354,330,0.02599243856332703,0.05241379310344828
2026-08-23,te,11778,12033,254,509,255,254,0.021565630837154015,0.0423003407296601
2026-08-23,nl,49712,51227,1385,2900,1515,1381,0.02786047634373994,0.05661077166338064
2026-08-23,fa,120458,125744,5063,10349,5286,5061,0.04203124740573478,0.08230213767654918
2026-08-23,el,30655,31303,598,1246,648,597,0.019507421301582124,0.03980449158227646
2026-08-23,tl,169586,173133,3345,6892,3547,3345,0.01972450556060052,0.03980754679928148
2026-08-23,et,56605,57847,1137,2379,1242,1136,0.020086564791096193,0.041125728214081975
2026-08-23,lt,6864,7073,197,406,209,197,0.0287004662004662,0.057401385550685705
2026-08-23,pl,101077,103830,2596,5349,2753,2596,0.025683389890875274,0.05151690262929789
2026-08-23,eu,12807,13221,347,761,414,347,0.02709455766377762,0.057559942515694726
2026-08-23,da,13007,13402,368,763,395,368,0.028292457907280695,0.05693180122369795
2026-08-23,fr,446393,460636,11735,25978,14243,11733,0.026288494667255087,0.056395939527088636
2026-08-23,ru,48110,49792,1553,3235,1682,1553,0.03228019122843484,0.0649702763496144
2026-08-23,hu,7475,7666,177,368,191,177,0.023678929765886286,0.048004174276024
2026-08-23,no,9957,10275,297,615,318,296,0.029828261524555588,0.059854014598540145
2026-08-23,ca,54791,56247,1347,2803,1456,1346,0.024584329543173147,0.049833768912119755
2026-08-23,ne,4173,4295,122,244,122,122,0.02923556194584232,0.05681024447031432
2026-08-23,qam,17207,17750,523,1066,543,522,0.030394606846051025,0.060056338028169017
2026-08-23,cs,12644,13222,415,993,578,415,0.032821891806390384,0.07510210255634549
2026-08-23,it,118546,121946,3123,6523,3400,3122,0.026344203937711943,0.05349088941006675
2026-08-23,de,105312,108275,2569,5532,2963,2562,0.024394181099969613,0.051092126529669823
2026-08-23,lv,6994,7351,270,627,357,270,0.0386045181584215,0.0852945177526867
2026-08-23,iw,23249,24268,869,1888,1019,869,0.03737795173985978,0.07779792319103346
2026-08-23,ta,43020,43711,654,1345,691,654,0.015202231520223153,0.03077028665553293
2026-08-23,ps,5194,5355,161,322,161,161,0.03099730458221024,0.06013071895424837
2026-08-23,ro,14530,14920,350,740,390,350,0.024088093599449415,0.049597855227882036
2026-08-23,sl,8564,8768,184,388,204,184,0.02148528724894909,0.04425182481751825
2026-08-23,is,2866,2931,65,130,65,65,0.022679692951849267,0.04435346298191743
2026-08-23,sr,6485,6679,174,368,194,174,0.026831148804934465,0.05509806857313969
2026-08-23,my,4949,5162,213,426,213,213,0.04303899777732875,0.08252615265401007
2026-08-23,sv,19826,20468,566,1208,642,566,0.028548370826187833,0.05901895641977721
2026-08-23,ckb,909,945,36,72,36,36,0.039603960396039604,0.0761904761904762
2026-08-23,mr,9236,9420,181,365,184,181,0.01959722823733218,0.038747346072186835
2026-08-23,am,889,914,25,50,25,25,0.0281214848143982,0.05470459518599562
2026-08-23,bn,2139,2237,75,173,98,75,0.03506311360448808,0.0773357174787662
2026-08-23,si,341,349,8,16,8,8,0.02346041055718475,0.045845272206303724
2026-08-23,ml,2533,2602,61,130,69,61,0.024082116067903673,0.04996156802459646
2026-08-23,qct,494,515,21,42,21,21,0.04251012145748988,0.08155339805825243
2026-08-23,ka,146,148,2,4,2,2,0.0136986301369863,0.02702702702702703
2026-08-23,bg,1302,1357,55,110,55,55,0.042242703533026116,0.08106116433308769
2026-08-23,km,92,95,3,6,3,3,0.03260869565217391,0.06315789473684211
2026-08-23,gu,936,969,31,64,33,31,0.03311965811965812,0.06604747162022703
2026-08-23,lo,64,66,2,4,2,2,0.03125,0.06060606060606061
2026-08-23,kn,1979,2021,42,84,42,42,0.021222839818089943,0.04156358238495794
2026-08-23,pa,615,630,15,30,15,15,0.024390243902439025,0.047619047619047616
2026-08-23,sd,539,555,16,32,16,16,0.029684601113172542,0.05765765765765766
2026-08-23,or,822,836,13,27,14,13,0.015815085158150853,0.03229665071770335
2026-08-23,bo,13,14,1,2,1,1,0.07692307692307693,0.14285714285714285
2026-08-23,dv,1231,1284,29,82,53,29,0.023558082859463852,0.06386292834890965
2026-08-23,hy,185,199,14,28,14,14,0.07567567567567568,0.1407035175879397
2026-08-23,ug,3,3,0,0,0,0,0.0,0.0
2026-08-24,in,472914,485849,11988,24923,12935,11980,0.025349217828188636,0.0512978312191648
2026-08-24,ja,5813475,6031304,197451,415280,217829,197415,0.03396436726742611,0.06885409854983267
2026-08-24,es,1719798,1774089,48877,103168,54291,48866,0.028420198186066038,0.05815266314147712
2026-08-24,pt,1110690,1139326,27081,55717,28636,27076,0.02438214083137509,0.04890347451036841
2026-08-24,en,8698173,9017026,255345,574198,318853,255257,0.029356164794606867,0.0636793106729425
2026-08-24,tr,487176,505556,16393,34773,18380,16387,0.03364903032990131,0.06878169777433163
2026-08-24,fi,16820,17634,603,1417,814,602,0.03585017835909631,0.08035613020301689
2026-08-24,ht,33856,34848,938,1930,992,938,0.027705576559546315,0.05538337924701561
2026-08-24,ar,472712,494286,18617,40191,21574,18611,0.03938338777098952,0.08131122467559267
2026-08-24,qme,358248,368521,9465,19738,10273,9463,0.026420245193273934,0.0535600413544954
2026-08-24,zxx,892038,921815,26350,56127,29777,26338,0.02953910035222715,0.06088748827042302
2026-08-24,ko,717186,733429,14466,30709,16243,14463,0.020170499703005915,0.04187044690079067
2026-08-24,vi,15313,15768,434,889,455,434,0.02834193169202638,0.05638001014713343
2026-08-24,hi,168287,172812,4323,8848,4525,4322,0.025688258748447594,0.0512001481378608
2026-08-24,th,671919,678008,5485,11574,6089,5484,0.008163186336448292,0.0170705950372267
2026-08-24,ur,77807,79591,1752,3536,1784,1752,0.022517254231624404,0.04442713372114938
2026-08-24,zh,99671,104317,4277,8923,4646,4276,0.04291117777487935,0.08553735249288227
2026-08-24,und,244341,251813,6502,13974,7472,6501,0.0266103519262015,0.05549356069781941
2026-08-24,art,92007,95420,3179,6592,3413,3179,0.03455171889095395,0.06908404946552085
2026-08-24,qht,29952,31080,1115,2243,1128,1114,0.03722622863247863,0.07216859716859717
2026-08-24,qst,47724,49351,1542,3169,1627,1542,0.032310787025396026,0.0642134911146684
2026-08-24,uk,18755,19734,727,1706,979,727,0.03876299653425753,0.08644978210195602
2026-08-24,cy,9955,10244,258,547,289,258,0.025916624811652435,0.05339711050370949
2026-08-24,te,12187,12479,285,577,292,285,0.023385574792812013,0.04623767930122606
2026-08-24,nl,43647,45153,1273,2779,1506,1273,0.029165807501088277,0.061546298141873186
2026-08-24,fa,118023,123937,5701,11615,5914,5699,0.04830414410750447,0.09371696910527123
2026-08-24,el,30481,31160,637,1316,679,637,0.020898264492634756,0.042233632862644414
2026-08-24,tl,150413,153933,3279,6799,3520,3279,0.021799977395570862,0.04416856684401655
2026-08-24,et,56309,57753,1264,2708,1444,1264,0.022447566108437372,0.046889339081952454
2026-08-24,lt,6333,6512,175,354,179,175,0.027633033317543028,0.05436117936117936
2026-08-24,pl,104691,108178,3038,6525,3487,3037,0.02901873131405756,0.06031725489471057
2026-08-24,eu,11598,12046,408,856,448,408,0.03517847904811174,0.07106093308982235
2026-08-24,da,11889,12276,371,758,387,371,0.031205315838169736,0.0617464972303682
2026-08-24,fr,443079,461444,14289,32654,18365,14285,0.032249327997941675,0.07076481653245031
2026-08-24,ru,49040,50883,1729,3572,1843,1729,0.03525693311582382,0.07020026334925221
2026-08-24,hu,7055,7227,169,341,172,169,0.023954642097802976,0.0471841704718417
2026-08-24,no,9959,10301,334,676,342,333,0.0335375037654383,0.06562469663139502
2026-08-24,ca,65710,68175,2210,4675,2465,2210,0.03363262821488358,0.06857352401906858
2026-08-24,ne,4820,4979,157,316,159,157,0.03257261410788382,0.06346655955011046
2026-08-24,qam,18070,18723,621,1274,653,621,0.03436635307138904,0.0680446509640549
2026-08-24,cs,12940,13643,500,1203,703,500,0.03863987635239567,0.08817708715091989
2026-08-24,it,114818,118988,3623,7793,4170,3622,0.031554285913358536,0.06549399939489696
2026-08-24,de,103700,107571,3057,6928,3871,3053,0.02947926711668274,0.06440397504903737
2026-08-24,lv,6240,6652,281,693,412,281,0.04503205128205128,0.10417919422730006
2026-08-24,iw,22636,23778,987,2129,1142,986,0.04360311009012193,0.08953654638741694
2026-08-24,ta,52005,53157,1130,2282,1152,1130,0.021728679934621672,0.04292943544594315
2026-08-24,ps,5087,5280,193,386,193,193,0.037939846667977194,0.0731060606060606
2026-08-24,ro,14196,14662,404,870,466,404,0.028458720766413075,0.059337061792388485
2026-08-24,sl,7973,8225,216,468,252,216,0.027091433588360716,0.056899696048632216
2026-08-24,is,2471,2564,84,177,93,84,0.0339943342776204,0.06903276131045241
2026-08-24,sr,6463,6663,185,385,200,185,0.028624477796688846,0.057781779978988444
2026-08-24,my,3086,3236,144,294,150,144,0.046662346079066754,0.09085290482076638
2026-08-24,sv,19373,20266,712,1605,893,712,0.03675218087028338,0.07919668410145071
2026-08-24,ckb,903,960,57,114,57,57,0.06312292358803986,0.11875
2026-08-24,mr,9426,9683,237,494,257,237,0.02514322087842139,0.05101724672105752
2026-08-24,am,968,1020,35,87,52,35,0.03615702479338843,0.08529411764705883
2026-08-24,bn,2164,2220,55,111,56,55,0.02541589648798521,0.05
2026-08-24,si,416,422,6,12,6,6,0.014423076923076924,0.02843601895734597
2026-08-24,ml,2496,2551,55,110,55,55,0.022035256410256412,0.0431203449627597
2026-08-24,qct,585,605,20,40,20,20,0.03418803418803419,0.06611570247933884
2026-08-24,ka,135,138,3,6,3,3,0.022222222222222223,0.043478260869565216
2026-08-24,bg,1438,1500,62,124,62,62,0.043115438108484005,0.08266666666666667
2026-08-24,km,149,160,11,22,11,11,0.0738255033557047,0.1375
2026-08-24,gu,1337,1396,50,109,59,50,0.037397157816005985,0.07808022922636103
2026-08-24,lo,44,46,2,4,2,2,0.045454545454545456,0.08695652173913043
2026-08-24,kn,2118,2167,39,88,49,39,0.018413597733711047,0.04060913705583756
2026-08-24,pa,621,630,9,18,9,9,0.014492753623188406,0.02857142857142857
2026-08-24,sd,465,484,19,38,19,19,0.04086021505376344,0.07851239669421488
2026-08-24,or,970,1012,39,81,42,39,0.04020618556701031,0.0800395256916996
2026-08-24,bo,28,28,0,0,0,0,0.0,0.0
2026-08-24,dv,1178,1292,56,170,114,56,0.04753820033955857,0.13157894736842105
2026-08-24,<NULL>,2,24,2,24,22,2,1.0,1.0
2026-08-24,hy,208,231,23,46,23,23,0.11057692307692307,0.19913419913419914
2026-08-24,ug,9,10,1,2,1,1,0.1111111111111111,0.2
2026-08-25,in,406702,421331,13769,28398,14629,13763,0.033855255199138436,0.06740068971900952
2026-08-25,ja,5161547,5404555,221461,464469,243008,221406,0.042905934984220816,0.085940285555425
2026-08-25,es,1534120,1596502,56823,119205,62382,56805,0.03703947539957761,0.07466636433903621
2026-08-25,pt,1008212,1041700,31726,65214,33488,31716,0.03146758816598096,0.06260343669002592
2026-08-25,en,8060460,8453281,318652,711473,392821,318560,0.03953273138257618,0.08416530812118987
2026-08-25,tr,438669,458786,17824,37941,20117,17820,0.040632002717310774,0.08269868740545701
2026-08-25,fi,15524,16534,732,1742,1010,732,0.04715279567121876,0.10535865489294786
2026-08-25,ht,29229,30395,1078,2244,1166,1078,0.036881179650347255,0.07382793222569502
2026-08-25,ar,475702,502875,23250,50423,27173,23242,0.048875136114626384,0.1002694506587124
2026-08-25,qme,307144,318855,10754,22465,11711,10752,0.03501289297528195,0.0704552225933418
2026-08-25,zxx,786895,820632,30168,63905,33737,30160,0.03833802476823464,0.0778729077101551
2026-08-25,ko,595337,612855,15946,33464,17518,15943,0.026784829432741457,0.05460345432443237
2026-08-25,vi,12805,13319,506,1020,514,505,0.03951581413510347,0.07658232600045048
2026-08-25,hi,135948,140980,4736,9768,5032,4734,0.034836849383587845,0.06928642360618527
2026-08-25,th,518637,526100,6820,14283,7463,6820,0.013149852401583381,0.027148831020718495
2026-08-25,ur,62964,65012,1975,4023,2048,1975,0.0313671304237342,0.06188088352919461
2026-08-25,zh,89786,95180,4999,10393,5394,4998,0.05567683157730604,0.10919310779575542
2026-08-25,und,210132,218435,7361,15664,8303,7361,0.03503036186777835,0.0717101197152471
2026-08-25,art,94199,98695,4316,8812,4496,4316,0.045817896156010146,0.08928517148791731
2026-08-25,qht,28867,30311,1372,2816,1444,1371,0.04752831953441646,0.09290356636204679
2026-08-25,qst,48921,51125,2162,4366,2204,2161,0.044193700047014575,0.08539853300733496
2026-08-25,uk,13338,14186,600,1448,848,600,0.0449842555105713,0.10207246581136331
2026-08-25,cy,8778,9151,305,678,373,305,0.03474595579858738,0.07409026335919572
2026-08-25,te,10837,11232,380,775,395,380,0.03506505490449387,0.06899928774928775
2026-08-25,nl,39586,41472,1562,3448,1886,1562,0.03945839438185217,0.08314043209876543
2026-08-25,fa,104088,110308,5960,12180,6220,5958,0.0572592421796941,0.11041810204155637
2026-08-25,el,26458,27382,816,1740,924,814,0.030841333434122004,0.06354539478489518
2026-08-25,tl,117101,120699,3444,7042,3598,3442,0.029410508876952374,0.05834348254749418
2026-08-25,et,42984,44589,1403,3008,1605,1402,0.03264005211241392,0.06746058444907937
2026-08-25,lt,5423,5648,192,417,225,192,0.03540475751429098,0.0738314447592068
2026-08-25,pl,92483,96368,3551,7436,3885,3548,0.038396245796524765,0.07716254358293209
2026-08-25,eu,9371,9811,409,849,440,409,0.04364528865649344,0.08653552135358271
2026-08-25,da,10531,11035,444,948,504,444,0.0421612382489792,0.08590847304032624
2026-08-25,fr,400253,421392,16529,37668,21139,16516,0.041296380039624936,0.0893894521016061
2026-08-25,ru,48306,50489,2093,4276,2183,2093,0.04332795097917443,0.0846917150270356
2026-08-25,hu,4926,5113,161,348,187,161,0.03268371904181892,0.06806180324662625
2026-08-25,no,8175,8598,381,804,423,381,0.04660550458715596,0.09351011863224006
2026-08-25,ca,55708,58381,2440,5113,2673,2439,0.043799813312271126,0.08757986331169387
2026-08-25,ne,4297,4449,146,298,152,146,0.03397719339073772,0.06698134412227467
2026-08-25,qam,17410,18163,745,1498,753,745,0.04279149913842619,0.08247536199966966
2026-08-25,cs,13173,14095,727,1649,922,727,0.05518864343733394,0.1169918410783966
2026-08-25,it,102688,107009,3915,8236,4321,3915,0.038125194764724216,0.07696548888411255
2026-08-25,de,97323,102085,3766,8528,4762,3763,0.038695888947114246,0.08353822794729882
2026-08-25,lv,5554,5953,298,697,399,298,0.053655023406553835,0.11708382328237864
2026-08-25,iw,22350,23780,1246,2676,1430,1246,0.05574944071588367,0.11253153910849453
2026-08-25,ta,42234,43509,1224,2499,1275,1223,0.02898138940190368,0.05743639247052334
2026-08-25,ps,4764,5008,243,487,244,243,0.05100755667506297,0.0972444089456869
2026-08-25,ro,12589,13092,446,949,503,446,0.035427754388752085,0.07248701497097464
2026-08-25,sl,7652,7935,264,547,283,264,0.03450078410872975,0.06893509766855703
2026-08-25,is,2157,2246,79,168,89,79,0.03662494204914233,0.07479964381121995
2026-08-25,sr,5765,5997,218,450,232,218,0.037814397224631396,0.0750375187593797
2026-08-25,my,1943,2049,101,207,106,101,0.05198147195059187,0.10102489019033675
2026-08-25,sv,16853,17706,770,1623,853,770,0.045689194802112386,0.09166384276516436
2026-08-25,ckb,856,950,55,149,94,55,0.06425233644859812,0.1568421052631579
2026-08-25,mr,7117,7334,215,432,217,215,0.030209357875509345,0.058903736023997816
2026-08-25,am,1145,1240,67,162,95,67,0.05851528384279476,0.13064516129032258
2026-08-25,bn,1818,1975,108,265,157,108,0.0594059405940594,0.1341772151898734
2026-08-25,si,335,339,4,8,4,4,0.011940298507462687,0.02359882005899705
2026-08-25,ml,2333,2436,94,197,103,94,0.04029147021003,0.08087027914614121
2026-08-25,qct,613,649,33,69,36,33,0.053833605220228384,0.10631741140215717
2026-08-25,ka,178,200,9,31,22,9,0.05056179775280899,0.155
2026-08-25,bg,1566,1663,94,191,97,94,0.06002554278416347,0.11485267588695129
2026-08-25,km,105,109,4,8,4,4,0.0380952380952381,0.07339449541284404
2026-08-25,gu,1037,1083,42,88,46,42,0.040501446480231434,0.08125577100646353
2026-08-25,lo,42,45,3,6,3,3,0.07142857142857142,0.13333333333333333
2026-08-25,kn,1978,2057,73,152,79,73,0.036905965621840245,0.07389402041808459
2026-08-25,pa,557,593,24,60,36,24,0.04308797127468582,0.10118043844856661
2026-08-25,sd,398,414,16,32,16,16,0.04020100502512563,0.07729468599033816
2026-08-25,or,725,764,34,73,39,32,0.04689655172413793,0.09554973821989529
2026-08-25,bo,8,8,0,0,0,0,0.0,0.0
2026-08-25,dv,1031,1200,75,244,169,75,0.07274490785645005,0.20333333333333334
2026-08-25,hy,211,233,22,44,22,22,0.10426540284360189,0.1888412017167382
2026-08-25,ug,5,6,1,2,1,1,0.2,0.3333333333333333
2026-08-26,in,478459,495211,15722,32474,16752,15715,0.032859659866362634,0.06557608776864811
2026-08-26,ja,6107020,6398930,268662,560572,291910,268590,0.043992323588264,0.08760402129731064
2026-08-26,es,1858904,1940509,74175,155780,81605,74155,0.03990254472527898,0.08027790646680845
2026-08-26,pt,1196749,1240088,41520,84859,43339,41512,0.034693991806134784,0.06842982110946966
2026-08-26,en,9273372,9730589,373170,830387,457217,373054,0.04024102559457336,0.08533779404309441
2026-08-26,tr,547825,577342,26489,56006,29517,26488,0.04835303244649295,0.09700662692130488
2026-08-26,fi,18184,19268,900,1984,1084,900,0.04949406071271448,0.10296865268839527
2026-08-26,ht,34736,36183,1326,2773,1447,1324,0.03817365269461078,0.07663820025979051
2026-08-26,ar,506121,535802,25777,55458,29681,25769,0.05093050871234349,0.1035046528381753
2026-08-26,qme,364266,378572,13476,27782,14306,13476,0.036994943255752664,0.0733863043225595
2026-08-26,zxx,904745,945084,36464,76803,40339,36454,0.040303068820496384,0.08126579224703837
2026-08-26,ko,723748,744862,19342,40456,21114,19338,0.026724771605586475,0.05431341644492537
2026-08-26,vi,14612,15228,595,1211,616,594,0.040719956200383246,0.07952456002101392
2026-08-26,hi,169624,176008,5989,12373,6384,5989,0.03530750365514314,0.07029794100268169
2026-08-26,th,699637,707962,7684,16009,8325,7682,0.010982838243260434,0.02261279560202384
2026-08-26,ur,83463,86767,3083,6387,3304,3083,0.036938523657189415,0.07361093503290421
2026-08-26,zh,101364,107793,5977,12406,6429,5974,0.058965707746339927,0.11509096137968143
2026-08-26,und,251794,261128,8393,17727,9334,8392,0.03333280379993169,0.06788624735761772
2026-08-26,art,111025,116167,4951,10093,5142,4949,0.04459356000900698,0.08688353835426584
2026-08-26,qht,33958,35633,1625,3300,1675,1625,0.0478532304611579,0.09261078214015098
2026-08-26,qst,55136,57542,2319,4725,2406,2318,0.042059634358676726,0.08211393416982378
2026-08-26,uk,16014,16867,738,1591,853,737,0.046084675908579995,0.09432619908697457
2026-08-26,cy,9704,10232,373,901,528,373,0.03843775762572135,0.08805707584050039
2026-08-26,te,11854,12255,361,762,401,361,0.03045385523873798,0.062178702570379434
2026-08-26,nl,47132,49471,2000,4339,2339,1999,0.042434015106509376,0.08770795011218693
2026-08-26,fa,112207,119006,6628,13427,6799,6626,0.05906939852237383,0.1128262440549216
2026-08-26,el,35251,36450,1114,2313,1199,1114,0.03160194037048594,0.06345679012345679
2026-08-26,tl,141342,145802,4239,8699,4460,4238,0.02999108545230717,0.05966310475850811
2026-08-26,et,53244,55194,1831,3781,1950,1831,0.034388851325971,0.06850382287929847
2026-08-26,lt,6911,7166,238,493,255,238,0.03443785269859644,0.06879709740440972
2026-08-26,pl,113037,117880,4302,9145,4843,4301,0.03805833488149898,0.07757889379029521
2026-08-26,eu,13020,13540,494,1014,520,494,0.03794162826420891,0.07488921713441654
2026-08-26,da,12684,13367,573,1256,683,572,0.045175023651844844,0.09396274407122017
2026-08-26,fr,496080,522533,21157,47610,26453,21145,0.04264836316723109,0.0911138626651331
2026-08-26,ru,55818,58501,2555,5238,2683,2555,0.045773764735390014,0.0895369309926326
2026-08-26,hu,5566,5809,222,465,243,222,0.03988501616960115,0.08004820106730935
2026-08-26,no,9430,9979,499,1048,549,499,0.052916224814422055,0.10502054314059525
2026-08-26,ca,60020,62835,2693,5508,2815,2693,0.04486837720759747,0.08765815230365243
2026-08-26,ne,10499,10987,451,939,488,451,0.042956472044956666,0.08546464002912534
2026-08-26,qam,21117,22000,868,1751,883,868,0.041104323530804565,0.07959090909090909
2026-08-26,cs,16697,17963,915,2181,1266,915,0.05480026352039288,0.12141624450258866
2026-08-26,it,120962,126273,4800,10111,5311,4797,0.03968188356673997,0.08007254124001172
2026-08-26,de,112473,117963,4461,9951,5490,4459,0.03966285241791363,0.08435695938557006
2026-08-26,lv,6734,7230,359,855,496,359,0.05331155331155331,0.11825726141078838
2026-08-26,iw,23187,24750,1321,2884,1563,1321,0.05697157890197093,0.11652525252525253
2026-08-26,ta,44479,45777,1262,2560,1298,1262,0.028372940039119585,0.055923280249907156
2026-08-26,ps,4177,4415,238,476,238,238,0.05697869284175246,0.10781426953567384
2026-08-26,ro,16954,17648,598,1292,694,598,0.03527191223310133,0.07320942883046237
2026-08-26,sl,9098,9488,337,727,390,336,0.037041107935810065,0.07662310286677909
2026-08-26,is,2636,2757,101,222,121,101,0.03831562974203338,0.08052230685527748
2026-08-26,sr,6306,6607,257,558,301,257,0.04075483666349508,0.08445588012713788
2026-08-26,my,2385,2529,141,285,144,141,0.05911949685534591,0.11269276393831554
2026-08-26,sv,19652,20677,939,1964,1025,939,0.04778139629554244,0.0949847656816753
2026-08-26,ckb,1001,1051,50,100,50,50,0.04995004995004995,0.09514747859181731
2026-08-26,mr,9284,9622,304,642,338,304,0.03274450667815597,0.06672209519850343
2026-08-26,am,1139,1214,55,130,75,55,0.048287971905179985,0.1070840197693575
2026-08-26,bn,2183,2296,96,209,113,96,0.043976179569399906,0.09102787456445993
2026-08-26,si,417,426,9,18,9,9,0.02158273381294964,0.04225352112676056
2026-08-26,ml,4482,4738,248,504,256,248,0.05533244087460955,0.10637399746728578
2026-08-26,qct,683,723,40,80,40,40,0.05856515373352855,0.11065006915629322
2026-08-26,ka,140,146,6,12,6,6,0.04285714285714286,0.0821917808219178
2026-08-26,bg,1718,1828,100,210,110,100,0.05820721769499418,0.11487964989059081
2026-08-26,km,129,137,8,16,8,8,0.06201550387596899,0.11678832116788321
2026-08-26,gu,1167,1243,59,135,76,59,0.050556983718937444,0.1086082059533387
2026-08-26,lo,23,25,2,4,2,2,0.08695652173913043,0.16
2026-08-26,kn,2778,2888,103,213,110,103,0.037077033837293015,0.07375346260387812
2026-08-26,pa,731,754,23,46,23,23,0.03146374829001368,0.0610079575596817
2026-08-26,sd,372,389,17,34,17,17,0.0456989247311828,0.08740359897172237
2026-08-26,or,1060,1092,31,63,32,31,0.029245283018867925,0.057692307692307696
2026-08-26,bo,10,11,1,2,1,1,0.1,0.18181818181818182
2026-08-26,dv,1385,1507,74,196,122,74,0.053429602888086646,0.1300597213005972
2026-08-26,<NULL>,1,1,0,0,0,0,0.0,0.0
2026-08-26,hy,217,239,22,44,22,22,0.10138248847926268,0.18410041841004185
2026-08-26,ug,5,5,0,0,0,0,0.0,0.0
2026-08-27,in,463803,485333,20494,42024,21530,20483,0.04418686381933709,0.08658797155767277
2026-08-27,ja,5737486,6082851,318749,664114,345365,318644,0.05555551682391905,0.10917808113333698
2026-08-27,es,1866396,1971051,96855,201510,104655,96826,0.05189413179196698,0.10223479757753605
2026-08-27,pt,1125337,1179281,51413,105357,53944,51396,0.045686758722053925,0.08934003006916927
2026-08-27,en,8515998,9055344,443819,983165,539346,443662,0.052115911722853854,0.10857290457435963
2026-08-27,tr,517688,548434,28477,59223,30746,28470,0.05500803572808333,0.1079856464041252
2026-08-27,fi,18135,19594,1172,2631,1459,1171,0.06462641301350978,0.134275798713892
2026-08-27,ht,35422,37194,1712,3484,1772,1710,0.048331545367285865,0.093671022207883
2026-08-27,ar,474529,507661,28849,61981,33132,28842,0.06079501990394686,0.12209131684332655
2026-08-27,qme,326380,342767,15354,31741,16387,15348,0.04704332373307188,0.09260226334507114
2026-08-27,zxx,849724,897611,43648,91535,47887,43640,0.05136726748920826,0.10197624583477698
2026-08-27,ko,663515,688855,23465,48805,25340,23454,0.03536468655569203,0.07084945307793367
2026-08-27,vi,13190,13917,690,1417,727,690,0.052312357846853674,0.10181792052884961
2026-08-27,hi,143814,150638,6356,13180,6824,6356,0.04419597535705842,0.0874945232942551
2026-08-27,th,587056,597455,9681,20080,10399,9679,0.01649076067700526,0.033609225799432596
2026-08-27,ur,63870,66661,2696,5487,2791,2696,0.04221074056677626,0.08231199651970418
2026-08-27,zh,99063,106963,7428,15328,7900,7426,0.07498258683867842,0.14330188943840394
2026-08-27,und,250415,262543,11348,23476,12128,11347,0.04531677415490286,0.08941773347604011
2026-08-27,art,103174,109196,5698,11720,6022,5698,0.055227092096846106,0.107329938825598
2026-08-27,qht,30532,32342,1760,3570,1810,1760,0.057644438621773875,0.1103827839960423
2026-08-27,qst,51291,54202,2847,5758,2911,2846,0.05550681406094637,0.10623224235268071
2026-08-27,uk,15444,16466,856,1878,1022,856,0.05542605542605543,0.11405320053443459
2026-08-27,cy,9964,10508,459,1003,544,459,0.04606583701324769,0.09545108488770461
2026-08-27,te,10673,11148,457,932,475,457,0.04281832661857023,0.08360243989953355
2026-08-27,nl,47330,50479,2630,5779,3149,2630,0.055567293471371224,0.11448325046058758
2026-08-27,fa,111962,120322,8083,16443,8360,8082,0.07219413729658276,0.13665830022772227
2026-08-27,el,35391,37238,1677,3524,1847,1676,0.0473849283716199,0.09463451313174714
2026-08-27,tl,124710,129960,5044,10294,5250,5041,0.04044583433565873,0.07920898738073254
2026-08-27,et,47482,49593,1995,4106,2111,1994,0.04201592182300661,0.0827939426935253
2026-08-27,lt,6043,6368,284,609,325,284,0.04699652490484858,0.09563442211055276
2026-08-27,pl,106679,112713,5339,11373,6034,5337,0.050047338276511776,0.10090229166112161
2026-08-27,eu,11482,12072,561,1151,590,560,0.04885908378331301,0.09534459907223326
2026-08-27,da,12817,13601,709,1493,784,709,0.05531715690099087,0.10977134034262187
2026-08-27,fr,505388,542050,27977,64639,36662,27970,0.055357467925633376,0.11924914675767918
2026-08-27,ru,51849,55134,3116,6401,3285,3116,0.060097591081795215,0.11609895890013422
2026-08-27,hu,5492,5812,293,613,320,293,0.05335032774945375,0.10547143840330352
2026-08-27,no,9981,10610,575,1204,629,575,0.057609457970143274,0.11347785108388313
2026-08-27,ca,59273,63271,3707,7705,3998,3704,0.06254112327704013,0.12177774967994816
2026-08-27,ne,8991,9461,456,926,470,456,0.050717384050717386,0.09787548884895889
2026-08-27,qam,19555,20561,977,1983,1006,977,0.049961646637688574,0.09644472545109674
2026-08-27,cs,15364,16752,1071,2459,1388,1071,0.06970840926841969,0.14678844317096465
2026-08-27,it,114545,120823,5805,12083,6278,5804,0.05067877253481164,0.10000579359890087
2026-08-27,de,102575,109405,5337,12167,6830,5335,0.052030221788934926,0.11121063936748778
2026-08-27,lv,6577,7236,448,1107,659,448,0.06811616238406569,0.15298507462686567
2026-08-27,iw,23814,25874,1832,3892,2060,1832,0.07692953724699757,0.15042127231970318
2026-08-27,ta,39739,41298,1517,3076,1559,1517,0.038174085910566445,0.07448302581238801
2026-08-27,ps,3467,3715,243,491,248,243,0.07008941447937699,0.13216689098250337
2026-08-27,ro,15801,16649,756,1604,848,755,0.047845073096639455,0.09634212265000901
2026-08-27,sl,8996,9442,391,837,446,391,0.04346376167185416,0.08864647320482949
2026-08-27,is,2515,2718,172,375,203,172,0.068389662027833,0.13796909492273732
2026-08-27,sr,8195,8827,555,1187,632,554,0.0677242220866382,0.13447377364903138
2026-08-27,my,1396,1462,63,129,66,63,0.04512893982808023,0.08823529411764706
2026-08-27,sv,19552,20998,1136,2582,1446,1135,0.05810147299509002,0.12296409181826841
2026-08-27,ckb,951,1010,59,118,59,59,0.06203995793901157,0.11683168316831684
2026-08-27,mr,8488,8918,393,823,430,393,0.04630065975494816,0.09228526575465351
2026-08-27,am,1029,1117,71,159,88,71,0.06899902818270165,0.1423455684870188
2026-08-27,bn,1932,2085,124,277,153,124,0.06418219461697723,0.1328537170263789
2026-08-27,si,294,312,18,36,18,18,0.061224489795918366,0.11538461538461539
2026-08-27,ml,2460,2599,137,276,139,137,0.05569105691056911,0.10619469026548672
2026-08-27,qct,732,811,75,154,79,75,0.10245901639344263,0.18988902589395806
2026-08-27,ka,94,96,2,4,2,2,0.02127659574468085,0.041666666666666664
2026-08-27,bg,1509,1644,123,258,135,123,0.08151093439363817,0.15693430656934307
2026-08-27,km,149,157,8,16,8,8,0.053691275167785234,0.10191082802547771
2026-08-27,gu,1331,1402,52,123,71,52,0.03906836964688205,0.0877318116975749
2026-08-27,lo,33,41,8,16,8,8,0.24242424242424243,0.3902439024390244
2026-08-27,kn,2522,2638,110,226,116,110,0.04361617763679619,0.08567096285064443
2026-08-27,pa,711,748,37,74,37,37,0.052039381153305204,0.09893048128342247
2026-08-27,sd,326,363,37,74,37,37,0.11349693251533742,0.20385674931129477
2026-08-27,or,882,935,51,104,53,50,0.05782312925170068,0.11122994652406418
2026-08-27,bo,26,27,1,2,1,1,0.038461538461538464,0.07407407407407407
2026-08-27,dv,1447,1660,102,315,213,102,0.07049067035245335,0.1897590361445783
2026-08-27,<NULL>,2,19,2,19,17,2,1.0,1.0
2026-08-27,hy,234,248,14,28,14,14,0.05982905982905983,0.11290322580645161
2026-08-27,ug,9,9,0,0,0,0,0.0,0.0
2026-08-28,in,519085,544288,23958,49161,25203,23947,0.046154290723099296,0.09032166794050209
2026-08-28,ja,6810938,7264159,418720,871941,453221,418573,0.06147758208928051,0.12003330323579095
2026-08-28,es,2000373,2117790,108098,225515,117417,108070,0.054038921741095286,0.10648600663899631
2026-08-28,pt,1351780,1421448,67358,137026,69668,67344,0.049829114204974184,0.0963988833921466
2026-08-28,en,9926798,10565366,537125,1175693,638568,536954,0.054108585668812846,0.11127801914292415
2026-08-28,tr,571581,609498,34582,72499,37917,34580,0.06050236099520453,0.11894870860938017
2026-08-28,fi,18856,20604,1306,3054,1748,1306,0.06926177344081459,0.14822364589400117
2026-08-28,ht,37393,39451,1942,4000,2058,1941,0.051934854117080737,0.10139159970596436
2026-08-28,ar,549615,591268,38482,80135,41653,38467,0.07001628412616104,0.1355307576259835
2026-08-28,qme,396338,416541,19118,39321,20203,19114,0.04823660612911202,0.09439887069940293
2026-08-28,zxx,1004770,1064037,54551,113818,59267,54527,0.05429202703106183,0.10696808475645114
2026-08-28,ko,798241,829898,29321,60978,31657,29307,0.03673201451691908,0.07347649952162796
2026-08-28,vi,16003,16998,928,1923,995,928,0.05798912703868025,0.11313095658312743
2026-08-28,hi,168847,177379,8020,16552,8532,8019,0.04749862301373433,0.09331431567434702
2026-08-28,th,815407,828844,12665,26102,13437,12658,0.015532120769137375,0.03149205399327256
2026-08-28,ur,76934,80754,3647,7467,3820,3647,0.04740426859385967,0.09246600787577086
2026-08-28,zh,110678,119697,8562,17581,9019,8560,0.07735954751621822,0.1468792033217207
2026-08-28,und,298288,312691,13355,27758,14403,13353,0.04477216649680845,0.0887713429551858
2026-08-28,art,115493,122766,7019,14292,7273,7017,0.06077424605820266,0.11641659742925566
2026-08-28,qht,34947,37274,2261,4588,2327,2260,0.06469797121355195,0.1230884799055642
2026-08-28,qst,56148,59562,3335,6749,3414,3334,0.05939659471397022,0.11331049998321077
2026-08-28,uk,19284,20531,1157,2404,1247,1157,0.059997925741547393,0.11709122789927427
2026-08-28,cy,10490,11075,532,1117,585,531,0.05071496663489037,0.10085778781038375
2026-08-28,te,14225,14887,626,1288,662,625,0.044007029876977154,0.08651843890642842
2026-08-28,nl,53840,57475,3149,6784,3635,3149,0.05848811292719168,0.11803392779469335
2026-08-28,fa,123918,133821,9668,19571,9903,9667,0.0780193353669362,0.14624759940517557
2026-08-28,el,39921,42165,2102,4346,2244,2101,0.052653991633476116,0.10307126763903712
2026-08-28,tl,166762,173844,6850,13932,7082,6849,0.041076504239574964,0.08014081590391385
2026-08-28,et,56676,59215,2366,4905,2539,2365,0.0417460653539417,0.08283374145064595
2026-08-28,lt,6519,6854,316,651,335,316,0.04847369228409265,0.09498103297344616
2026-08-28,pl,126937,134995,7086,15144,8058,7081,0.05582296729873874,0.11218193266417274
2026-08-28,eu,14126,14908,755,1537,782,755,0.05344754353674076,0.10309900724443252
2026-08-28,da,16014,17121,943,2050,1107,943,0.05888597477207443,0.11973599672916302
2026-08-28,fr,549831,590202,32381,72752,40371,32369,0.05889264155713301,0.12326627154770739
2026-08-28,ru,58511,62631,3965,8085,4120,3963,0.06776503563432516,0.12908942855774297
2026-08-28,hu,6659,7049,370,760,390,370,0.05556389848325574,0.1078167115902965
2026-08-28,no,12930,14011,859,1940,1081,859,0.06643464810518175,0.13846263649989293
2026-08-28,ca,60089,63954,3605,7470,3865,3600,0.05999434172643912,0.11680270194202083
2026-08-28,ne,8649,9094,425,870,445,424,0.049138628743207305,0.09566747305915989
2026-08-28,qam,21937,23224,1253,2540,1287,1253,0.05711811095409582,0.10936961763692732
2026-08-28,cs,15945,17256,1046,2357,1311,1045,0.06560050172467859,0.1365901715345387
2026-08-28,it,133072,141129,7541,15598,8057,7539,0.05666857039798004,0.11052299669097067
2026-08-28,de,127201,136005,7068,15872,8804,7065,0.055565600899364,0.1167015918532407
2026-08-28,lv,7934,8588,496,1150,654,496,0.06251575497857323,0.13390777829529577
2026-08-28,iw,20987,22885,1673,3571,1898,1673,0.07971601467575165,0.15604107493991698
2026-08-28,ta,51030,53279,2172,4421,2249,2172,0.04256319811875368,0.08297828412695434
2026-08-28,ps,3264,3488,224,448,224,224,0.06862745098039216,0.12844036697247707
2026-08-28,ro,16431,17431,915,1915,1000,914,0.05568742012050393,0.10986174057713269
2026-08-28,sl,10223,10967,571,1315,744,571,0.05585444585738042,0.11990517005562142
2026-08-28,is,3045,3239,174,368,194,174,0.05714285714285714,0.11361531336832356
2026-08-28,sr,7909,8495,534,1120,586,534,0.06751801744847642,0.1318422601530312
2026-08-28,my,2146,2232,83,169,86,83,0.03867660764212488,0.07571684587813621
2026-08-28,sv,23347,25074,1489,3216,1727,1488,0.06377693065490213,0.128260349365877
2026-08-28,ckb,848,909,59,120,61,59,0.0695754716981132,0.132013201320132
2026-08-28,mr,10263,10762,453,952,499,453,0.04413914060216311,0.08845939416465341
2026-08-28,am,1094,1209,79,194,115,79,0.07221206581352833,0.16046319272125723
2026-08-28,bn,2367,2515,136,284,148,136,0.0574566962399662,0.11292246520874752
2026-08-28,si,370,381,11,22,11,11,0.02972972972972973,0.05774278215223097
2026-08-28,ml,3106,3326,206,426,220,205,0.06632324533161622,0.1280817799158148
2026-08-28,qct,650,704,54,108,54,54,0.08307692307692308,0.1534090909090909
2026-08-28,ka,121,123,2,4,2,2,0.01652892561983471,0.032520325203252036
2026-08-28,bg,1676,1839,151,314,163,151,0.09009546539379475,0.17074497009244155
2026-08-28,km,188,237,25,74,49,25,0.13297872340425532,0.31223628691983124
2026-08-28,gu,1333,1421,69,157,88,69,0.051762940735183796,0.11048557353976073
2026-08-28,lo,33,41,7,15,8,7,0.21212121212121213,0.36585365853658536
2026-08-28,kn,3358,3545,177,364,187,177,0.05270994639666468,0.10267983074753173
2026-08-28,pa,868,918,49,99,50,49,0.056451612903225805,0.10784313725490197
2026-08-28,sd,473,515,42,84,42,42,0.08879492600422834,0.16310679611650486
2026-08-28,or,1005,1071,63,129,66,63,0.0626865671641791,0.12044817927170869
2026-08-28,bo,31,33,2,4,2,2,0.06451612903225806,0.12121212121212122
2026-08-28,dv,1175,1284,74,183,109,74,0.06297872340425532,0.1425233644859813
2026-08-28,<NULL>,1,2,1,2,1,1,1.0,1.0
2026-08-28,hy,180,198,18,36,18,18,0.1,0.18181818181818182
2026-08-28,ug,7,8,1,2,1,1,0.14285714285714285,0.25
2026-08-29,in,427198,458593,30085,61480,31395,30075,0.07042401883903951,0.13406222947144855
2026-08-29,ja,6069238,6644421,550633,1125816,575183,550433,0.09072522777983003,0.16943778848450453
2026-08-29,es,1593847,1722884,123111,252148,129037,123064,0.07724141652241401,0.14635227908553333
2026-08-29,pt,1065177,1144949,77950,157722,79772,77924,0.07318032589888816,0.13775460741046108
2026-08-29,en,8086757,8768390,623745,1305378,681633,623509,0.0771316610601753,0.14887316827832703
2026-08-29,tr,500944,549510,45503,94069,48566,45495,0.09083450445558786,0.17118705756037197
2026-08-29,fi,16296,18074,1582,3360,1778,1582,0.09707903780068729,0.18590240123934934
2026-08-29,ht,32293,34799,2422,4928,2506,2419,0.075000774161583,0.14161326474898703
2026-08-29,ar,469688,518197,45696,94205,48509,45685,0.0972901159918925,0.1817937965677146
2026-08-29,qme,340636,367013,25093,51470,26377,25084,0.07366514402470672,0.14024026396885125
2026-08-29,zxx,854790,923882,65880,134972,69092,65849,0.07707156143614222,0.14609224987606642
2026-08-29,ko,633992,674928,39467,80403,40936,39454,0.06225157415235524,0.11912826257022971
2026-08-29,vi,15642,16792,1127,2277,1150,1127,0.07204961002429357,0.13560028585040496
2026-08-29,hi,151646,162434,10263,21051,10788,10263,0.06767735383722617,0.12959725180688772
2026-08-29,th,624083,645107,20200,41224,21024,20199,0.032367489580712824,0.06390257740188837
2026-08-29,ur,65733,70312,4445,9024,4579,4442,0.06762204676494303,0.12834224598930483
2026-08-29,zh,96259,106349,9717,19807,10090,9714,0.10094640501147945,0.1862452867445862
2026-08-29,und,268702,288421,18691,38410,19719,18682,0.06956033077535709,0.1331733819659456
2026-08-29,art,96730,105325,8438,17033,8595,8436,0.08723250284296495,0.1617184903868977
2026-08-29,qht,31540,34591,2999,6050,3051,2999,0.0950856055802156,0.17490098580555635
2026-08-29,qst,47695,52004,4175,8484,4309,4174,0.08753538106719783,0.1631412968233213
2026-08-29,uk,16797,18391,1412,3006,1594,1411,0.08406263023158897,0.16344951334892066
2026-08-29,cy,8891,9587,685,1381,696,685,0.07704420200202453,0.14404923333681027
2026-08-29,te,15679,16954,1195,2470,1275,1195,0.07621659544613815,0.1456883331367229
2026-08-29,nl,43040,47101,3749,7810,4061,3749,0.0871050185873606,0.16581388930171334
2026-08-29,fa,116546,129587,12812,25853,13041,12812,0.10993084275736618,0.19950303657002633
2026-08-29,el,28468,30580,2058,4170,2112,2056,0.07229169593930027,0.13636363636363635
2026-08-29,tl,142246,151629,9136,18519,9383,9135,0.06422676208821337,0.1221336287913262
2026-08-29,et,53559,57442,3721,7604,3883,3721,0.06947478481674416,0.13237700637164443
2026-08-29,lt,6248,6707,449,908,459,449,0.0718629961587708,0.13538094528104966
2026-08-29,pl,99588,108037,7877,16326,8449,7877,0.07909587500502069,0.15111489582272739
2026-08-29,eu,10983,11891,848,1756,908,847,0.07721023399799691,0.14767471196703388
2026-08-29,da,11275,12315,939,1979,1040,939,0.08328159645232816,0.160698335363378
2026-08-29,fr,413735,454931,35703,76899,41196,35691,0.08629436716738975,0.1690344250007144
2026-08-29,ru,46514,50952,4313,8751,4438,4311,0.09272477103667713,0.1717498822421102
2026-08-29,hu,6094,6589,473,968,495,473,0.0776173285198556,0.14691151919866444
2026-08-29,no,10776,11846,1014,2084,1070,1014,0.09409799554565701,0.17592436265406045
2026-08-29,ca,44024,48301,4009,8286,4277,4004,0.09106396510994003,0.17154924328688848
2026-08-29,ne,6365,6894,490,1019,529,490,0.0769835035349568,0.1478096895851465
2026-08-29,qam,19134,20459,1320,2645,1325,1319,0.06898714330511133,0.12928295615621488
2026-08-29,cs,13932,15364,1236,2668,1432,1236,0.08871662360034453,0.17365269461077845
2026-08-29,it,111629,122039,9883,20293,10410,9879,0.08853434143457345,0.1662829095616975
2026-08-29,de,104107,113942,8821,18656,9835,8815,0.08473013342042322,0.1637324252689965
2026-08-29,lv,5460,5951,478,969,491,478,0.08754578754578754,0.1628297765081499
2026-08-29,iw,18391,20379,1863,3851,1988,1863,0.10129954869229514,0.18896903675352078
2026-08-29,ta,39213,41665,2403,4855,2452,2403,0.061280697727794355,0.11652466098643946
2026-08-29,ps,4006,4369,360,723,363,360,0.08986520219670495,0.1654840924696727
2026-08-29,ro,13749,14812,1001,2064,1063,1001,0.0728052949305404,0.13934647583040777
2026-08-29,sl,8014,8632,582,1200,618,582,0.0726229099076616,0.13901760889712697
2026-08-29,is,3259,3588,303,632,329,303,0.09297330469469162,0.17614269788182832
2026-08-29,sr,7031,7774,696,1439,743,696,0.09899018631773575,0.18510419346539747
2026-08-29,my,4517,4930,413,826,413,413,0.09143236661500996,0.16754563894523328
2026-08-29,sv,18767,20721,1749,3703,1954,1749,0.09319550274417861,0.17870759133246464
2026-08-29,ckb,661,721,60,120,60,60,0.0907715582450832,0.1664355062413315
2026-08-29,mr,8944,9611,610,1277,667,610,0.06820214669051879,0.13286858807616272
2026-08-29,am,845,956,101,212,111,101,0.11952662721893491,0.2217573221757322
2026-08-29,bn,2049,2219,155,325,170,155,0.07564665690580771,0.14646237043713384
2026-08-29,si,378,407,29,58,29,29,0.07671957671957672,0.14250614250614252
2026-08-29,ml,2214,2418,202,406,204,202,0.09123757904245709,0.16790736145574855
2026-08-29,qct,580,629,49,98,49,49,0.08448275862068966,0.15580286168521462
2026-08-29,ka,175,187,12,24,12,12,0.06857142857142857,0.12834224598930483
2026-08-29,bg,1371,1546,174,349,175,174,0.12691466083150985,0.2257438551099612
2026-08-29,km,98,122,18,42,24,18,0.1836734693877551,0.3442622950819672
2026-08-29,gu,1198,1295,85,182,97,85,0.0709515859766277,0.14054054054054055
2026-08-29,lo,416,428,12,24,12,12,0.028846153846153848,0.056074766355140186
2026-08-29,kn,2430,2631,188,389,201,188,0.07736625514403292,0.14785252755606235
2026-08-29,pa,751,800,49,98,49,49,0.06524633821571238,0.1225
2026-08-29,sd,469,518,49,98,49,49,0.1044776119402985,0.1891891891891892
2026-08-29,or,896,983,75,162,87,75,0.08370535714285714,0.16480162767039674
2026-08-29,bo,21,21,0,0,0,0,0.0,0.0
2026-08-29,dv,1058,1207,77,226,149,77,0.07277882797731569,0.1872410936205468
2026-08-29,<NULL>,5,25,5,25,20,5,1.0,1.0
2026-08-29,hy,162,182,20,40,20,20,0.12345679012345678,0.21978021978021978
2026-08-29,ug,4,5,1,2,1,1,0.25,0.4
2026-08-30,in,432901,480196,45828,93123,47295,45786,0.10586254132007088,0.19392706311589433
2026-08-30,ja,6365576,7237982,840920,1713326,872406,840384,0.13210430603609163,0.23671321647387353
2026-08-30,es,1552974,1729406,169383,345815,176432,169291,0.1090700810187421,0.19996172096083858
2026-08-30,pt,1102076,1218821,114525,231270,116745,114441,0.10391751567042563,0.1897489459075615
2026-08-30,en,8281212,9261907,919442,1900137,980695,918838,0.11102746796000393,0.20515613037358288
2026-08-30,tr,524037,596444,66019,138426,72407,65991,0.12598156237059596,0.23208549335729758
2026-08-30,fi,15748,18068,2187,4507,2320,2187,0.1388747777495555,0.24944653531104716
2026-08-30,ht,32597,36726,4028,8157,4129,4026,0.12356965364910881,0.2221042313347492
2026-08-30,ar,509275,584043,69102,143870,74768,69064,0.1356870060379952,0.24633460207553212
2026-08-30,qme,362150,401541,37999,77390,39391,37974,0.1049261355791799,0.19273249805125753
2026-08-30,zxx,886813,987400,96611,197198,100587,96549,0.1089417949443682,0.19971440145837552
2026-08-30,ko,669607,734706,63368,128467,65099,63344,0.09463461403479952,0.17485497600400704
2026-08-30,vi,14406,16113,1679,3386,1707,1679,0.11654866028043871,0.21014088003475453
2026-08-30,hi,156575,174289,16917,34631,17714,16916,0.10804406833785726,0.19869871305704892
2026-08-30,th,667066,704561,36429,73924,37495,36400,0.054610788137905396,0.10492207204202333
2026-08-30,ur,66926,74430,7355,14859,7504,7351,0.10989749872994053,0.1996372430471584
2026-08-30,zh,94537,108659,13494,27616,14122,13480,0.14273776405005448,0.2541529003580007
2026-08-30,und,253433,280735,26244,53546,27302,26230,0.10355399651979023,0.1907350348193136
2026-08-30,art,97407,110785,13096,26474,13378,13084,0.13444618969889227,0.2389673692286862
2026-08-30,qht,33561,37876,4270,8585,4315,4264,0.1272310121867644,0.22666068222621186
2026-08-30,qst,47240,53271,5974,12005,6031,5973,0.1264606265876376,0.22535713615287867
2026-08-30,uk,14982,16839,1780,3637,1857,1779,0.11880923775196903,0.2159866975473603
2026-08-30,cy,9831,11029,1126,2324,1198,1125,0.11453565252771844,0.21071720010880407
2026-08-30,te,11646,12971,1309,2634,1325,1309,0.1123991069895243,0.2030683833166294
2026-08-30,nl,47376,53621,5997,12242,6245,5996,0.12658308004052685,0.22830607411275433
2026-08-30,fa,123975,142386,18094,36505,18411,18074,0.14594877999596692,0.25638054303091595
2026-08-30,el,32154,35939,3712,7497,3785,3708,0.11544442371089134,0.20860346698572582
2026-08-30,tl,140693,155469,14438,29214,14776,14431,0.1026205994612383,0.18790884356366863
2026-08-30,et,51327,57170,5589,11432,5843,5586,0.10889005786428195,0.19996501661710686
2026-08-30,lt,5874,6570,688,1384,696,686,0.11712631937351038,0.2106544901065449
2026-08-30,pl,103572,116835,12262,25525,13263,12254,0.11839107094581547,0.21847049257499893
2026-08-30,eu,11675,13069,1294,2688,1394,1294,0.11083511777301927,0.20567755757900374
2026-08-30,da,12225,13755,1425,2955,1530,1422,0.1165644171779141,0.2148309705561614
2026-08-30,fr,452755,514697,55712,117654,61942,55671,0.12305109827610959,0.2285888590763109
2026-08-30,ru,47764,54105,6215,12556,6341,6211,0.1301189180135667,0.23206727659181223
2026-08-30,hu,6404,7156,702,1454,752,702,0.10961898813241724,0.20318613750698714
2026-08-30,no,10097,11478,1311,2692,1381,1310,0.12984054669703873,0.23453563338560726
2026-08-30,ca,49609,55788,5829,12008,6179,5816,0.11749884093612047,0.21524342152434214
2026-08-30,ne,6268,7019,709,1460,751,707,0.11311423101467773,0.20800683858099445
2026-08-30,qam,18738,20537,1796,3595,1799,1796,0.09584800939267799,0.17504990991868336
2026-08-30,cs,14076,16137,1845,3906,2061,1844,0.13107416879795397,0.24205242610150585
2026-08-30,it,114530,129272,14344,29086,14742,14335,0.12524229459530253,0.22499845287455908
2026-08-30,de,106761,121591,13487,28317,14830,13475,0.12632890287651857,0.23288730251416634
2026-08-30,lv,5894,6728,786,1620,834,786,0.1333559552086868,0.2407847800237812
2026-08-30,iw,23884,27789,3561,7466,3905,3557,0.1490956288728856,0.26866745834682787
2026-08-30,ta,36162,40281,3876,7995,4119,3876,0.10718433714949395,0.1984806732702763
2026-08-30,ps,4667,5308,641,1282,641,641,0.13734733233340476,0.24152223059532782
2026-08-30,ro,13093,14790,1599,3296,1697,1599,0.12212632704498587,0.22285327924273157
2026-08-30,sl,8277,9289,952,1964,1012,952,0.11501751842454996,0.21143287759715793
2026-08-30,is,5368,5964,584,1180,596,583,0.10879284649776454,0.19785378940308518
2026-08-30,sr,6655,7576,880,1801,921,879,0.1322314049586777,0.23772439281942978
2026-08-30,my,5294,5982,688,1376,688,688,0.12995844352096714,0.23002340354396522
2026-08-30,sv,19599,22238,2480,5119,2639,2478,0.12653706821776622,0.23019156398956742
2026-08-30,ckb,791,900,109,218,109,109,0.13780025284450062,0.24222222222222223
2026-08-30,mr,8165,9174,925,1934,1009,924,0.1132884262094305,0.21081316764770003
2026-08-30,am,871,1033,152,314,162,152,0.17451205510907003,0.30396902226524686
2026-08-30,bn,1900,2170,254,524,270,254,0.1336842105263158,0.24147465437788018
2026-08-30,si,351,414,63,126,63,63,0.1794871794871795,0.30434782608695654
2026-08-30,ml,2430,2760,324,654,330,324,0.13333333333333333,0.23695652173913043
2026-08-30,qct,543,618,75,150,75,75,0.13812154696132597,0.24271844660194175
2026-08-30,ka,358,393,35,70,35,35,0.09776536312849161,0.178117048346056
2026-08-30,bg,1338,1542,202,406,204,202,0.15097159940209268,0.26329442282749677
2026-08-30,km,88,108,17,37,20,17,0.19318181818181818,0.3425925925925926
2026-08-30,gu,1111,1230,117,236,119,117,0.10531053105310531,0.191869918699187
2026-08-30,lo,1610,1691,81,162,81,81,0.05031055900621118,0.09580130100532229
2026-08-30,kn,2308,2640,296,628,332,296,0.12824956672443674,0.23787878787878788
2026-08-30,pa,709,795,78,164,86,78,0.11001410437235543,0.20628930817610064
2026-08-30,sd,649,758,109,218,109,109,0.1679506933744222,0.287598944591029
2026-08-30,or,775,889,88,202,114,88,0.1135483870967742,0.22722159730033745
2026-08-30,bo,11,12,1,2,1,1,0.09090909090909091,0.16666666666666666
2026-08-30,dv,1953,2374,239,660,421,239,0.12237583205325141,0.2780117944397641
2026-08-30,<NULL>,3,7,2,6,4,2,0.6666666666666666,0.8571428571428571
2026-08-30,hy,116,133,17,34,17,17,0.14655172413793102,0.2556390977443609
2026-08-30,ug,8,10,2,4,2,2,0.25,0.4
2026-08-31,in,353697,379542,23861,49706,25845,23797,0.06746169744159548,0.13096310816721207
2026-08-31,ja,4771467,5218677,396952,844162,447210,395986,0.08319286290778077,0.16175785548712826
2026-08-31,es,1395133,1496584,88237,189688,101451,88003,0.06324629981514307,0.1267473125464391
2026-08-31,pt,867052,918353,47799,99100,51301,47625,0.05512818147008484,0.10791057469186685
2026-08-31,en,6856658,7453461,468611,1065414,596803,467353,0.06834393665252081,0.1429421848454027
2026-08-31,tr,392192,424983,27361,60152,32791,27321,0.06976429911879896,0.14153977923822836
2026-08-31,fi,12413,13817,1098,2502,1404,1097,0.08845565133327962,0.1810812766881378
2026-08-31,ht,24958,27065,2029,4136,2107,2022,0.08129657825146246,0.15281729170515426
2026-08-31,ar,380897,420612,32145,71860,39715,32040,0.08439289361690956,0.17084629064315807
2026-08-31,qme,291880,309196,15677,32993,17316,15635,0.053710428943401396,0.10670577885871745
2026-08-31,zxx,689239,736222,41337,88320,46983,41214,0.05997484181829525,0.11996381526224427
2026-08-31,ko,561504,596208,31829,66533,34704,31711,0.056685259588533654,0.111593604916405
2026-08-31,vi,13095,14643,1450,2998,1548,1448,0.11072928598701795,0.2047394659564297
2026-08-31,hi,133210,144991,10537,22318,11781,10495,0.07910066811800916,0.1539267954562697
2026-08-31,th,584726,606550,20804,42628,21824,20680,0.03557905754148097,0.07027944934465419
2026-08-31,ur,53318,57722,4129,8533,4404,4122,0.07744101429160884,0.14782925054571913
2026-08-31,zh,82139,90885,7938,16684,8746,7913,0.09664105966714959,0.18357264675138912
2026-08-31,und,187724,200380,11328,23984,12656,11304,0.06034390914321024,0.11969258409022857
2026-08-31,art,80999,89633,8245,16879,8634,8210,0.10179138014049556,0.1883123403210871
2026-08-31,qht,29458,32406,2882,5830,2948,2874,0.09783420463032114,0.17990495587236932
2026-08-31,qst,39624,43297,3637,7310,3673,3629,0.09178780537048253,0.16883386839734854
2026-08-31,uk,12904,13983,933,2012,1079,933,0.07230316181029138,0.1438890080812415
2026-08-31,cy,7712,8223,476,987,511,475,0.061721991701244816,0.12002918642831084
2026-08-31,te,11756,12806,983,2033,1050,977,0.08361687648860157,0.15875370919881307
2026-08-31,nl,35947,39528,3039,6620,3581,3032,0.08454112999693994,0.1674762193887877
2026-08-31,fa,91017,98676,7404,15063,7659,7375,0.08134744058802201,0.15265110057156756
2026-08-31,el,26368,28536,1984,4152,2168,1968,0.07524271844660194,0.1455004205214466
2026-08-31,tl,112733,120648,7475,15390,7915,7461,0.06630711504173578,0.12756116968370798
2026-08-31,et,37392,40258,2642,5508,2866,2635,0.07065682498930252,0.13681752695116497
2026-08-31,lt,4378,4689,307,618,311,306,0.07012334399269073,0.13179782469609724
2026-08-31,pl,82711,90609,6459,14357,7898,6438,0.07809118496935111,0.15845004359390347
2026-08-31,eu,9046,9734,611,1299,688,611,0.06754366570860049,0.13344976371481404
2026-08-31,da,11080,11959,750,1629,879,744,0.06768953068592058,0.13621540262563758
2026-08-31,fr,368244,408821,29572,70149,40577,29443,0.08030544964751632,0.17158854364134915
2026-08-31,ru,38726,42151,3278,6703,3425,3270,0.08464597428084492,0.15902351071148965
2026-08-31,hu,5973,6369,367,763,396,366,0.061443160890674704,0.11979902653477784
2026-08-31,no,9088,9765,593,1270,677,591,0.06525088028169014,0.1300563236047107
2026-08-31,ca,39520,42602,2658,5740,3082,2655,0.06725708502024291,0.13473545842918172
2026-08-31,ne,5578,6114,482,1018,536,482,0.08641089996414486,0.1665031076218515
2026-08-31,qam,15647,16449,761,1563,802,761,0.04863552118616987,0.0950209739193872
2026-08-31,cs,12317,14037,1181,2901,1720,1177,0.09588373792319559,0.20666809147253687
2026-08-31,it,92094,100445,7491,15842,8351,7476,0.0813408039611701,0.15771815421374882
2026-08-31,de,85013,94195,7397,16579,9182,7362,0.08701022196605225,0.17600721906682945
2026-08-31,lv,4681,5317,407,1043,636,407,0.086947233497116,0.196163249952981
2026-08-31,iw,20483,23119,2077,4713,2636,2076,0.10140116193916907,0.20385829836930663
2026-08-31,ta,36910,39578,2580,5248,2668,2569,0.06989975616364129,0.13259891859113648
2026-08-31,ps,4376,4865,488,977,489,488,0.11151736745886655,0.20082219938335047
2026-08-31,ro,11864,12743,769,1648,879,766,0.06481793661496965,0.1293259044181119
2026-08-31,sl,6951,7686,546,1281,735,545,0.07854984894259819,0.16666666666666666
2026-08-31,is,2597,2793,175,371,196,175,0.0673854447439353,0.13283208020050125
2026-08-31,sr,4358,4754,346,742,396,345,0.07939421753097751,0.15607909129154396
2026-08-31,my,2223,2451,225,453,228,224,0.10121457489878542,0.18482252141982863
2026-08-31,sv,16267,18157,1538,3428,1890,1537,0.09454724288436712,0.1887977088726111
2026-08-31,ckb,605,656,49,100,51,49,0.08099173553719008,0.1524390243902439
2026-08-31,mr,7900,8515,573,1188,615,571,0.07253164556962026,0.13951849677040518
2026-08-31,am,671,769,79,177,98,79,0.11773472429210134,0.23016905071521457
2026-08-31,bn,1608,1804,173,369,196,173,0.10758706467661691,0.20454545454545456
2026-08-31,si,255,285,30,60,30,30,0.11764705882352941,0.21052631578947367
2026-08-31,ml,1712,1872,158,318,160,158,0.09228971962616822,0.16987179487179488
2026-08-31,qct,492,548,56,112,56,55,0.11382113821138211,0.20437956204379562
2026-08-31,ka,112,116,3,7,4,3,0.026785714285714284,0.0603448275862069
2026-08-31,bg,1057,1152,91,186,95,91,0.08609271523178808,0.16145833333333334
2026-08-31,km,90,100,8,18,10,8,0.08888888888888889,0.18
2026-08-31,gu,1040,1168,118,246,128,118,0.11346153846153846,0.2106164383561644
2026-08-31,lo,538,551,13,26,13,13,0.024163568773234202,0.047186932849364795
2026-08-31,kn,1944,2152,177,385,208,177,0.09104938271604938,0.17890334572490707
2026-08-31,pa,712,772,58,118,60,58,0.08146067415730338,0.15284974093264247
2026-08-31,sd,372,413,41,82,41,41,0.11021505376344086,0.19854721549636803
2026-08-31,or,796,915,97,216,119,97,0.12185929648241206,0.2360655737704918
2026-08-31,bo,15,16,1,2,1,1,0.06666666666666667,0.125
2026-08-31,dv,1704,2138,186,620,434,186,0.10915492957746478,0.2899906454630496
2026-08-31,<NULL>,7,16,5,14,9,5,0.7142857142857143,0.875
2026-08-31,hy,125,129,4,8,4,4,0.032,0.06201550387596899
2026-08-31,ug,7,9,2,4,2,2,0.2857142857142857,0.4444444444444444
2026-09-01,in,93934,96803,798,3667,2869,797,0.008495326505844529,0.03788105740524571
2026-09-01,ja,1236689,1306405,14446,84162,69716,14423,0.011681190663133577,0.06442259483085261
2026-09-01,es,340653,363057,5923,28327,22404,5913,0.01738719459391228,0.07802356103862479
2026-09-01,pt,211915,217712,1422,7219,5797,1421,0.006710237595262252,0.033158484603512894
2026-09-01,en,1732549,1933008,40684,241143,200459,40543,0.023482164140812178,0.12475013036676516
2026-09-01,tr,75481,84077,2307,10903,8596,2295,0.030563982989096593,0.12967874686299463
2026-09-01,fi,3164,3830,113,779,666,113,0.03571428571428571,0.20339425587467364
2026-09-01,ht,5772,5927,28,183,155,28,0.004851004851004851,0.03087565378775097
2026-09-01,ar,86150,98926,3481,16257,12776,3479,0.0404062681369704,0.16433495744293714
2026-09-01,qme,65010,67576,586,3152,2566,586,0.009013997846485156,0.04664377885639872
2026-09-01,zxx,170896,178775,1605,9484,7879,1602,0.00939167680928752,0.05304992308768004
2026-09-01,ko,143329,146866,697,4234,3537,697,0.0048629377167216685,0.028829000585567796
2026-09-01,vi,4144,4219,39,114,75,39,0.009411196911196911,0.027020621000237024
2026-09-01,hi,38990,41570,973,3553,2580,970,0.02495511669658887,0.08547029107529468
2026-09-01,th,166518,168137,320,1939,1619,320,0.0019217141690387827,0.011532262381272414
2026-09-01,ur,12781,13165,156,540,384,156,0.012205617713793913,0.041017850360805165
2026-09-01,zh,22378,23315,229,1166,937,229,0.01023326481365627,0.05001072271070126
2026-09-01,und,44444,46544,455,2555,2100,453,0.010237602376023761,0.054894293571674115
2026-09-01,art,20391,20964,111,684,573,111,0.005443578049139326,0.03262736119061248
2026-09-01,qht,8879,9112,81,314,233,81,0.009122648946953485,0.03446005267778753
2026-09-01,qst,10038,10221,36,219,183,36,0.0035863717872086074,0.02142647490460816
2026-09-01,uk,2663,2967,64,368,304,64,0.02403304543747653,0.12403100775193798
2026-09-01,cy,1791,1881,20,110,90,20,0.011166945840312675,0.05847953216374269
2026-09-01,te,3036,3190,57,211,154,57,0.018774703557312252,0.06614420062695925
2026-09-01,nl,8185,8947,146,908,762,146,0.017837507635919365,0.10148653179836817
2026-09-01,fa,19096,19529,105,538,433,104,0.005498533724340176,0.027548773618720875
2026-09-01,el,5149,5315,38,204,166,38,0.007380073800738007,0.038381937911571025
2026-09-01,tl,27591,28175,151,735,584,151,0.005472799101156174,0.02608695652173913
2026-09-01,et,9734,10026,60,352,292,60,0.006163961372508732,0.035108717334929186
2026-09-01,lt,1388,1396,3,11,8,3,0.002161383285302594,0.007879656160458453
2026-09-01,pl,20008,23269,694,3955,3261,687,0.03468612554978009,0.16996862778804417
2026-09-01,eu,1896,1953,13,70,57,13,0.006856540084388186,0.035842293906810034
2026-09-01,da,2876,3174,58,356,298,57,0.020166898470097356,0.11216131064902331
2026-09-01,fr,80819,97490,3299,19970,16671,3299,0.04081960925030005,0.2048415222074059
2026-09-01,ru,9264,9799,155,690,535,155,0.016731433506044904,0.07041534850494949
2026-09-01,hu,1083,1162,17,96,79,17,0.01569713758079409,0.08261617900172118
2026-09-01,no,2165,2335,35,205,170,35,0.016166281755196306,0.08779443254817987
2026-09-01,ca,8364,9269,210,1115,905,210,0.025107604017216643,0.12029345128924372
2026-09-01,ne,1444,1520,23,99,76,22,0.01592797783933518,0.06513157894736842
2026-09-01,qam,3739,3839,24,124,100,24,0.006418828563787109,0.03230007814535035
2026-09-01,cs,3034,3716,126,808,682,126,0.04152933421226104,0.21743810548977396
2026-09-01,it,19428,20672,286,1530,1244,285,0.014721021206506073,0.07401315789473684
2026-09-01,de,19704,22937,637,3870,3233,637,0.03232846122614697,0.16872302393512664
2026-09-01,lv,1225,1737,91,603,512,91,0.07428571428571429,0.3471502590673575
2026-09-01,iw,5129,5845,97,813,716,97,0.018912068629362448,0.13909324208725407
2026-09-01,ta,10639,10857,83,301,218,83,0.007801485101983269,0.027724049000644745
2026-09-01,ps,772,796,5,29,24,5,0.006476683937823834,0.0364321608040201
2026-09-01,ro,2682,2917,57,292,235,57,0.021252796420581657,0.10010284538909839
2026-09-01,sl,1535,1854,83,402,319,83,0.054071661237785014,0.2168284789644013
2026-09-01,is,636,648,3,15,12,3,0.0047169811320754715,0.023148148148148147
2026-09-01,sr,832,1044,38,250,212,38,0.04567307692307692,0.23946360153256704
2026-09-01,my,299,299,0,0,0,0,0.0,0.0
2026-09-01,sv,3921,4428,119,626,507,119,0.03034940066309615,0.14137308039747065
2026-09-01,ckb,152,182,6,36,30,6,0.039473684210526314,0.1978021978021978
2026-09-01,mr,2234,2349,40,155,115,40,0.017905102954341987,0.06598552575564069
2026-09-01,am,179,197,2,20,18,2,0.0111731843575419,0.10152284263959391
2026-09-01,bn,439,470,6,37,31,6,0.01366742596810934,0.07872340425531915
2026-09-01,si,113,115,2,4,2,2,0.017699115044247787,0.034782608695652174
2026-09-01,ml,436,443,2,9,7,2,0.0045871559633027525,0.020316027088036117
2026-09-01,qct,132,135,1,4,3,1,0.007575757575757576,0.02962962962962963
2026-09-01,ka,33,33,0,0,0,0,0.0,0.0
2026-09-01,bg,204,215,3,14,11,3,0.014705882352941176,0.06511627906976744
2026-09-01,km,40,46,2,8,6,2,0.05,0.17391304347826086
2026-09-01,gu,335,399,28,92,64,28,0.08358208955223881,0.23057644110275688
2026-09-01,lo,37,37,0,0,0,0,0.0,0.0
2026-09-01,kn,559,581,8,30,22,8,0.014311270125223614,0.05163511187607573
2026-09-01,pa,212,220,6,14,8,6,0.02830188679245283,0.06363636363636363
2026-09-01,sd,68,68,0,0,0,0,0.0,0.0
2026-09-01,or,216,266,27,77,50,27,0.125,0.2894736842105263
2026-09-01,bo,4,10,1,7,6,1,0.25,0.7
2026-09-01,dv,495,863,96,464,368,96,0.19393939393939394,0.5376593279258401
2026-09-01,<NULL>,26,52,11,37,26,11,0.4230769230769231,0.7115384615384616
2026-09-01,hy,43,43,0,0,0,0,0.0,0.0
2026-09-02,in,14067,16683,677,3293,2616,677,0.04812682163929765,0.19738656117005335
2026-09-02,ja,156589,201979,10480,55870,45390,10461,0.0669267956242137,0.27661291520405584
2026-09-02,es,76410,96380,5401,25371,19970,5383,0.07068446538411202,0.2632392612575223
2026-09-02,pt,43435,48211,1276,6052,4776,1276,0.02937723034419247,0.12553151770342869
2026-09-02,en,396789,563554,37183,203948,166765,37115,0.09370975505873398,0.36189610933468663
2026-09-02,tr,23967,29736,1752,7521,5769,1707,0.07310051320565777,0.25292574656981437
2026-09-02,fi,725,1165,81,521,440,81,0.11172413793103449,0.4472103004291845
2026-09-02,ht,1138,1198,20,80,60,20,0.01757469244288225,0.0667779632721202
2026-09-02,ar,26526,36393,2883,12750,9867,2876,0.10868581768830582,0.3503420987552551
2026-09-02,qme,12403,14220,433,2250,1817,433,0.03491090865113279,0.15822784810126583
2026-09-02,zxx,38820,45200,1434,7814,6380,1432,0.03693972179289026,0.17287610619469027
2026-09-02,ko,16980,19515,547,3082,2535,546,0.03221436984687868,0.1579297975915962
2026-09-02,vi,394,449,19,74,55,19,0.048223350253807105,0.16481069042316257
2026-09-02,hi,4543,5882,588,1927,1339,587,0.12942989214175654,0.3276096565793948
2026-09-02,th,8478,9488,253,1263,1010,253,0.02984194385468271,0.13311551433389546
2026-09-02,ur,1375,1634,115,374,259,114,0.08363636363636363,0.22888616891064872
2026-09-02,zh,5031,5906,222,1097,875,222,0.044126416219439475,0.1857433118862174
2026-09-02,und,7744,9285,382,1923,1541,382,0.04932851239669422,0.20710823909531503
2026-09-02,art,3475,3924,90,539,449,90,0.025899280575539568,0.1373598369011213
2026-09-02,qht,1529,1641,41,153,112,41,0.026814911706998037,0.09323583180987204
2026-09-02,qst,1713,1833,34,154,120,34,0.0198482194979568,0.08401527550463721
2026-09-02,uk,625,910,59,344,285,59,0.0944,0.378021978021978
2026-09-02,cy,353,521,29,197,168,29,0.0821529745042493,0.3781190019193858
2026-09-02,te,850,1017,75,242,167,75,0.08823529411764706,0.23795476892822026
2026-09-02,nl,1907,2551,157,801,644,157,0.08232826428945988,0.3139945119560956
2026-09-02,fa,7327,7706,92,471,379,83,0.012556298621536783,0.06112120425642357
2026-09-02,el,650,837,38,225,187,38,0.05846153846153846,0.26881720430107525
2026-09-02,tl,3960,4346,111,497,386,111,0.02803030303030303,0.11435803037275656
2026-09-02,et,1495,1742,56,303,247,56,0.03745819397993311,0.17393800229621126
2026-09-02,lt,210,237,7,34,27,7,0.03333333333333333,0.14345991561181434
2026-09-02,pl,4049,6281,485,2717,2232,485,0.11978266238577427,0.43257443082311736
2026-09-02,eu,458,513,14,69,55,14,0.03056768558951965,0.13450292397660818
2026-09-02,da,680,891,39,250,211,39,0.057352941176470586,0.28058361391694725
2026-09-02,fr,25965,39442,2954,16431,13477,2953,0.11376853456576161,0.41658638000101417
2026-09-02,ru,2042,2482,102,542,440,101,0.04995102840352596,0.21837228041901693
2026-09-02,hu,201,260,14,73,59,14,0.06965174129353234,0.28076923076923077
2026-09-02,no,559,684,37,162,125,37,0.06618962432915922,0.23684210526315788
2026-09-02,ca,2411,3265,211,1065,854,210,0.08751555371215264,0.32618683001531396
2026-09-02,ne,157,189,12,44,32,12,0.07643312101910828,0.2328042328042328
2026-09-02,qam,562,610,13,61,48,13,0.023131672597864767,0.1
2026-09-02,cs,771,1364,116,709,593,116,0.1504539559014267,0.5197947214076246
2026-09-02,it,3904,4894,264,1254,990,264,0.06762295081967214,0.25623212096444625
2026-09-02,de,4300,7058,563,3321,2758,563,0.13093023255813954,0.47052989515443466
2026-09-02,lv,293,586,73,366,293,73,0.24914675767918087,0.6245733788395904
2026-09-02,iw,1252,1895,95,738,643,95,0.07587859424920128,0.38944591029023745
2026-09-02,ta,822,1056,54,288,234,54,0.06569343065693431,0.2727272727272727
2026-09-02,ps,185,200,4,19,15,4,0.021621621621621623,0.095
2026-09-02,ro,755,932,42,219,177,41,0.05562913907284768,0.2349785407725322
2026-09-02,sl,303,467,50,214,164,50,0.16501650165016502,0.4582441113490364
2026-09-02,is,135,178,8,51,43,8,0.05925925925925926,0.28651685393258425
2026-09-02,sr,232,355,29,152,123,29,0.125,0.428169014084507
2026-09-02,my,6,9,1,4,3,1,0.16666666666666666,0.4444444444444444
2026-09-02,sv,1130,1689,124,683,559,124,0.10973451327433628,0.4043812907045589
2026-09-02,ckb,105,111,6,12,6,6,0.05714285714285714,0.10810810810810811
2026-09-02,mr,278,414,55,191,136,55,0.19784172661870503,0.4613526570048309
2026-09-02,am,54,83,8,37,29,8,0.14814814814814814,0.4457831325301205
2026-09-02,bn,73,91,6,24,18,6,0.0821917808219178,0.26373626373626374
2026-09-02,si,14,14,0,0,0,0,0.0,0.0
2026-09-02,ml,61,65,1,5,4,1,0.01639344262295082,0.07692307692307693
2026-09-02,qct,31,31,0,0,0,0,0.0,0.0
2026-09-02,ka,18,20,1,3,2,1,0.05555555555555555,0.15
2026-09-02,bg,68,92,6,30,24,6,0.08823529411764706,0.32608695652173914
2026-09-02,km,7,14,3,10,7,3,0.42857142857142855,0.7142857142857143
2026-09-02,gu,84,122,17,55,38,17,0.20238095238095238,0.45081967213114754
2026-09-02,lo,1,1,0,0,0,0,0.0,0.0
2026-09-02,kn,133,197,15,79,64,15,0.11278195488721804,0.4010152284263959
2026-09-02,pa,26,26,0,0,0,0,0.0,0.0
2026-09-02,sd,6,6,0,0,0,0,0.0,0.0
2026-09-02,or,58,66,5,13,8,5,0.08620689655172414,0.19696969696969696
2026-09-02,dv,189,431,68,310,242,68,0.35978835978835977,0.7192575406032483
2026-09-02,<NULL>,26,56,11,41,30,11,0.4230769230769231,0.7321428571428571
2026-09-02,hy,4,4,0,0,0,0,0.0,0.0
2026-09-03,in,15062,17596,712,3246,2534,710,0.04727127871464613,0.1844737440327347
2026-09-03,ja,170330,209967,9741,49378,39637,9720,0.05718898608583338,0.23517028866440917
2026-09-03,es,85008,103694,5476,24162,18686,5440,0.06441746659137963,0.23301251759986114
2026-09-03,pt,46852,51322,1296,5766,4470,1280,0.027661572611628105,0.11234947975527064
2026-09-03,en,445000,603225,37039,195264,158225,36944,0.08323370786516854,0.3237001118985453
2026-09-03,tr,26288,32691,1978,8381,6403,1964,0.07524345709068776,0.25637025481019243
2026-09-03,fi,839,1360,96,617,521,96,0.11442193087008343,0.4536764705882353
2026-09-03,ht,1448,1608,43,203,160,37,0.029696132596685083,0.12624378109452736
2026-09-03,ar,32161,42679,3479,13997,10518,3457,0.10817449706165853,0.327959886595281
2026-09-03,qme,14360,15897,440,1977,1537,440,0.03064066852367688,0.12436308737497641
2026-09-03,zxx,43096,49463,1456,7823,6367,1449,0.03378503805457583,0.1581586236176536
2026-09-03,ko,19084,21526,571,3013,2442,571,0.029920352127436597,0.13997026851249653
2026-09-03,vi,393,422,19,48,29,19,0.04834605597964377,0.11374407582938388
2026-09-03,hi,5397,6936,642,2181,1539,640,0.11895497498610338,0.31444636678200694
2026-09-03,th,10548,11624,281,1357,1076,281,0.02664012135001896,0.11674122505161734
2026-09-03,ur,1704,2029,98,423,325,98,0.057511737089201875,0.20847708230655496
2026-09-03,zh,5651,6417,209,975,766,209,0.03698460449477969,0.15194015895278168
2026-09-03,und,8991,10482,418,1909,1491,418,0.046490935379824266,0.1821217324937989
2026-09-03,art,4007,4489,94,576,482,94,0.023458946843024707,0.1283136556025841
2026-09-03,qht,1511,1699,70,258,188,70,0.04632693580410324,0.151854031783402
2026-09-03,qst,1974,2121,34,181,147,34,0.017223910840932118,0.08533710513908534
2026-09-03,uk,691,956,60,325,265,60,0.08683068017366136,0.3399581589958159
2026-09-03,cy,420,511,19,110,91,19,0.04523809523809524,0.21526418786692758
2026-09-03,te,429,576,61,208,147,61,0.14219114219114218,0.3611111111111111
2026-09-03,nl,2134,2780,153,799,646,153,0.07169634489222118,0.28741007194244605
2026-09-03,fa,7859,8314,125,580,455,125,0.015905331467107774,0.06976184748616791
2026-09-03,el,643,765,32,154,122,32,0.049766718506998445,0.20130718954248367
2026-09-03,tl,4483,4965,129,611,482,129,0.028775373633727414,0.1230614300100705
2026-09-03,et,1619,1858,56,295,239,56,0.034589252625077206,0.158772874058127
2026-09-03,lt,232,246,4,18,14,4,0.017241379310344827,0.07317073170731707
2026-09-03,pl,4384,6310,485,2411,1926,485,0.11062956204379562,0.3820919175911252
2026-09-03,eu,533,569,11,47,36,11,0.020637898686679174,0.08260105448154657
2026-09-03,da,688,874,41,227,186,41,0.059593023255813955,0.2597254004576659
2026-09-03,fr,29523,43220,3270,16967,13697,3267,0.11076110151407377,0.39257288292457193
2026-09-03,ru,2368,2750,101,483,382,101,0.04265202702702703,0.17563636363636365
2026-09-03,hu,236,295,19,78,59,19,0.08050847457627118,0.26440677966101694
2026-09-03,no,562,704,32,174,142,31,0.05693950177935943,0.2471590909090909
2026-09-03,ca,2727,3460,247,980,733,236,0.09057572423909058,0.2832369942196532
2026-09-03,ne,193,209,9,25,16,9,0.046632124352331605,0.11961722488038277
2026-09-03,qam,537,597,14,74,60,14,0.0260707635009311,0.12395309882747069
2026-09-03,cs,1005,1615,134,744,610,134,0.13333333333333333,0.46068111455108357
2026-09-03,it,4227,5226,287,1286,999,286,0.06789685356044475,0.24607730577879833
2026-09-03,de,4758,6888,504,2634,2130,502,0.10592686002522068,0.382404181184669
2026-09-03,lv,313,585,63,335,272,63,0.2012779552715655,0.5726495726495726
2026-09-03,iw,1483,2065,82,664,582,82,0.05529332434254889,0.3215496368038741
2026-09-03,ta,995,1163,58,226,168,58,0.05829145728643216,0.1943250214961307
2026-09-03,ps,226,231,1,6,5,1,0.004424778761061947,0.025974025974025976
2026-09-03,ro,713,889,52,228,176,52,0.0729312762973352,0.25646794150731156
2026-09-03,sl,301,492,50,241,191,50,0.16611295681063123,0.4898373983739837
2026-09-03,is,114,164,7,57,50,7,0.06140350877192982,0.3475609756097561
2026-09-03,sr,261,356,27,122,95,27,0.10344827586206896,0.34269662921348315
2026-09-03,my,23,23,0,0,0,0,0.0,0.0
2026-09-03,sv,1281,1710,110,539,429,110,0.0858704137392662,0.3152046783625731
2026-09-03,ckb,106,136,20,50,30,20,0.18867924528301888,0.36764705882352944
2026-09-03,mr,426,558,56,188,132,55,0.13145539906103287,0.33691756272401435
2026-09-03,am,49,63,3,17,14,3,0.061224489795918366,0.2698412698412698
2026-09-03,bn,93,103,4,14,10,4,0.043010752688172046,0.13592233009708737
2026-09-03,si,16,16,0,0,0,0,0.0,0.0
2026-09-03,ml,83,92,2,11,9,2,0.024096385542168676,0.11956521739130435
2026-09-03,qct,47,47,0,0,0,0,0.0,0.0
2026-09-03,ka,9,9,0,0,0,0,0.0,0.0
2026-09-03,bg,55,61,2,8,6,2,0.03636363636363636,0.13114754098360656
2026-09-03,km,11,11,0,0,0,0,0.0,0.0
2026-09-03,gu,129,228,55,154,99,55,0.4263565891472868,0.6754385964912281
2026-09-03,lo,2,2,0,0,0,0,0.0,0.0
2026-09-03,kn,124,170,18,64,46,18,0.14516129032258066,0.3764705882352941
2026-09-03,pa,40,47,5,12,7,5,0.125,0.2553191489361702
2026-09-03,sd,16,20,1,5,4,1,0.0625,0.25
2026-09-03,or,58,105,28,75,47,28,0.4827586206896552,0.7142857142857143
2026-09-03,bo,1,1,0,0,0,0,0.0,0.0
2026-09-03,dv,203,396,71,264,193,71,0.3497536945812808,0.6666666666666666
2026-09-03,<NULL>,19,74,10,65,55,10,0.5263157894736842,0.8783783783783784
2026-09-03,hy,3,3,0,0,0,0,0.0,0.0
2026-09-04,in,18143,20219,598,2674,2076,598,0.032960370390784324,0.13225184232652457
2026-09-04,ja,206062,245329,10054,49321,39267,10023,0.04879114053051994,0.20104023576503388
2026-09-04,es,97119,113384,5139,21404,16265,5101,0.052914465758502456,0.18877443025470966
2026-09-04,pt,55006,59536,1363,5893,4530,1361,0.02477911500563575,0.09898212846009137
2026-09-04,en,512970,642306,33795,163131,129336,33666,0.06588104567518568,0.25397707634678796
2026-09-04,tr,30699,36570,1667,7538,5871,1666,0.05430144304374735,0.20612523926715887
2026-09-04,fi,1001,1411,86,496,410,86,0.08591408591408592,0.35152374202693126
2026-09-04,ht,2252,2414,41,203,162,40,0.018206039076376555,0.08409279204639603
2026-09-04,ar,35343,40806,2006,7469,5463,2004,0.05675805675805676,0.18303680831250307
2026-09-04,qme,16570,17953,383,1766,1383,376,0.023114061557030777,0.09836796078649808
2026-09-04,zxx,49540,54788,1324,6572,5248,1324,0.02672587807832055,0.11995327443965832
2026-09-04,ko,22255,24555,561,2861,2300,561,0.025207818467760053,0.11651394827937284
2026-09-04,vi,517,559,24,66,42,24,0.04642166344294004,0.11806797853309481
2026-09-04,hi,7056,8440,544,1928,1384,544,0.07709750566893424,0.22843601895734597
2026-09-04,th,13884,14822,300,1238,938,300,0.021607605877268798,0.08352449062204831
2026-09-04,ur,1971,2245,89,363,274,89,0.04515474378488077,0.16169265033407573
2026-09-04,zh,6394,6971,166,743,577,166,0.025961839224272757,0.1065844211734328
2026-09-04,und,10981,12324,350,1693,1343,349,0.03187323558874419,0.13737422914638103
2026-09-04,art,4579,4885,73,379,306,73,0.01594234549028172,0.07758444216990788
2026-09-04,qht,1626,1748,39,161,122,39,0.023985239852398525,0.09210526315789473
2026-09-04,qst,2379,2476,25,122,97,25,0.010508617065994116,0.049273021001615507
2026-09-04,uk,758,980,53,275,222,53,0.06992084432717678,0.28061224489795916
2026-09-04,cy,534,610,21,97,76,21,0.03932584269662921,0.15901639344262294
2026-09-04,te,503,616,59,172,113,59,0.1172962226640159,0.2792207792207792
2026-09-04,nl,2582,3087,154,659,505,154,0.05964368706429125,0.21347586653709102
2026-09-04,fa,9084,9388,78,382,304,77,0.008586525759577279,0.040690242863229656
2026-09-04,el,647,744,33,130,97,33,0.05100463678516229,0.17473118279569894
2026-09-04,tl,5539,5867,107,435,328,107,0.019317566347716194,0.07414351457303563
2026-09-04,et,2085,2275,59,249,190,57,0.028297362110311752,0.10945054945054945
2026-09-04,lt,331,359,8,36,28,8,0.02416918429003021,0.10027855153203342
2026-09-04,pl,6021,8634,644,3257,2613,644,0.10695897691413386,0.37722955756312254
2026-09-04,eu,593,662,18,87,69,18,0.03035413153456998,0.13141993957703926
2026-09-04,da,717,861,38,182,144,38,0.05299860529986053,0.21138211382113822
2026-09-04,fr,34532,46451,2923,14842,11919,2923,0.08464612533302444,0.3195194936599858
2026-09-04,ru,2585,2824,77,316,239,77,0.029787234042553193,0.11189801699716714
2026-09-04,hu,257,302,15,60,45,15,0.058365758754863814,0.1986754966887417
2026-09-04,no,614,746,26,158,132,26,0.04234527687296417,0.21179624664879357
2026-09-04,ca,2849,3690,253,1094,841,253,0.0888030888030888,0.2964769647696477
2026-09-04,ne,300,324,13,37,24,13,0.043333333333333335,0.11419753086419752
2026-09-04,qam,714,797,23,106,83,23,0.03221288515406162,0.1329987452948557
2026-09-04,cs,1012,1355,90,433,343,90,0.08893280632411067,0.3195571955719557
2026-09-04,it,4966,5857,248,1139,891,248,0.04993958920660491,0.19446815775994536
2026-09-04,de,5282,6788,440,1946,1506,440,0.08330177962892843,0.2866823806717737
2026-09-04,lv,498,746,71,319,248,71,0.142570281124498,0.42761394101876676
2026-09-04,iw,1199,1435,37,273,236,37,0.030859049207673062,0.1902439024390244
2026-09-04,ta,1160,1276,41,157,116,41,0.0353448275862069,0.12304075235109718
2026-09-04,ps,170,172,2,4,2,2,0.011764705882352941,0.023255813953488372
2026-09-04,ro,830,1002,42,214,172,42,0.05060240963855422,0.21357285429141717
2026-09-04,sl,394,641,56,303,247,56,0.14213197969543148,0.47269890795631825
2026-09-04,is,134,142,3,11,8,3,0.022388059701492536,0.07746478873239436
2026-09-04,sr,282,338,18,74,56,18,0.06382978723404255,0.21893491124260356
2026-09-04,my,33,33,0,0,0,0,0.0,0.0
2026-09-04,sv,1423,1858,115,550,435,115,0.08081517919887561,0.2960172228202368
2026-09-04,ckb,122,122,0,0,0,0,0.0,0.0
2026-09-04,mr,441,561,49,169,120,49,0.1111111111111111,0.30124777183600715
2026-09-04,am,75,92,4,21,17,4,0.05333333333333334,0.22826086956521738
2026-09-04,bn,120,132,10,22,12,10,0.08333333333333333,0.16666666666666666
2026-09-04,si,37,40,2,5,3,2,0.05405405405405406,0.125
2026-09-04,ml,95,95,0,0,0,0,0.0,0.0
2026-09-04,qct,50,51,1,2,1,1,0.02,0.0392156862745098
2026-09-04,ka,4,6,1,3,2,1,0.25,0.5
2026-09-04,bg,79,82,1,4,3,1,0.012658227848101266,0.04878048780487805
2026-09-04,km,4,7,1,4,3,1,0.25,0.5714285714285714
2026-09-04,gu,71,107,19,55,36,19,0.2676056338028169,0.514018691588785
2026-09-04,lo,3,3,0,0,0,0,0.0,0.0
2026-09-04,kn,157,246,26,115,89,26,0.16560509554140126,0.46747967479674796
2026-09-04,pa,51,55,1,5,4,1,0.0196078431372549,0.09090909090909091
2026-09-04,sd,18,18,0,0,0,0,0.0,0.0
2026-09-04,or,104,151,27,74,47,27,0.25961538461538464,0.4900662251655629
2026-09-04,bo,1,1,0,0,0,0,0.0,0.0
2026-09-04,dv,131,234,52,155,103,52,0.3969465648854962,0.6623931623931624
2026-09-04,<NULL>,24,52,7,35,28,7,0.2916666666666667,0.6730769230769231
2026-09-04,hy,7,8,1,2,1,1,0.14285714285714285,0.25
2026-09-05,in,21795,23284,520,2009,1489,520,0.023858683184216564,0.08628242570005154
2026-09-05,ja,246292,269087,7183,29978,22795,7174,0.029164568885712894,0.11140634813276004
2026-09-05,es,94942,104724,3725,13507,9782,3709,0.03923447999831476,0.1289771208128032
2026-09-05,pt,54220,56898,981,3659,2678,961,0.018092954629288085,0.06430806003725965
2026-09-05,en,553621,626353,23293,96025,72732,23230,0.04207390976859621,0.15330811858488744
2026-09-05,tr,40643,45185,1720,6262,4542,1720,0.042319710651280665,0.13858581387628638
2026-09-05,fi,1052,1257,49,254,205,49,0.04657794676806084,0.2020684168655529
2026-09-05,ht,2017,2134,39,156,117,39,0.019335647000495785,0.07310215557638237
2026-09-05,ar,41312,45189,1719,5596,3877,1717,0.04161018590240124,0.12383544667950165
2026-09-05,qme,19721,20859,398,1536,1138,397,0.020181532376654328,0.07363727887242917
2026-09-05,zxx,57010,60180,887,4057,3170,885,0.015558673916856692,0.06741442339647724
2026-09-05,ko,26145,27246,331,1432,1101,330,0.012660164467393382,0.05255817367687
2026-09-05,vi,672,707,17,52,35,17,0.025297619047619048,0.07355021216407355
2026-09-05,hi,7323,8691,565,1933,1368,562,0.07715417178751878,0.22241399148544472
2026-09-05,th,17512,18206,241,935,694,241,0.013761991777067153,0.05135669559485884
2026-09-05,ur,2607,2765,53,211,158,53,0.02032988108937476,0.07631103074141049
2026-09-05,zh,6982,7366,141,525,384,141,0.020194786594099113,0.07127341840890579
2026-09-05,und,13240,14163,303,1226,923,301,0.022885196374622357,0.08656358116218316
2026-09-05,art,5313,5585,71,343,272,71,0.013363448146056842,0.061414503133393014
2026-09-05,qht,1577,1707,51,181,130,51,0.032339885859226376,0.1060339777387229
2026-09-05,qst,2557,2626,22,91,69,22,0.008603832616347283,0.034653465346534656
2026-09-05,uk,779,863,27,111,84,27,0.03465982028241335,0.12862108922363846
2026-09-05,cy,720,791,23,94,71,23,0.03194444444444444,0.11883691529709228
2026-09-05,te,594,696,58,160,102,58,0.09764309764309764,0.22988505747126436
2026-09-05,nl,2955,3245,93,383,290,93,0.03147208121827411,0.11802773497688752
2026-09-05,fa,10016,10206,79,269,190,79,0.00788738019169329,0.026357044875563396
2026-09-05,el,996,1127,48,179,131,48,0.04819277108433735,0.15882874889086068
2026-09-05,tl,7290,7579,97,386,289,97,0.013305898491083675,0.0509302018735981
2026-09-05,et,2403,2537,44,178,134,44,0.018310445276737412,0.07016160819865984
2026-09-05,lt,349,395,14,60,46,14,0.04011461318051576,0.1518987341772152
2026-09-05,pl,5916,7005,365,1454,1089,364,0.06169709263015551,0.20756602426837972
2026-09-05,eu,858,883,11,36,25,11,0.01282051282051282,0.04077010192525481
2026-09-05,da,957,1058,37,138,101,37,0.038662486938349006,0.13043478260869565
2026-09-05,fr,38062,46038,2470,10446,7976,2457,0.06489412011980453,0.22689951778965203
2026-09-05,ru,2694,2919,96,321,225,96,0.035634743875278395,0.10996916752312436
2026-09-05,hu,292,324,8,40,32,8,0.0273972602739726,0.12345679012345678
2026-09-05,no,727,758,13,44,31,13,0.017881705639614855,0.05804749340369393
2026-09-05,ca,3000,3559,186,745,559,186,0.062,0.20932846305141894
2026-09-05,ne,240,240,0,0,0,0,0.0,0.0
2026-09-05,qam,771,782,3,14,11,3,0.0038910505836575876,0.017902813299232736
2026-09-05,cs,905,1017,48,160,112,48,0.05303867403314917,0.15732546705998032
2026-09-05,it,6459,6968,167,676,509,167,0.02585539557206998,0.09701492537313433
2026-09-05,de,6603,7659,357,1413,1056,357,0.05406633348477965,0.1844888366627497
2026-09-05,lv,327,414,22,109,87,22,0.0672782874617737,0.2632850241545894
2026-09-05,iw,1384,1546,36,198,162,36,0.02601156069364162,0.12807244501940493
2026-09-05,ta,1121,1297,51,227,176,51,0.045495093666369314,0.17501927525057825
2026-09-05,ps,271,271,0,0,0,0,0.0,0.0
2026-09-05,ro,999,1111,39,151,112,38,0.03903903903903904,0.13591359135913592
2026-09-05,sl,419,470,16,67,51,16,0.03818615751789976,0.1425531914893617
2026-09-05,is,187,187,0,0,0,0,0.0,0.0
2026-09-05,sr,334,371,10,47,37,10,0.029940119760479042,0.12668463611859837
2026-09-05,my,123,123,0,0,0,0,0.0,0.0
2026-09-05,sv,1402,1575,44,217,173,44,0.03138373751783167,0.13777777777777778
2026-09-05,ckb,101,101,0,0,0,0,0.0,0.0
2026-09-05,mr,383,499,47,163,116,47,0.1227154046997389,0.32665330661322645
2026-09-05,am,61,68,6,13,7,6,0.09836065573770492,0.19117647058823528
2026-09-05,bn,103,128,9,34,25,9,0.08737864077669903,0.265625
2026-09-05,si,30,33,3,6,3,3,0.1,0.18181818181818182
2026-09-05,ml,112,114,1,3,2,1,0.008928571428571428,0.02631578947368421
2026-09-05,qct,38,38,0,0,0,0,0.0,0.0
2026-09-05,ka,4,4,0,0,0,0,0.0,0.0
2026-09-05,bg,102,106,2,6,4,2,0.0196078431372549,0.05660377358490566
2026-09-05,km,5,5,0,0,0,0,0.0,0.0
2026-09-05,gu,131,163,28,60,32,28,0.21374045801526717,0.36809815950920244
2026-09-05,lo,2,2,0,0,0,0,0.0,0.0
2026-09-05,kn,184,243,27,86,59,27,0.14673913043478262,0.35390946502057613
2026-09-05,pa,56,58,2,4,2,2,0.03571428571428571,0.06896551724137931
2026-09-05,sd,17,17,0,0,0,0,0.0,0.0
2026-09-05,or,98,133,26,61,35,26,0.2653061224489796,0.45864661654135336
2026-09-05,dv,145,262,53,170,117,53,0.36551724137931035,0.648854961832061
2026-09-05,<NULL>,20,53,13,46,33,13,0.65,0.8679245283018868
2026-09-05,hy,9,9,0,0,0,0,0.0,0.0
2026-09-05,ug,1,1,0,0,0,0,0.0,0.0
2026-09-06,in,33271,34577,530,1836,1306,530,0.01592978870487812,0.05309888075888596
2026-09-06,ja,333169,353987,7749,28567,20818,7718,0.023258466423947004,0.0807007036981584
2026-09-06,es,122170,129732,3277,10839,7562,3275,0.026823279037406892,0.08354916288964943
2026-09-06,pt,74641,77263,1199,3821,2622,1193,0.016063557562197718,0.049454460737998786
2026-09-06,en,714361,776469,23444,85552,62108,23403,0.03281814096794198,0.11018083143048853
2026-09-06,tr,49126,53385,1652,5911,4259,1651,0.03362781419207751,0.1107239861384284
2026-09-06,fi,1333,1441,46,154,108,46,0.0345086271567892,0.10687022900763359
2026-09-06,ht,2632,2770,47,185,138,47,0.017857142857142856,0.06678700361010831
2026-09-06,ar,53516,58997,2757,8238,5481,2749,0.05151730323641528,0.13963421868908588
2026-09-06,qme,26156,27148,401,1393,992,398,0.01533109038079217,0.051311330484750256
2026-09-06,zxx,74722,77392,1077,3747,2670,1076,0.014413425764834988,0.04841585693611743
2026-09-06,ko,38988,40151,408,1571,1163,408,0.010464758387196061,0.039127294463400665
2026-09-06,vi,829,850,11,32,21,10,0.013268998793727383,0.03764705882352941
2026-09-06,hi,8840,9966,525,1651,1126,524,0.05938914027149321,0.16566325506722857
2026-09-06,th,26835,27303,212,680,468,212,0.007900130426681572,0.02490568801963154
2026-09-06,ur,3855,4052,113,310,197,109,0.029312581063553826,0.07650542941757157
2026-09-06,zh,8417,8755,141,479,338,141,0.01675181180943329,0.05471159337521416
2026-09-06,und,17086,18151,401,1466,1065,399,0.023469507198876274,0.08076689989532257
2026-09-06,art,7149,7360,76,287,211,76,0.01063085746258218,0.0389945652173913
2026-09-06,qht,2281,2344,29,92,63,29,0.012713722051731697,0.03924914675767918
2026-09-06,qst,3389,3472,30,113,83,30,0.00885216878135143,0.032546082949308754
2026-09-06,uk,962,1019,23,80,57,23,0.02390852390852391,0.07850834151128558
2026-09-06,cy,960,1009,15,64,49,15,0.015625,0.06342913776015857
2026-09-06,te,732,779,24,71,47,24,0.03278688524590164,0.09114249037227215
2026-09-06,nl,3530,3802,113,385,272,113,0.032011331444759206,0.10126249342451342
2026-09-06,fa,12355,12594,130,369,239,130,0.010522055847834885,0.029299666507860887
2026-09-06,el,1571,1646,36,111,75,36,0.022915340547422024,0.06743620899149454
2026-09-06,tl,9101,9376,112,387,275,112,0.012306339962641468,0.04127559726962458
2026-09-06,et,3535,3683,73,221,148,73,0.02065063649222065,0.0600054303556883
2026-09-06,lt,471,490,8,27,19,8,0.016985138004246284,0.05510204081632653
2026-09-06,pl,7913,8853,339,1279,940,339,0.04284089473019082,0.14447080085846606
2026-09-06,eu,1211,1262,17,68,51,17,0.014037985136251032,0.05388272583201268
2026-09-06,da,1311,1416,39,144,105,39,0.029748283752860413,0.1016949152542373
2026-09-06,fr,48723,55228,2271,8776,6505,2264,0.046610430392217225,0.15890490330991527
2026-09-06,ru,3392,3521,46,175,129,46,0.013561320754716982,0.04970178926441352
2026-09-06,hu,401,439,12,50,38,12,0.029925187032418952,0.11389521640091116
2026-09-06,no,913,955,22,64,42,22,0.024096385542168676,0.06701570680628273
2026-09-06,ca,4351,4918,228,795,567,228,0.05240174672489083,0.16165107767385115
2026-09-06,ne,234,242,8,16,8,8,0.03418803418803419,0.06611570247933884
2026-09-06,qam,908,929,9,30,21,9,0.009911894273127754,0.03229278794402583
2026-09-06,cs,1311,1443,58,190,132,58,0.04424103737604882,0.13167013167013167
2026-09-06,it,9829,10293,187,651,464,187,0.019025333197680332,0.06324686680268143
2026-09-06,de,10929,12065,479,1615,1136,478,0.0438283466007869,0.13385826771653545
2026-09-06,lv,448,484,16,52,36,16,0.03571428571428571,0.10743801652892562
2026-09-06,iw,1813,2120,85,392,307,85,0.04688361831218974,0.18490566037735848
2026-09-06,ta,1271,1363,57,149,92,57,0.044846577498033044,0.10931768158473955
2026-09-06,ps,484,490,1,7,6,1,0.002066115702479339,0.014285714285714285
2026-09-06,ro,1014,1133,40,159,119,40,0.03944773175542406,0.14033539276257723
2026-09-06,sl,523,546,11,34,23,11,0.021032504780114723,0.06227106227106227
2026-09-06,is,225,228,3,6,3,3,0.013333333333333334,0.02631578947368421
2026-09-06,sr,407,468,21,82,61,21,0.051597051597051594,0.1752136752136752
2026-09-06,my,179,179,0,0,0,0,0.0,0.0
2026-09-06,sv,1734,1865,61,192,131,61,0.03517877739331027,0.10294906166219839
2026-09-06,ckb,129,135,6,12,6,6,0.046511627906976744,0.08888888888888889
2026-09-06,mr,410,482,34,106,72,34,0.08292682926829269,0.21991701244813278
2026-09-06,am,86,91,4,9,5,4,0.046511627906976744,0.0989010989010989
2026-09-06,bn,139,139,0,0,0,0,0.0,0.0
2026-09-06,si,28,29,1,2,1,1,0.03571428571428571,0.06896551724137931
2026-09-06,ml,126,126,0,0,0,0,0.0,0.0
2026-09-06,qct,84,84,0,0,0,0,0.0,0.0
2026-09-06,ka,9,13,1,5,4,1,0.1111111111111111,0.38461538461538464
2026-09-06,bg,111,111,0,0,0,0,0.0,0.0
2026-09-06,km,10,10,0,0,0,0,0.0,0.0
2026-09-06,gu,97,105,5,13,8,5,0.05154639175257732,0.12380952380952381
2026-09-06,lo,1,1,0,0,0,0,0.0,0.0
2026-09-06,kn,152,190,18,56,38,18,0.11842105263157894,0.29473684210526313
2026-09-06,pa,50,52,1,3,2,1,0.02,0.057692307692307696
2026-09-06,sd,16,17,1,2,1,1,0.0625,0.11764705882352941
2026-09-06,or,67,82,15,30,15,15,0.22388059701492538,0.36585365853658536
2026-09-06,bo,1,1,0,0,0,0,0.0,0.0
2026-09-06,dv,159,276,56,173,117,56,0.3522012578616352,0.6268115942028986
2026-09-06,<NULL>,22792,22821,14,43,29,14,0.0006142506142506142,0.0018842294377985189
2026-09-06,hy,5,5,0,0,0,0,0.0,0.0
2026-09-07,in,39843,41270,772,2199,1427,771,0.01937605100017569,0.05328325660285922
2026-09-07,ja,415502,437405,10625,32528,21903,10602,0.025571477393610622,0.07436586230152833
2026-09-07,es,188273,197399,5309,14435,9126,5299,0.028198414005194586,0.07312600367783018
2026-09-07,pt,107378,110246,1779,4647,2868,1779,0.016567639553726088,0.04215118915879034
2026-09-07,en,1006249,1071213,33640,98604,64964,33570,0.03343108912406373,0.09204892024275284
2026-09-07,tr,53584,56600,1775,4791,3016,1759,0.033125559868617496,0.08464664310954063
2026-09-07,fi,2128,2318,103,293,190,103,0.048402255639097745,0.1264020707506471
2026-09-07,ht,3348,3436,52,140,88,51,0.015531660692951015,0.04074505238649592
2026-09-07,ar,69873,74137,2758,7022,4264,2754,0.03947161278319236,0.09471653830071354
2026-09-07,qme,36877,37714,487,1324,837,485,0.013206063399951189,0.03510632656308002
2026-09-07,zxx,105141,107991,1635,4485,2850,1630,0.01555054640910777,0.0415312387143373
2026-09-07,ko,56113,57605,741,2233,1492,738,0.01320549605260813,0.03876399618088708
2026-09-07,vi,1197,1233,25,61,36,25,0.020885547201336674,0.0494728304947283
2026-09-07,hi,15055,15932,572,1449,877,572,0.03799402191962803,0.09094903339191564
2026-09-07,th,54452,55240,440,1228,788,438,0.008080511275986189,0.0222302679217958
2026-09-07,ur,6000,6129,98,227,129,98,0.01633333333333333,0.037037037037037035
2026-09-07,zh,11946,12351,221,626,405,220,0.018499916289971538,0.05068415512913934
2026-09-07,und,23503,24213,420,1130,710,420,0.017870059141386205,0.04666914467434849
2026-09-07,art,9885,10090,117,322,205,117,0.011836115326251897,0.03191278493557978
2026-09-07,qht,3411,3490,55,134,79,55,0.016124303723248315,0.038395415472779366
2026-09-07,qst,4594,4668,43,117,74,43,0.00936003482803657,0.02506426735218509
2026-09-07,uk,1581,1753,78,250,172,78,0.04933586337760911,0.1426126640045636
2026-09-07,cy,937,985,27,75,48,27,0.0288153681963714,0.07614213197969544
2026-09-07,te,1483,1573,58,148,90,58,0.03910991233985165,0.09408773045136681
2026-09-07,nl,5836,6212,205,581,376,205,0.03512679917751885,0.09352865421764327
2026-09-07,fa,15948,16235,199,486,287,198,0.012478053674441936,0.029935324915306438
2026-09-07,el,2432,2565,81,214,133,81,0.03330592105263158,0.08343079922027291
2026-09-07,tl,12660,12950,180,470,290,179,0.014218009478672985,0.036293436293436294
2026-09-07,et,4751,4896,85,230,145,85,0.017890970322037465,0.046977124183006536
2026-09-07,lt,708,729,9,30,21,9,0.012711864406779662,0.0411522633744856
2026-09-07,pl,12555,13720,635,1800,1165,634,0.050577459179609714,0.13119533527696792
2026-09-07,eu,1451,1491,29,69,40,29,0.019986216402481046,0.04627766599597585
2026-09-07,da,1525,1592,38,105,67,38,0.024918032786885248,0.06595477386934673
2026-09-07,fr,65222,71978,3207,9963,6756,3207,0.04917052528288001,0.1384172941732196
2026-09-07,ru,4751,4914,126,289,163,126,0.026520732477373184,0.05881155881155881
2026-09-07,hu,648,671,13,36,23,13,0.020061728395061727,0.05365126676602087
2026-09-07,no,1111,1150,22,61,39,22,0.019801980198019802,0.05304347826086957
2026-09-07,ca,6297,6731,256,690,434,255,0.040654279815785295,0.10251077105927797
2026-09-07,ne,424,449,21,46,25,21,0.049528301886792456,0.10244988864142539
2026-09-07,qam,1516,1525,6,15,9,6,0.00395778364116095,0.009836065573770493
2026-09-07,cs,1914,2137,107,330,223,107,0.05590386624869383,0.1544220870379036
2026-09-07,it,11929,12453,293,817,524,293,0.024561991784726296,0.06560668112101502
2026-09-07,de,14602,15402,482,1282,800,482,0.033009176825092454,0.08323594338397611
2026-09-07,lv,789,941,69,221,152,69,0.08745247148288973,0.23485653560042508
2026-09-07,iw,2731,2968,107,344,237,107,0.039179787623581104,0.11590296495956873
2026-09-07,ta,4634,4792,106,264,158,106,0.022874406560207165,0.05509181969949917
2026-09-07,ps,646,654,3,11,8,3,0.0046439628482972135,0.016819571865443424
2026-09-07,ro,1511,1593,50,132,82,50,0.03309066843150232,0.08286252354048965
2026-09-07,sl,863,963,49,149,100,49,0.056778679026651215,0.15472481827622014
2026-09-07,is,281,289,3,11,8,3,0.010676156583629894,0.03806228373702422
2026-09-07,sr,565,582,13,30,17,13,0.023008849557522124,0.05154639175257732
2026-09-07,my,115,116,1,2,1,1,0.008695652173913044,0.017241379310344827
2026-09-07,sv,2958,3158,99,299,200,99,0.033468559837728194,0.09468017732742241
2026-09-07,ckb,140,148,8,16,8,8,0.05714285714285714,0.10810810810810811
2026-09-07,mr,990,1085,59,154,95,59,0.0595959595959596,0.14193548387096774
2026-09-07,am,111,116,4,9,5,4,0.036036036036036036,0.07758620689655173
2026-09-07,bn,207,212,3,8,5,3,0.014492753623188406,0.03773584905660377
2026-09-07,si,46,46,0,0,0,0,0.0,0.0
2026-09-07,ml,195,195,0,0,0,0,0.0,0.0
2026-09-07,qct,94,96,2,4,2,2,0.02127659574468085,0.041666666666666664
2026-09-07,ka,12,15,1,4,3,1,0.08333333333333333,0.26666666666666666
2026-09-07,bg,107,109,1,3,2,1,0.009345794392523364,0.027522935779816515
2026-09-07,km,16,16,0,0,0,0,0.0,0.0
2026-09-07,gu,264,308,25,69,44,25,0.0946969696969697,0.22402597402597402
2026-09-07,lo,5,5,0,0,0,0,0.0,0.0
2026-09-07,kn,174,186,10,22,12,10,0.05747126436781609,0.11827956989247312
2026-09-07,pa,81,82,1,2,1,1,0.012345679012345678,0.024390243902439025
2026-09-07,sd,53,56,2,5,3,2,0.03773584905660377,0.08928571428571429
2026-09-07,or,99,117,18,36,18,18,0.18181818181818182,0.3076923076923077
2026-09-07,bo,3,3,0,0,0,0,0.0,0.0
2026-09-07,dv,288,408,55,175,120,55,0.1909722222222222,0.42892156862745096
2026-09-07,<NULL>,21,45,10,34,24,10,0.47619047619047616,0.7555555555555555
2026-09-07,hy,9,9,0,0,0,0,0.0,0.0
2026-09-08,in,38640,39501,597,1458,861,590,0.015450310559006211,0.03691045796308954
2026-09-08,ja,325843,336789,7148,18094,10946,7139,0.02193694509318905,0.05372503258716882
2026-09-08,es,166891,171236,3255,7600,4345,3226,0.01950374795525223,0.04438319045060618
2026-09-08,pt,114983,116514,1220,2751,1531,1218,0.010610264126001235,0.023610896544621247
2026-09-08,en,907473,942868,25762,61157,35395,25606,0.028388723411054653,0.06486273794422974
2026-09-08,tr,49002,50559,1243,2800,1557,1206,0.02536631157911922,0.055380842184378644
2026-09-08,fi,1827,1912,54,139,85,53,0.029556650246305417,0.07269874476987448
2026-09-08,ht,2946,2982,31,67,36,31,0.010522742701968771,0.022468142186452045
2026-09-08,ar,52792,54600,1495,3303,1808,1491,0.028318684649189272,0.060494505494505496
2026-09-08,qme,31969,32442,372,845,473,372,0.011636272639119146,0.02604648295419518
2026-09-08,zxx,93221,94522,943,2244,1301,938,0.010115746451979704,0.023740504856012357
2026-09-08,ko,50863,51591,499,1227,728,499,0.0098106678725203,0.023783218003140084
2026-09-08,vi,897,912,11,26,15,11,0.012263099219620958,0.02850877192982456
2026-09-08,hi,12291,12860,452,1021,569,452,0.036774875925473925,0.07939346811819596
2026-09-08,th,58883,59252,259,628,369,258,0.0043985530628534554,0.010598798352798217
2026-09-08,ur,4630,4718,75,163,88,75,0.016198704103671708,0.034548537515896566
2026-09-08,zh,10234,10412,137,315,178,137,0.013386750048856751,0.03025355359200922
2026-09-08,und,20545,20962,295,712,417,291,0.014358724750547579,0.03396622459688961
2026-09-08,art,8038,8135,80,177,97,79,0.009952724558347848,0.02175783650891211
2026-09-08,qht,2595,2675,46,126,80,46,0.017726396917148363,0.04710280373831776
2026-09-08,qst,3997,4037,30,70,40,30,0.007505629221916437,0.01733960862026257
2026-09-08,uk,1252,1309,51,108,57,51,0.04073482428115016,0.0825057295645531
2026-09-08,cy,1008,1024,12,28,16,12,0.011904761904761904,0.02734375
2026-09-08,te,1283,1321,34,72,38,34,0.026500389711613406,0.05450416351249054
2026-09-08,nl,4711,4876,121,286,165,121,0.02568456803226491,0.0586546349466776
2026-09-08,fa,13758,13921,138,301,163,138,0.01003052769297863,0.021622009913080956
2026-09-08,el,1353,1380,18,45,27,18,0.013303769401330377,0.03260869565217391
2026-09-08,tl,11883,12011,100,228,128,99,0.008415383320710259,0.018982599283989675
2026-09-08,et,4038,4114,61,137,76,61,0.015106488360574542,0.03330092367525522
2026-09-08,lt,592,601,7,16,9,7,0.011824324324324325,0.026622296173044926
2026-09-08,pl,9241,9646,301,706,405,301,0.032572232442376364,0.07319095998341281
2026-09-08,eu,1220,1232,9,21,12,9,0.007377049180327869,0.017045454545454544
2026-09-08,da,1272,1310,33,71,38,33,0.025943396226415096,0.05419847328244275
2026-09-08,fr,57578,60478,2049,4949,2900,2035,0.03558650873597555,0.08183140976884157
2026-09-08,ru,3924,3973,40,89,49,40,0.010193679918450561,0.022401208155046565
2026-09-08,hu,453,462,6,15,9,6,0.013245033112582781,0.032467532467532464
2026-09-08,no,938,955,13,30,17,13,0.013859275053304905,0.031413612565445025
2026-09-08,ca,5982,6350,255,623,368,255,0.04262788365095286,0.09811023622047244
2026-09-08,ne,331,343,7,19,12,7,0.021148036253776436,0.05539358600583091
2026-09-08,qam,1052,1057,5,10,5,5,0.004752851711026616,0.00946073793755913
2026-09-08,cs,1589,1714,80,205,125,80,0.05034612964128383,0.11960326721120186
2026-09-08,it,8875,9094,166,385,219,166,0.018704225352112677,0.04233560589399604
2026-09-08,de,10434,10843,299,708,409,299,0.028656315890358445,0.06529558240339389
2026-09-08,lv,690,758,52,120,68,52,0.07536231884057971,0.158311345646438
2026-09-08,iw,2966,3108,86,228,142,86,0.02899527983816588,0.07335907335907337
2026-09-08,ta,3431,3514,73,156,83,73,0.02127659574468085,0.0443938531587934
2026-09-08,ps,329,333,3,7,4,3,0.00911854103343465,0.021021021021021023
2026-09-08,ro,1480,1537,44,101,57,44,0.02972972972972973,0.06571242680546518
2026-09-08,sl,617,649,28,60,32,28,0.04538087520259319,0.09244992295839753
2026-09-08,is,292,298,5,11,6,5,0.017123287671232876,0.03691275167785235
2026-09-08,sr,449,457,7,15,8,7,0.015590200445434299,0.03282275711159737
2026-09-08,my,65,66,1,2,1,1,0.015384615384615385,0.030303030303030304
2026-09-08,sv,2412,2498,71,157,86,71,0.02943615257048093,0.06285028022417935
2026-09-08,ckb,163,163,0,0,0,0,0.0,0.0
2026-09-08,mr,747,759,9,21,12,9,0.012048192771084338,0.02766798418972332
2026-09-08,am,113,113,0,0,0,0,0.0,0.0
2026-09-08,bn,176,185,6,15,9,6,0.03409090909090909,0.08108108108108109
2026-09-08,si,37,37,0,0,0,0,0.0,0.0
2026-09-08,ml,156,157,1,2,1,1,0.00641025641025641,0.012738853503184714
2026-09-08,qct,72,72,0,0,0,0,0.0,0.0
2026-09-08,ka,10,10,0,0,0,0,0.0,0.0
2026-09-08,bg,97,98,1,2,1,1,0.010309278350515464,0.02040816326530612
2026-09-08,km,16,16,0,0,0,0,0.0,0.0
2026-09-08,gu,152,164,12,24,12,12,0.07894736842105263,0.14634146341463414
2026-09-08,lo,3,3,0,0,0,0,0.0,0.0
2026-09-08,kn,269,285,14,30,16,14,0.05204460966542751,0.10526315789473684
2026-09-08,pa,48,51,3,6,3,3,0.0625,0.11764705882352941
2026-09-08,sd,44,45,1,2,1,1,0.022727272727272728,0.044444444444444446
2026-09-08,or,51,70,13,32,19,13,0.2549019607843137,0.45714285714285713
2026-09-08,bo,10,10,0,0,0,0,0.0,0.0
2026-09-08,dv,226,258,24,56,32,24,0.10619469026548672,0.21705426356589147
2026-09-08,<NULL>,12,18,5,11,6,4,0.4166666666666667,0.6111111111111112
2026-09-08,hy,6,6,0,0,0,0,0.0,0.0
2026-09-09,in,28846,28921,73,148,75,73,0.0025306801636275395,0.005117388748660143
2026-09-09,ja,250447,251809,1235,2597,1362,1233,0.004931183044716047,0.010313372437045538
2026-09-09,es,122992,123454,428,890,462,416,0.0034799011317809287,0.007209162927082152
2026-09-09,pt,87484,87639,143,298,155,143,0.0016345846097572127,0.003400312646196328
2026-09-09,en,710164,715206,4570,9612,5042,4547,0.006435133293154821,0.013439484568082482
2026-09-09,tr,33617,33739,116,238,122,116,0.003450635095338668,0.007054150982542458
2026-09-09,fi,1051,1071,20,40,20,20,0.019029495718363463,0.03734827264239029
2026-09-09,ht,2374,2387,9,22,13,9,0.0037910699241786015,0.009216589861751152
2026-09-09,ar,26139,26238,91,190,99,91,0.003481387964344466,0.0072414055949386385
2026-09-09,qme,23435,23480,38,83,45,38,0.0016215062940046938,0.003534923339011925
2026-09-09,zxx,69865,70070,178,383,205,178,0.0025477707006369425,0.005465962608819752
2026-09-09,ko,47053,47180,109,236,127,109,0.0023165366714130876,0.00500211954217889
2026-09-09,vi,682,683,1,2,1,1,0.001466275659824047,0.0029282576866764276
2026-09-09,hi,6550,6585,35,70,35,34,0.0053435114503816794,0.010630220197418374
2026-09-09,th,55168,55211,42,85,43,42,0.0007613109048723898,0.001539548278422778
2026-09-09,ur,2014,2026,12,24,12,12,0.005958291956305859,0.011846001974333662
2026-09-09,zh,8071,8084,13,26,13,13,0.0016107049931854789,0.0032162295893122216
2026-09-09,und,16403,16439,35,71,36,35,0.0021337560202402,0.004318997505931017
2026-09-09,art,6410,6423,13,26,13,13,0.0020280811232449296,0.0040479526700918575
2026-09-09,qht,1842,1847,5,10,5,5,0.0027144408251900108,0.005414185165132647
2026-09-09,qst,3303,3313,10,20,10,10,0.003027550711474417,0.006036824630244492
2026-09-09,uk,974,979,5,10,5,5,0.00513347022587269,0.010214504596527068
2026-09-09,cy,786,786,0,0,0,0,0.0,0.0
2026-09-09,te,761,762,1,2,1,1,0.001314060446780552,0.0026246719160104987
2026-09-09,nl,3566,3587,17,38,21,17,0.0047672462142456535,0.010593810984109284
2026-09-09,fa,7857,7878,19,40,21,19,0.0024182257859233806,0.005077430820005078
2026-09-09,el,979,982,3,6,3,3,0.0030643513789581204,0.006109979633401222
2026-09-09,tl,9223,9236,12,25,13,12,0.0013010950883660414,0.0027067994802944997
2026-09-09,et,3092,3098,6,12,6,6,0.0019404915912031048,0.003873466752743706
2026-09-09,lt,426,429,2,5,3,2,0.004694835680751174,0.011655011655011656
2026-09-09,pl,6099,6136,36,73,37,36,0.005902606984751598,0.011897001303780965
2026-09-09,eu,825,826,1,2,1,1,0.0012121212121212121,0.002421307506053269
2026-09-09,da,1071,1076,5,10,5,5,0.004668534080298786,0.00929368029739777
2026-09-09,fr,43943,44332,356,745,389,351,0.008101404091664202,0.016805016692231344
2026-09-09,ru,2814,2818,4,8,4,4,0.0014214641080312722,0.0028388928317956
2026-09-09,hu,483,484,1,2,1,1,0.002070393374741201,0.004132231404958678
2026-09-09,no,695,696,1,2,1,1,0.0014388489208633094,0.0028735632183908046
2026-09-09,ca,3913,3934,20,41,21,20,0.005111167901865576,0.010421962379257754
2026-09-09,ne,209,210,1,2,1,1,0.004784688995215311,0.009523809523809525
2026-09-09,qam,789,798,9,18,9,9,0.011406844106463879,0.022556390977443608
2026-09-09,cs,1168,1180,12,24,12,11,0.010273972602739725,0.020338983050847456
2026-09-09,it,6392,6405,12,25,13,12,0.0018773466833541927,0.0039032006245121
2026-09-09,de,7682,7730,44,92,48,43,0.005727675084613382,0.011901681759379043
2026-09-09,lv,479,484,5,10,5,5,0.010438413361169102,0.02066115702479339
2026-09-09,iw,1637,1652,14,29,15,14,0.00855222968845449,0.017554479418886198
2026-09-09,ta,1537,1544,7,14,7,7,0.004554326610279766,0.009067357512953367
2026-09-09,ps,158,158,0,0,0,0,0.0,0.0
2026-09-09,ro,1152,1163,10,21,11,10,0.008680555555555556,0.018056749785038694
2026-09-09,sl,416,419,3,6,3,3,0.007211538461538462,0.014319809069212411
2026-09-09,is,234,235,1,2,1,1,0.004273504273504274,0.00851063829787234
2026-09-09,sr,432,433,1,2,1,1,0.0023148148148148147,0.004618937644341801
2026-09-09,my,77,77,0,0,0,0,0.0,0.0
2026-09-09,sv,1717,1727,10,20,10,10,0.005824111822947,0.011580775911986103
2026-09-09,ckb,75,75,0,0,0,0,0.0,0.0
2026-09-09,mr,332,334,2,4,2,2,0.006024096385542169,0.011976047904191617
2026-09-09,am,84,85,1,2,1,1,0.011904761904761904,0.023529411764705882
2026-09-09,bn,111,111,0,0,0,0,0.0,0.0
2026-09-09,si,34,34,0,0,0,0,0.0,0.0
2026-09-09,ml,74,74,0,0,0,0,0.0,0.0
2026-09-09,qct,66,66,0,0,0,0,0.0,0.0
2026-09-09,ka,15,15,0,0,0,0,0.0,0.0
2026-09-09,bg,79,79,0,0,0,0,0.0,0.0
2026-09-09,km,3,3,0,0,0,0,0.0,0.0
2026-09-09,gu,71,71,0,0,0,0,0.0,0.0
2026-09-09,lo,6,6,0,0,0,0,0.0,0.0
2026-09-09,kn,108,109,1,2,1,1,0.009259259259259259,0.01834862385321101
2026-09-09,pa,29,33,4,8,4,4,0.13793103448275862,0.24242424242424243
2026-09-09,sd,16,16,0,0,0,0,0.0,0.0
2026-09-09,or,29,29,0,0,0,0,0.0,0.0
2026-09-09,bo,4,4,0,0,0,0,0.0,0.0
2026-09-09,dv,141,141,0,0,0,0,0.0,0.0
2026-09-09,<NULL>,6,7,1,2,1,1,0.16666666666666666,0.2857142857142857
2026-09-09,hy,2,2,0,0,0,0,0.0,0.0
2026-09-09,ug,1,1,0,0,0,0,0.0,0.0
2026-09-10,in,13284,13334,48,98,50,48,0.0036133694670280035,0.0073496325183740815
2026-09-10,ja,136391,137258,776,1643,867,776,0.005689524968656289,0.011970158387853532
2026-09-10,es,61221,61497,251,527,276,251,0.004099900360987243,0.008569523716604062
2026-09-10,pt,42218,42316,84,182,98,84,0.001989672651475674,0.00430097362699688
2026-09-10,en,342827,346932,3672,7777,4105,3672,0.010710941670288512,0.022416496604521923
2026-09-10,tr,19074,19185,102,213,111,102,0.0053475935828877,0.011102423768569195
2026-09-10,fi,704,735,30,61,31,30,0.04261363636363636,0.08299319727891157
2026-09-10,ht,1028,1031,3,6,3,3,0.0029182879377431907,0.005819592628516004
2026-09-10,ar,16801,16864,62,125,63,62,0.0036902565323492648,0.0074122390891840605
2026-09-10,qme,11299,11334,28,63,35,28,0.002478095406673157,0.00555849655902594
2026-09-10,zxx,34899,35044,133,278,145,133,0.0038109974497836613,0.007932884373929916
2026-09-10,ko,18349,18426,70,147,77,70,0.003814921794103221,0.007977857375447737
2026-09-10,vi,323,324,1,2,1,1,0.0030959752321981426,0.006172839506172839
2026-09-10,hi,2458,2468,10,20,10,10,0.0040683482506102524,0.008103727714748784
2026-09-10,th,15019,15051,27,59,32,27,0.0017977228843464943,0.003920005315261444
2026-09-10,ur,904,916,12,24,12,12,0.01327433628318584,0.026200873362445413
2026-09-10,zh,4361,4368,7,14,7,7,0.0016051364365971107,0.003205128205128205
2026-09-10,und,7658,7685,26,53,27,26,0.0033951423348132673,0.006896551724137931
2026-09-10,art,2931,2938,7,14,7,7,0.002388263391334016,0.004765146358066712
2026-09-10,qht,963,967,3,7,4,3,0.003115264797507788,0.007238883143743537
2026-09-10,qst,1523,1525,2,4,2,2,0.0013131976362442547,0.002622950819672131
2026-09-10,uk,436,441,5,10,5,5,0.011467889908256881,0.022675736961451247
2026-09-10,cy,328,331,3,6,3,3,0.009146341463414634,0.01812688821752266
2026-09-10,te,305,305,0,0,0,0,0.0,0.0
2026-09-10,nl,1581,1592,10,21,11,10,0.006325110689437065,0.013190954773869347
2026-09-10,fa,5053,5059,6,12,6,6,0.001187413417771621,0.0023720102787112077
2026-09-10,el,399,402,3,6,3,3,0.007518796992481203,0.014925373134328358
2026-09-10,tl,4227,4237,8,18,10,8,0.0018925952211970665,0.004248288883644088
2026-09-10,et,1537,1550,12,25,13,12,0.007807417046193884,0.016129032258064516
2026-09-10,lt,324,324,0,0,0,0,0.0,0.0
2026-09-10,pl,3397,3441,40,84,44,40,0.011775095672652341,0.024411508282476024
2026-09-10,eu,420,421,1,2,1,1,0.002380952380952381,0.004750593824228029
2026-09-10,da,717,718,1,2,1,1,0.001394700139470014,0.002785515320334262
2026-09-10,fr,21812,22221,364,773,409,364,0.01668806161745828,0.03478691328023041
2026-09-10,ru,1513,1519,6,12,6,6,0.0039656311962987445,0.007899934167215274
2026-09-10,hu,212,215,3,6,3,3,0.014150943396226415,0.027906976744186046
2026-09-10,no,534,536,2,4,2,2,0.003745318352059925,0.007462686567164179
2026-09-10,ca,1973,1989,15,31,16,15,0.007602635580334516,0.01558572146807441
2026-09-10,ne,139,139,0,0,0,0,0.0,0.0
2026-09-10,qam,384,384,0,0,0,0,0.0,0.0
2026-09-10,cs,782,796,14,28,14,14,0.017902813299232736,0.035175879396984924
2026-09-10,it,3029,3057,24,52,28,24,0.007923407065037967,0.01701014066077854
2026-09-10,de,4066,4121,53,108,55,53,0.013034923757993113,0.02620723125454987
2026-09-10,lv,325,362,34,71,37,34,0.10461538461538461,0.19613259668508287
2026-09-10,iw,1022,1038,15,31,16,15,0.014677103718199608,0.029865125240847785
2026-09-10,ta,810,816,5,11,6,5,0.006172839506172839,0.013480392156862746
2026-09-10,ps,119,119,0,0,0,0,0.0,0.0
2026-09-10,ro,568,573,4,9,5,4,0.007042253521126761,0.015706806282722512
2026-09-10,sl,224,231,7,14,7,7,0.03125,0.06060606060606061
2026-09-10,is,91,91,0,0,0,0,0.0,0.0
2026-09-10,sr,164,165,1,2,1,1,0.006097560975609756,0.012121212121212121
2026-09-10,my,69,69,0,0,0,0,0.0,0.0
2026-09-10,sv,1024,1035,11,22,11,11,0.0107421875,0.021256038647342997
2026-09-10,ckb,39,39,0,0,0,0,0.0,0.0
2026-09-10,mr,190,191,1,2,1,1,0.005263157894736842,0.010471204188481676
2026-09-10,am,61,67,6,12,6,6,0.09836065573770492,0.1791044776119403
2026-09-10,bn,37,37,0,0,0,0,0.0,0.0
2026-09-10,si,8,8,0,0,0,0,0.0,0.0
2026-09-10,ml,28,28,0,0,0,0,0.0,0.0
2026-09-10,qct,35,35,0,0,0,0,0.0,0.0
2026-09-10,ka,7,7,0,0,0,0,0.0,0.0
2026-09-10,bg,31,31,0,0,0,0,0.0,0.0
2026-09-10,km,4,4,0,0,0,0,0.0,0.0
2026-09-10,gu,35,35,0,0,0,0,0.0,0.0
2026-09-10,lo,2,2,0,0,0,0,0.0,0.0
2026-09-10,kn,56,56,0,0,0,0,0.0,0.0
2026-09-10,pa,22,24,2,4,2,2,0.09090909090909091,0.16666666666666666
2026-09-10,sd,2,2,0,0,0,0,0.0,0.0
2026-09-10,or,18,18,0,0,0,0,0.0,0.0
2026-09-10,bo,2,2,0,0,0,0,0.0,0.0
2026-09-10,dv,44,44,0,0,0,0,0.0,0.0
2026-09-10,<NULL>,15,15,0,0,0,0,0.0,0.0
2026-09-10,ug,1,1,0,0,0,0,0.0,0.0
2026-09-11,in,12544,12606,58,120,62,58,0.004623724489795918,0.00951927653498334
2026-09-11,ja,140789,141769,880,1860,980,880,0.006250488319399953,0.013119934541401857
2026-09-11,es,60160,60481,301,622,321,301,0.005003324468085106,0.010284221491046776
2026-09-11,pt,45737,45821,77,161,84,77,0.001683538491811881,0.0035136727701272344
2026-09-11,en,332338,336822,3976,8460,4484,3976,0.01196372367890521,0.025117124178349395
2026-09-11,tr,21415,21584,155,324,169,155,0.007237917347653514,0.015011119347664937
2026-09-11,fi,670,680,9,19,10,9,0.013432835820895522,0.027941176470588237
2026-09-11,ht,998,1001,3,6,3,3,0.003006012024048096,0.005994005994005994
2026-09-11,ar,17229,17281,47,99,52,47,0.0027279586743281675,0.005728835136855506
2026-09-11,qme,11425,11457,29,61,32,29,0.002538293216630197,0.005324255913415379
2026-09-11,zxx,35539,35727,169,357,188,169,0.004755339204817243,0.009992442690402217
2026-09-11,ko,17308,17387,72,151,79,72,0.004159926045759187,0.008684649450739058
2026-09-11,vi,258,259,1,2,1,1,0.003875968992248062,0.007722007722007722
2026-09-11,hi,2167,2174,7,14,7,7,0.003230272265805261,0.006439742410303588
2026-09-11,th,10489,10527,31,69,38,31,0.002955477166555439,0.006554573952693075
2026-09-11,ur,1020,1037,15,32,17,15,0.014705882352941176,0.03085824493731919
2026-09-11,zh,4350,4353,2,5,3,2,0.0004597701149425287,0.0011486331265793705
2026-09-11,und,7259,7283,21,45,24,21,0.0028929604628736743,0.006178772483866539
2026-09-11,art,2860,2866,6,12,6,6,0.002097902097902098,0.00418702023726448
2026-09-11,qht,1002,1005,3,6,3,3,0.0029940119760479044,0.005970149253731343
2026-09-11,qst,1488,1490,2,4,2,2,0.0013440860215053765,0.0026845637583892616
2026-09-11,uk,447,447,0,0,0,0,0.0,0.0
2026-09-11,cy,385,391,6,12,6,6,0.015584415584415584,0.030690537084398978
2026-09-11,te,311,315,2,6,4,2,0.006430868167202572,0.01904761904761905
2026-09-11,nl,1700,1724,17,41,24,17,0.01,0.023781902552204175
2026-09-11,fa,5619,5628,9,18,9,9,0.001601708489054992,0.0031982942430703624
2026-09-11,el,455,458,3,6,3,3,0.006593406593406593,0.013100436681222707
2026-09-11,tl,3915,3916,1,2,1,1,0.0002554278416347382,0.0005107252298263534
2026-09-11,et,1351,1354,3,6,3,3,0.0022205773501110288,0.004431314623338257
2026-09-11,lt,230,230,0,0,0,0,0.0,0.0
2026-09-11,pl,3568,3662,92,186,94,92,0.0257847533632287,0.05079191698525396
2026-09-11,eu,440,442,2,4,2,2,0.004545454545454545,0.00904977375565611
2026-09-11,da,547,548,1,2,1,1,0.0018281535648994515,0.0036496350364963502
2026-09-11,fr,23759,24180,374,795,421,374,0.015741403257712866,0.03287841191066997
2026-09-11,ru,1519,1525,6,12,6,6,0.003949967083607637,0.007868852459016393
2026-09-11,hu,208,210,2,4,2,2,0.009615384615384616,0.01904761904761905
2026-09-11,no,421,425,4,8,4,4,0.009501187648456057,0.018823529411764704
2026-09-11,ca,2492,2525,31,64,33,31,0.012439807383627608,0.025346534653465348
2026-09-11,ne,103,103,0,0,0,0,0.0,0.0
2026-09-11,qam,373,376,3,6,3,3,0.00804289544235925,0.015957446808510637
2026-09-11,cs,740,752,12,24,12,12,0.016216216216216217,0.031914893617021274
2026-09-11,it,3115,3172,54,111,57,54,0.017335473515248796,0.034993694829760405
2026-09-11,de,4021,4083,53,115,62,53,0.013180800795821936,0.02816556453588048
2026-09-11,lv,264,280,14,30,16,14,0.05303030303030303,0.10714285714285714
2026-09-11,iw,816,826,8,18,10,8,0.00980392156862745,0.021791767554479417
2026-09-11,ta,697,706,6,15,9,6,0.00860832137733142,0.021246458923512748
2026-09-11,ps,115,115,0,0,0,0,0.0,0.0
2026-09-11,ro,558,565,7,14,7,7,0.012544802867383513,0.024778761061946902
2026-09-11,sl,254,260,6,12,6,6,0.023622047244094488,0.046153846153846156
2026-09-11,is,86,86,0,0,0,0,0.0,0.0
2026-09-11,sr,183,184,1,2,1,1,0.00546448087431694,0.010869565217391304
2026-09-11,my,33,33,0,0,0,0,0.0,0.0
2026-09-11,sv,1076,1091,15,30,15,15,0.013940520446096654,0.027497708524289642
2026-09-11,ckb,55,55,0,0,0,0,0.0,0.0
2026-09-11,mr,154,155,1,2,1,1,0.006493506493506494,0.012903225806451613
2026-09-11,am,39,39,0,0,0,0,0.0,0.0
2026-09-11,bn,72,72,0,0,0,0,0.0,0.0
2026-09-11,si,6,6,0,0,0,0,0.0,0.0
2026-09-11,ml,19,19,0,0,0,0,0.0,0.0
2026-09-11,qct,26,26,0,0,0,0,0.0,0.0
2026-09-11,ka,8,8,0,0,0,0,0.0,0.0
2026-09-11,bg,32,32,0,0,0,0,0.0,0.0
2026-09-11,km,8,8,0,0,0,0,0.0,0.0
2026-09-11,gu,23,23,0,0,0,0,0.0,0.0
2026-09-11,kn,59,60,1,2,1,1,0.01694915254237288,0.03333333333333333
2026-09-11,pa,14,16,2,4,2,2,0.14285714285714285,0.25
2026-09-11,sd,8,8,0,0,0,0,0.0,0.0
2026-09-11,or,23,25,2,4,2,2,0.08695652173913043,0.16
2026-09-11,bo,3,3,0,0,0,0,0.0,0.0
2026-09-11,dv,22,22,0,0,0,0,0.0,0.0
2026-09-11,<NULL>,5,5,0,0,0,0,0.0,0.0
2026-09-11,hy,7,7,0,0,0,0,0.0,0.0
2026-09-11,ug,5,5,0,0,0,0,0.0,0.0
2026-09-12,in,17031,17081,49,99,50,49,0.002877106452938759,0.005795913588197412
2026-09-12,ja,177757,178377,559,1179,620,559,0.003144742541784571,0.0066095965287004494
2026-09-12,es,66569,66762,177,370,193,177,0.0026588952815875255,0.005542074832988826
2026-09-12,pt,53270,53340,68,138,70,68,0.0012765158625868218,0.0025871766029246343
2026-09-12,en,389784,392309,2283,4808,2525,2283,0.005857090080660058,0.012255645422358396
2026-09-12,tr,23043,23173,120,250,130,120,0.005207655253222237,0.010788417554913046
2026-09-12,fi,749,750,1,2,1,1,0.0013351134846461949,0.0026666666666666666
2026-09-12,ht,1299,1305,5,11,6,5,0.003849114703618168,0.00842911877394636
2026-09-12,ar,22279,22367,75,163,88,75,0.0033663988509358587,0.007287521795502303
2026-09-12,qme,13409,13439,27,57,30,27,0.0020135729733760906,0.004241387007961902
2026-09-12,zxx,40731,40845,105,219,114,105,0.0025778890771157104,0.005361733382298935
2026-09-12,ko,22735,22783,48,96,48,48,0.0021112821640642183,0.004213668085853487
2026-09-12,vi,373,373,0,0,0,0,0.0,0.0
2026-09-12,hi,2564,2583,18,37,19,18,0.0070202808112324495,0.014324428958575301
2026-09-12,th,16541,16575,30,64,34,30,0.0018136751103319025,0.003861236802413273
2026-09-12,ur,1184,1190,6,12,6,6,0.005067567567567568,0.010084033613445379
2026-09-12,zh,4881,4892,8,19,11,8,0.0016390083999180496,0.003883892068683565
2026-09-12,und,9414,9435,19,40,21,19,0.0020182706607180796,0.0042395336512983575
2026-09-12,art,3511,3517,6,12,6,6,0.001708914839077186,0.0034119988626670457
2026-09-12,qht,1305,1307,1,3,2,1,0.0007662835249042146,0.0022953328232593728
2026-09-12,qst,1964,1967,3,6,3,3,0.0015274949083503055,0.003050330452465684
2026-09-12,uk,489,489,0,0,0,0,0.0,0.0
2026-09-12,cy,469,470,1,2,1,1,0.0021321961620469083,0.00425531914893617
2026-09-12,te,282,282,0,0,0,0,0.0,0.0
2026-09-12,nl,1888,1898,9,19,10,9,0.004766949152542373,0.010010537407797681
2026-09-12,fa,6661,6666,5,10,5,5,0.0007506380423359856,0.0015001500150015
2026-09-12,el,573,578,5,10,5,5,0.008726003490401396,0.01730103806228374
2026-09-12,tl,5421,5426,4,9,5,4,0.0007378712414683637,0.0016586804275709546
2026-09-12,et,1817,1822,4,9,5,4,0.002201430930104568,0.004939626783754116
2026-09-12,lt,338,338,0,0,0,0,0.0,0.0
2026-09-12,pl,3613,3655,41,83,42,41,0.011347910323830611,0.02270861833105335
2026-09-12,eu,571,574,3,6,3,3,0.005253940455341506,0.010452961672473868
2026-09-12,da,625,625,0,0,0,0,0.0,0.0
2026-09-12,fr,25754,26075,270,591,321,270,0.01048380834045197,0.022665388302972194
2026-09-12,ru,1719,1728,7,16,9,7,0.004072134962187318,0.009259259259259259
2026-09-12,hu,272,275,3,6,3,3,0.011029411764705883,0.02181818181818182
2026-09-12,no,458,461,3,6,3,3,0.006550218340611353,0.013015184381778741
2026-09-12,ca,2162,2176,13,27,14,13,0.006012950971322849,0.012408088235294117
2026-09-12,ne,96,96,0,0,0,0,0.0,0.0
2026-09-12,qam,389,389,0,0,0,0,0.0,0.0
2026-09-12,cs,683,687,4,8,4,4,0.005856515373352855,0.011644832605531296
2026-09-12,it,3819,3842,23,46,23,23,0.006022518984027232,0.011972930765226444
2026-09-12,de,4494,4507,13,26,13,13,0.002892745883400089,0.005768804082538274
2026-09-12,lv,203,206,2,5,3,2,0.009852216748768473,0.024271844660194174
2026-09-12,iw,696,697,1,2,1,1,0.0014367816091954023,0.0028694404591104736
2026-09-12,ta,814,823,5,14,9,5,0.006142506142506142,0.01701093560145808
2026-09-12,ps,92,92,0,0,0,0,0.0,0.0
2026-09-12,ro,665,669,4,8,4,4,0.006015037593984963,0.01195814648729447
2026-09-12,sl,219,220,1,2,1,1,0.0045662100456621,0.00909090909090909
2026-09-12,is,159,159,0,0,0,0,0.0,0.0
2026-09-12,sr,177,177,0,0,0,0,0.0,0.0
2026-09-12,my,122,122,0,0,0,0,0.0,0.0
2026-09-12,sv,1369,1376,7,14,7,7,0.005113221329437546,0.010174418604651164
2026-09-12,ckb,42,42,0,0,0,0,0.0,0.0
2026-09-12,mr,158,160,2,4,2,2,0.012658227848101266,0.025
2026-09-12,am,21,21,0,0,0,0,0.0,0.0
2026-09-12,bn,45,45,0,0,0,0,0.0,0.0
2026-09-12,si,10,10,0,0,0,0,0.0,0.0
2026-09-12,ml,32,32,0,0,0,0,0.0,0.0
2026-09-12,qct,19,19,0,0,0,0,0.0,0.0
2026-09-12,ka,6,6,0,0,0,0,0.0,0.0
2026-09-12,bg,57,57,0,0,0,0,0.0,0.0
2026-09-12,km,1,1,0,0,0,0,0.0,0.0
2026-09-12,gu,29,29,0,0,0,0,0.0,0.0
2026-09-12,lo,1,1,0,0,0,0,0.0,0.0
2026-09-12,kn,68,68,0,0,0,0,0.0,0.0
2026-09-12,pa,22,22,0,0,0,0,0.0,0.0
2026-09-12,sd,10,10,0,0,0,0,0.0,0.0
2026-09-12,or,8,11,3,6,3,3,0.375,0.5454545454545454
2026-09-12,dv,70,73,2,5,3,2,0.02857142857142857,0.0684931506849315
2026-09-12,<NULL>,8,8,0,0,0,0,0.0,0.0
2026-09-12,hy,6,6,0,0,0,0,0.0,0.0
2026-09-12,ug,1,1,0,0,0,0,0.0,0.0
2026-09-13,in,21744,21806,57,119,62,57,0.0026214128035320088,0.005457213610932771
2026-09-13,ja,229514,230226,642,1354,712,642,0.0027972149847068153,0.005881177625463675
2026-09-13,es,89443,89732,266,555,289,266,0.002973961070178773,0.006185084473766326
2026-09-13,pt,72762,72978,213,429,216,212,0.0029273521893295952,0.00587848392666283
2026-09-13,en,524784,527962,2922,6100,3178,2908,0.0055680051221073815,0.011553861830965108
2026-09-13,tr,31053,31224,161,332,171,161,0.005184684249508904,0.010632846528311556
2026-09-13,fi,891,894,3,6,3,3,0.003367003367003367,0.006711409395973154
2026-09-13,ht,1866,1866,0,0,0,0,0.0,0.0
2026-09-13,ar,27508,27680,158,330,172,158,0.0057437836265813585,0.011921965317919074
2026-09-13,qme,19099,19136,36,73,37,36,0.0018849154405989842,0.003814799331103679
2026-09-13,zxx,56097,56207,106,216,110,105,0.0018895841132324366,0.0038429377123845782
2026-09-13,ko,34537,34598,50,111,61,50,0.00144772273214234,0.00320827793514076
2026-09-13,vi,394,395,1,2,1,1,0.0025380710659898475,0.005063291139240506
2026-09-13,hi,3489,3499,10,20,10,10,0.002866150759529951,0.005715918833952558
2026-09-13,th,23866,23897,27,58,31,27,0.0011313165172211514,0.0024270828974348245
2026-09-13,ur,1357,1361,4,8,4,4,0.0029476787030213707,0.005878030859662013
2026-09-13,zh,6174,6191,12,29,17,12,0.001943634596695821,0.00468421902762074
2026-09-13,und,13842,13877,34,69,35,34,0.0024562924432885423,0.0049722562513511565
2026-09-13,art,4805,4812,7,14,7,7,0.0014568158168574402,0.0029093931837073984
2026-09-13,qht,1461,1464,2,5,3,2,0.0013689253935660506,0.0034153005464480873
2026-09-13,qst,2760,2762,2,4,2,2,0.0007246376811594203,0.001448225923244026
2026-09-13,uk,570,570,0,0,0,0,0.0,0.0
2026-09-13,cy,740,740,0,0,0,0,0.0,0.0
2026-09-13,te,329,329,0,0,0,0,0.0,0.0
2026-09-13,nl,2693,2698,5,10,5,5,0.001856665428889714,0.0037064492216456633
2026-09-13,fa,8538,8547,9,18,9,9,0.0010541110330288123,0.002106002106002106
2026-09-13,el,685,688,3,6,3,3,0.004379562043795621,0.00872093023255814
2026-09-13,tl,6729,6736,7,14,7,7,0.0010402734433050973,0.0020783847980997625
2026-09-13,et,2321,2325,4,8,4,4,0.0017233950883239983,0.0034408602150537634
2026-09-13,lt,371,373,1,3,2,1,0.0026954177897574125,0.00804289544235925
2026-09-13,pl,5348,5391,41,84,43,41,0.007666417352281227,0.015581524763494713
2026-09-13,eu,798,800,2,4,2,2,0.002506265664160401,0.005
2026-09-13,da,944,949,5,10,5,5,0.005296610169491525,0.01053740779768177
2026-09-13,fr,36797,37153,322,678,356,322,0.00875071337337283,0.0182488628105402
2026-09-13,ru,2099,2105,6,12,6,6,0.0028585040495474035,0.005700712589073635
2026-09-13,hu,308,308,0,0,0,0,0.0,0.0
2026-09-13,no,646,646,0,0,0,0,0.0,0.0
2026-09-13,ca,2602,2610,8,16,8,8,0.0030745580322828594,0.006130268199233717
2026-09-13,ne,88,88,0,0,0,0,0.0,0.0
2026-09-13,qam,523,523,0,0,0,0,0.0,0.0
2026-09-13,cs,1029,1033,4,8,4,4,0.003887269193391642,0.007744433688286544
2026-09-13,it,5242,5267,25,50,25,24,0.0047691720717283476,0.009493070058857035
2026-09-13,de,5715,5755,40,80,40,40,0.00699912510936133,0.013900955690703735
2026-09-13,lv,318,322,3,7,4,3,0.009433962264150943,0.021739130434782608
2026-09-13,iw,1202,1216,14,28,14,14,0.011647254575707155,0.023026315789473683
2026-09-13,ta,945,952,4,11,7,4,0.004232804232804233,0.011554621848739496
2026-09-13,ps,111,111,0,0,0,0,0.0,0.0
2026-09-13,ro,825,833,8,16,8,8,0.009696969696969697,0.01920768307322929
2026-09-13,sl,385,386,1,2,1,1,0.0025974025974025974,0.0051813471502590676
2026-09-13,is,172,174,2,4,2,2,0.011627906976744186,0.022988505747126436
2026-09-13,sr,234,234,0,0,0,0,0.0,0.0
2026-09-13,my,123,123,0,0,0,0,0.0,0.0
2026-09-13,sv,1999,2005,6,12,6,6,0.0030015007503751876,0.0059850374064837905
2026-09-13,ckb,55,55,0,0,0,0,0.0,0.0
2026-09-13,mr,158,159,1,2,1,1,0.006329113924050633,0.012578616352201259
2026-09-13,am,28,28,0,0,0,0,0.0,0.0
2026-09-13,bn,51,51,0,0,0,0,0.0,0.0
2026-09-13,si,5,5,0,0,0,0,0.0,0.0
2026-09-13,ml,53,53,0,0,0,0,0.0,0.0
2026-09-13,qct,20,20,0,0,0,0,0.0,0.0
2026-09-13,ka,10,10,0,0,0,0,0.0,0.0
2026-09-13,bg,43,43,0,0,0,0,0.0,0.0
2026-09-13,km,12,12,0,0,0,0,0.0,0.0
2026-09-13,gu,35,35,0,0,0,0,0.0,0.0
2026-09-13,kn,84,84,0,0,0,0,0.0,0.0
2026-09-13,pa,40,42,2,4,2,2,0.05,0.09523809523809523
2026-09-13,sd,11,11,0,0,0,0,0.0,0.0
2026-09-13,or,5,7,2,4,2,2,0.4,0.5714285714285714
2026-09-13,bo,1,1,0,0,0,0,0.0,0.0
2026-09-13,dv,78,80,1,3,2,1,0.01282051282051282,0.0375
2026-09-13,<NULL>,10,10,0,0,0,0,0.0,0.0
2026-09-13,hy,4,4,0,0,0,0,0.0,0.0
2026-09-14,in,30882,31093,205,416,211,205,0.006638171102907843,0.013379217187148233
2026-09-14,ja,293505,295291,1680,3466,1786,1679,0.005723922931466244,0.011737574121798497
2026-09-14,es,133158,133942,762,1546,784,762,0.005722525120533502,0.011542309357781727
2026-09-14,pt,109441,110236,790,1585,795,787,0.007218501292934092,0.01437824304220037
2026-09-14,en,735500,743143,7233,14876,7643,7224,0.009834126444595514,0.020017681657500643
2026-09-14,tr,43953,44414,411,872,461,411,0.009350897549655313,0.019633448912505066
2026-09-14,fi,1275,1284,9,18,9,9,0.007058823529411765,0.014018691588785047
2026-09-14,ht,2309,2317,8,16,8,8,0.0034647033347769596,0.0069054812257229176
2026-09-14,ar,33340,33525,178,363,185,177,0.005338932213557288,0.010827740492170022
2026-09-14,qme,26832,26907,73,148,75,73,0.0027206320810971973,0.0055004273980748504
2026-09-14,zxx,79783,80151,353,721,368,353,0.004424501460210822,0.008995520954198949
2026-09-14,ko,49841,50064,209,432,223,209,0.004193334804678879,0.00862895493767977
2026-09-14,vi,730,734,4,8,4,4,0.005479452054794521,0.010899182561307902
2026-09-14,hi,5944,6013,67,136,69,67,0.011271870794078062,0.022617661732912023
2026-09-14,th,47356,47407,48,99,51,48,0.001013599121547428,0.0020882991963212185
2026-09-14,ur,2940,2949,9,18,9,9,0.003061224489795918,0.006103763987792472
2026-09-14,zh,8754,8793,39,78,39,39,0.004455106237148732,0.008870692596383487
2026-09-14,und,17635,17698,62,125,63,62,0.003515735752764389,0.007062944965532829
2026-09-14,art,6369,6388,17,36,19,17,0.0026691788349819437,0.005635566687539136
2026-09-14,qht,2039,2041,2,4,2,2,0.000980872976949485,0.0019598236158745713
2026-09-14,qst,3388,3394,6,12,6,6,0.0017709563164108619,0.0035356511490866236
2026-09-14,uk,1001,1002,1,2,1,1,0.000999000999000999,0.001996007984031936
2026-09-14,cy,763,769,6,12,6,6,0.007863695937090432,0.015604681404421327
2026-09-14,te,721,724,3,6,3,3,0.004160887656033287,0.008287292817679558
2026-09-14,nl,3615,3642,25,52,27,25,0.006915629322268326,0.014277869302580999
2026-09-14,fa,10211,10233,22,44,22,22,0.002154539222407208,0.004299814326199551
2026-09-14,el,1008,1018,10,20,10,10,0.00992063492063492,0.019646365422396856
2026-09-14,tl,10716,10764,48,96,48,48,0.004479283314669653,0.008918617614269788
2026-09-14,et,3375,3391,16,32,16,16,0.004740740740740741,0.009436744323208493
2026-09-14,lt,497,497,0,0,0,0,0.0,0.0
2026-09-14,pl,7733,7804,62,133,71,62,0.008017586964955387,0.017042542286007177
2026-09-14,eu,964,966,2,4,2,2,0.002074688796680498,0.004140786749482402
2026-09-14,da,1264,1267,3,6,3,3,0.0023734177215189874,0.004735595895816891
2026-09-14,fr,47264,47836,525,1097,572,525,0.01110781990521327,0.022932519441424867
2026-09-14,ru,3085,3109,23,47,24,23,0.0074554294975688815,0.015117401093599228
2026-09-14,hu,435,438,2,5,3,2,0.004597701149425287,0.01141552511415525
2026-09-14,no,872,878,5,11,6,5,0.005733944954128441,0.012528473804100227
2026-09-14,ca,3776,3806,27,57,30,27,0.007150423728813559,0.014976353126642144
2026-09-14,ne,164,164,0,0,0,0,0.0,0.0
2026-09-14,qam,768,770,2,4,2,2,0.0026041666666666665,0.005194805194805195
2026-09-14,cs,1414,1417,3,6,3,3,0.0021216407355021216,0.004234297812279464
2026-09-14,it,7778,7839,59,120,61,59,0.007585497557212651,0.015308075009567547
2026-09-14,de,8536,8593,56,113,57,56,0.006560449859418931,0.013150238566274874
2026-09-14,lv,439,447,6,14,8,6,0.01366742596810934,0.03131991051454139
2026-09-14,iw,2239,2263,24,48,24,24,0.010719071013845467,0.021210782147591693
2026-09-14,ta,1782,1791,8,17,9,8,0.004489337822671156,0.009491903964265773
2026-09-14,ps,273,273,0,0,0,0,0.0,0.0
2026-09-14,ro,901,907,6,12,6,6,0.006659267480577136,0.013230429988974642
2026-09-14,sl,487,493,5,11,6,5,0.01026694045174538,0.02231237322515213
2026-09-14,is,198,198,0,0,0,0,0.0,0.0
2026-09-14,sr,387,394,7,14,7,7,0.01808785529715762,0.03553299492385787
2026-09-14,my,53,53,0,0,0,0,0.0,0.0
2026-09-14,sv,2419,2432,13,26,13,13,0.005374121537825548,0.01069078947368421
2026-09-14,ckb,54,54,0,0,0,0,0.0,0.0
2026-09-14,mr,342,345,2,5,3,2,0.005847953216374269,0.014492753623188406
2026-09-14,am,52,52,0,0,0,0,0.0,0.0
2026-09-14,bn,91,91,0,0,0,0,0.0,0.0
2026-09-14,si,22,22,0,0,0,0,0.0,0.0
2026-09-14,ml,75,75,0,0,0,0,0.0,0.0
2026-09-14,qct,58,58,0,0,0,0,0.0,0.0
2026-09-14,ka,3,3,0,0,0,0,0.0,0.0
2026-09-14,bg,65,65,0,0,0,0,0.0,0.0
2026-09-14,km,4,4,0,0,0,0,0.0,0.0
2026-09-14,gu,56,56,0,0,0,0,0.0,0.0
2026-09-14,lo,3,3,0,0,0,0,0.0,0.0
2026-09-14,kn,167,168,1,2,1,1,0.005988023952095809,0.011904761904761904
2026-09-14,pa,56,59,3,6,3,3,0.05357142857142857,0.1016949152542373
2026-09-14,sd,17,17,0,0,0,0,0.0,0.0
2026-09-14,or,16,17,1,2,1,1,0.0625,0.11764705882352941
2026-09-14,bo,2,2,0,0,0,0,0.0,0.0
2026-09-14,dv,79,79,0,0,0,0,0.0,0.0
2026-09-14,<NULL>,31056,31056,0,0,0,0,0.0,0.0
2026-09-14,hy,5,5,0,0,0,0,0.0,0.0
2026-09-14,ug,1,1,0,0,0,0,0.0,0.0
2026-09-15,in,33936,34110,161,335,174,161,0.004744224422442244,0.009821166813251247
2026-09-15,ja,346566,348587,1718,3739,2021,1714,0.004957208727919069,0.010726160183827854
2026-09-15,es,138856,139668,707,1519,812,703,0.00509160569222792,0.010875791161898216
2026-09-15,pt,112489,113385,746,1642,896,742,0.006631759549822649,0.014481633373021123
2026-09-15,en,776823,784155,6200,13532,7332,6195,0.007981226096549665,0.017256792343350487
2026-09-15,tr,32284,32588,252,556,304,251,0.007805724197745013,0.017061495028844974
2026-09-15,fi,1539,1544,4,9,5,4,0.002599090318388564,0.005829015544041451
2026-09-15,ht,2616,2626,9,19,10,9,0.0034403669724770644,0.0072353389185072356
2026-09-15,ar,36905,37222,278,595,317,278,0.007532854626744343,0.01598517006071678
2026-09-15,qme,28608,28693,72,157,85,72,0.0025167785234899327,0.005471717840588297
2026-09-15,zxx,76986,77313,285,612,327,283,0.00370197178707817,0.007915874432501649
2026-09-15,ko,59893,60039,131,277,146,131,0.002187233900455813,0.004613667782607972
2026-09-15,vi,841,844,2,5,3,2,0.0023781212841854932,0.005924170616113744
2026-09-15,hi,7054,7087,28,61,33,28,0.00396937907570173,0.00860730915761253
2026-09-15,th,75413,75521,94,202,108,94,0.0012464694416082108,0.0026747527177871057
2026-09-15,ur,3924,3955,30,61,31,30,0.00764525993883792,0.015423514538558787
2026-09-15,zh,8716,8751,33,68,35,33,0.003786140431390546,0.007770540509656039
2026-09-15,und,19315,19403,75,163,88,75,0.0038829924928811804,0.008400762768644024
2026-09-15,art,6622,6628,5,11,6,5,0.0007550588945937784,0.0016596258298129149
2026-09-15,qht,2354,2361,7,14,7,7,0.002973661852166525,0.005929690808979246
2026-09-15,qst,3673,3680,6,13,7,6,0.0016335420637081405,0.003532608695652174
2026-09-15,uk,841,845,3,7,4,3,0.0035671819262782403,0.008284023668639054
2026-09-15,cy,806,818,9,21,12,9,0.011166253101736972,0.02567237163814181
2026-09-15,te,582,582,0,0,0,0,0.0,0.0
2026-09-15,nl,4037,4064,22,49,27,22,0.005449591280653951,0.012057086614173228
2026-09-15,fa,9238,9290,47,99,52,47,0.00508768131630223,0.010656620021528526
2026-09-15,el,983,985,2,4,2,2,0.002034587995930824,0.0040609137055837565
2026-09-15,tl,11627,11663,35,71,36,35,0.0030102347983142685,0.006087627540084026
2026-09-15,et,3873,3890,16,33,17,16,0.004131164471985541,0.008483290488431876
2026-09-15,lt,492,492,0,0,0,0,0.0,0.0
2026-09-15,pl,8838,8908,64,134,70,64,0.007241457343290337,0.015042658284687921
2026-09-15,eu,946,949,3,6,3,3,0.003171247357293869,0.006322444678609062
2026-09-15,da,1015,1028,10,23,13,10,0.009852216748768473,0.02237354085603113
2026-09-15,fr,47263,47888,528,1153,625,528,0.011171529526267905,0.024077013030404278
2026-09-15,ru,2892,2906,14,28,14,14,0.004840940525587829,0.009635237439779766
2026-09-15,hu,591,596,3,8,5,3,0.005076142131979695,0.013422818791946308
2026-09-15,no,945,947,2,4,2,2,0.0021164021164021165,0.004223864836325237
2026-09-15,ca,3841,3878,35,72,37,35,0.009112210361884926,0.018566271273852502
2026-09-15,ne,152,152,0,0,0,0,0.0,0.0
2026-09-15,qam,689,691,1,3,2,1,0.001451378809869376,0.004341534008683068
2026-09-15,cs,1430,1442,12,24,12,12,0.008391608391608392,0.016643550624133148
2026-09-15,it,6593,6638,37,82,45,37,0.0056120127407856815,0.012353118409159385
2026-09-15,de,8563,8633,58,128,70,58,0.00677332710498657,0.014826827290628982
2026-09-15,lv,416,418,2,4,2,2,0.004807692307692308,0.009569377990430622
2026-09-15,iw,1949,1972,21,44,23,20,0.0107747562852745,0.02231237322515213
2026-09-15,ta,2159,2173,11,25,14,11,0.005094951366373321,0.01150483202945237
2026-09-15,ps,197,197,0,0,0,0,0.0,0.0
2026-09-15,ro,1357,1367,9,19,10,9,0.006632277081798084,0.013899049012435992
2026-09-15,sl,412,416,4,8,4,4,0.009708737864077669,0.019230769230769232
2026-09-15,is,234,234,0,0,0,0,0.0,0.0
2026-09-15,sr,525,542,17,34,17,16,0.03238095238095238,0.06273062730627306
2026-09-15,my,140,140,0,0,0,0,0.0,0.0
2026-09-15,sv,1862,1873,10,21,11,10,0.0053705692803437165,0.011211959423384944
2026-09-15,ckb,59,59,0,0,0,0,0.0,0.0
2026-09-15,mr,416,418,2,4,2,2,0.004807692307692308,0.009569377990430622
2026-09-15,am,44,44,0,0,0,0,0.0,0.0
2026-09-15,bn,104,104,0,0,0,0,0.0,0.0
2026-09-15,si,17,19,2,4,2,2,0.11764705882352941,0.21052631578947367
2026-09-15,ml,56,56,0,0,0,0,0.0,0.0
2026-09-15,qct,28,28,0,0,0,0,0.0,0.0
2026-09-15,ka,12,12,0,0,0,0,0.0,0.0
2026-09-15,bg,76,76,0,0,0,0,0.0,0.0
2026-09-15,km,11,11,0,0,0,0,0.0,0.0
2026-09-15,gu,45,45,0,0,0,0,0.0,0.0
2026-09-15,kn,101,101,0,0,0,0,0.0,0.0
2026-09-15,pa,60,60,0,0,0,0,0.0,0.0
2026-09-15,sd,12,12,0,0,0,0,0.0,0.0
2026-09-15,or,47,48,1,2,1,1,0.02127659574468085,0.041666666666666664
2026-09-15,dv,129,129,0,0,0,0,0.0,0.0
2026-09-15,<NULL>,49896,49896,0,0,0,0,0.0,0.0
2026-09-15,hy,4,4,0,0,0,0,0.0,0.0
2026-09-16,in,21376,21498,101,223,122,101,0.004724925149700599,0.010373057958879895
2026-09-16,ja,248555,250366,1387,3198,1811,1371,0.005580253867353302,0.012773299888962558
2026-09-16,es,102406,102959,469,1022,553,466,0.004579809776770892,0.009926281335288804
2026-09-16,pt,80030,80624,451,1045,594,447,0.005635386729976259,0.012961401071641199
2026-09-16,en,506799,511597,3821,8619,4798,3799,0.007539478175765934,0.016847244999482015
2026-09-16,tr,20774,20948,145,319,174,141,0.006979878694521999,0.015228184074852014
2026-09-16,fi,1213,1221,7,15,8,7,0.005770816158285243,0.012285012285012284
2026-09-16,ht,1843,1854,11,22,11,11,0.005968529571351058,0.011866235167206042
2026-09-16,ar,23160,23307,136,283,147,134,0.0058721934369602765,0.01214227485304844
2026-09-16,qme,19552,19622,55,125,70,55,0.002813011456628478,0.006370400570787891
2026-09-16,zxx,51699,51896,162,359,197,160,0.003133522892125573,0.006917681516879914
2026-09-16,ko,37334,37471,119,256,137,118,0.003187443081373547,0.0068319500413653225
2026-09-16,vi,686,693,7,14,7,7,0.01020408163265306,0.020202020202020204
2026-09-16,hi,4503,4514,10,21,11,10,0.0022207417277370642,0.00465219317678334
2026-09-16,th,67860,67962,85,187,102,85,0.0012525788387857354,0.002751537623966334
2026-09-16,ur,2750,2775,25,50,25,25,0.00909090909090909,0.018018018018018018
2026-09-16,zh,6044,6068,20,44,24,20,0.0033090668431502318,0.007251153592617007
2026-09-16,und,13710,13770,47,107,60,46,0.0034281546316557257,0.0077705156136528685
2026-09-16,art,4842,4854,9,21,12,9,0.0018587360594795538,0.004326328800988875
2026-09-16,qht,1644,1644,0,0,0,0,0.0,0.0
2026-09-16,qst,2288,2289,1,2,1,1,0.00043706293706293706,0.0008737439930100481
2026-09-16,uk,574,575,1,2,1,1,0.0017421602787456446,0.0034782608695652175
2026-09-16,cy,579,584,5,10,5,5,0.008635578583765112,0.017123287671232876
2026-09-16,te,568,570,2,4,2,2,0.0035211267605633804,0.007017543859649123
2026-09-16,nl,2208,2223,11,26,15,11,0.004981884057971014,0.011695906432748537
2026-09-16,fa,6642,6656,13,27,14,13,0.0019572417946401685,0.004056490384615385
2026-09-16,el,747,750,3,6,3,3,0.004016064257028112,0.008
2026-09-16,tl,7813,7846,29,62,33,29,0.003711762447203379,0.007902115727759368
2026-09-16,et,2592,2603,10,21,11,10,0.0038580246913580245,0.008067614291202459
2026-09-16,lt,279,280,1,2,1,1,0.0035842293906810036,0.007142857142857143
2026-09-16,pl,7254,7287,30,63,33,30,0.0041356492969396195,0.008645533141210375
2026-09-16,eu,567,567,0,0,0,0,0.0,0.0
2026-09-16,da,700,704,4,8,4,4,0.005714285714285714,0.011363636363636364
2026-09-16,fr,35499,35956,376,833,457,376,0.010591847657680498,0.023167204360885527
2026-09-16,ru,2074,2095,19,40,21,19,0.009161041465766635,0.01909307875894988
2026-09-16,hu,369,371,2,4,2,2,0.005420054200542005,0.01078167115902965
2026-09-16,no,620,627,4,11,7,4,0.0064516129032258064,0.017543859649122806
2026-09-16,ca,2821,2874,48,101,53,48,0.017015242821694435,0.03514265831593598
2026-09-16,ne,152,152,0,0,0,0,0.0,0.0
2026-09-16,qam,543,546,3,6,3,3,0.0055248618784530384,0.01098901098901099
2026-09-16,cs,952,957,5,10,5,5,0.005252100840336135,0.01044932079414838
2026-09-16,it,4715,4743,24,52,28,22,0.005090137857900318,0.010963525195024247
2026-09-16,de,5876,5907,26,57,31,26,0.004424778761061947,0.009649568308786187
2026-09-16,lv,279,280,1,2,1,1,0.0035842293906810036,0.007142857142857143
2026-09-16,iw,1085,1099,13,27,14,13,0.011981566820276499,0.02456778889899909
2026-09-16,ta,1544,1554,10,20,10,10,0.006476683937823834,0.01287001287001287
2026-09-16,ps,113,113,0,0,0,0,0.0,0.0
2026-09-16,ro,783,789,4,10,6,4,0.005108556832694764,0.012674271229404309
2026-09-16,sl,322,334,8,20,12,8,0.024844720496894408,0.059880239520958084
2026-09-16,is,161,161,0,0,0,0,0.0,0.0
2026-09-16,sr,307,316,9,18,9,9,0.029315960912052116,0.056962025316455694
2026-09-16,my,43,43,0,0,0,0,0.0,0.0
2026-09-16,sv,1196,1204,5,13,8,5,0.004180602006688963,0.01079734219269103
2026-09-16,ckb,69,69,0,0,0,0,0.0,0.0
2026-09-16,mr,427,427,0,0,0,0,0.0,0.0
2026-09-16,am,16,16,0,0,0,0,0.0,0.0
2026-09-16,bn,67,67,0,0,0,0,0.0,0.0
2026-09-16,si,13,13,0,0,0,0,0.0,0.0
2026-09-16,ml,72,72,0,0,0,0,0.0,0.0
2026-09-16,qct,10,10,0,0,0,0,0.0,0.0
2026-09-16,ka,8,8,0,0,0,0,0.0,0.0
2026-09-16,bg,33,33,0,0,0,0,0.0,0.0
2026-09-16,km,4,4,0,0,0,0,0.0,0.0
2026-09-16,gu,28,28,0,0,0,0,0.0,0.0
2026-09-16,kn,95,96,1,2,1,1,0.010526315789473684,0.020833333333333332
2026-09-16,pa,25,25,0,0,0,0,0.0,0.0
2026-09-16,sd,12,12,0,0,0,0,0.0,0.0
2026-09-16,or,22,22,0,0,0,0,0.0,0.0
2026-09-16,bo,2,2,0,0,0,0,0.0,0.0
2026-09-16,dv,66,66,0,0,0,0,0.0,0.0
2026-09-16,<NULL>,65338,65338,0,0,0,0,0.0,0.0
2026-09-16,hy,2,2,0,0,0,0,0.0,0.0
2026-09-17,in,5700,5708,8,16,8,7,0.0014035087719298245,0.002803083391730904
2026-09-17,ja,72956,73209,209,462,253,198,0.0028647403914688306,0.006310699504159325
2026-09-17,es,21693,21743,47,97,50,47,0.002166597519937307,0.004461205905348848
2026-09-17,pt,17542,17617,60,135,75,55,0.003420362558431194,0.007663052733155475
2026-09-17,en,110872,111095,202,425,223,198,0.0018219207735045819,0.0038255547054322878
2026-09-17,tr,4032,4038,6,12,6,6,0.001488095238095238,0.0029717682020802376
2026-09-17,fi,198,198,0,0,0,0,0.0,0.0
2026-09-17,ht,384,384,0,0,0,0,0.0,0.0
2026-09-17,ar,5141,5141,0,0,0,0,0.0,0.0
2026-09-17,qme,4603,4609,4,10,6,4,0.0008689984792526613,0.002169668040789759
2026-09-17,zxx,11896,11913,16,33,17,13,0.0013449899125756557,0.002770083102493075
2026-09-17,ko,11182,11200,18,36,18,17,0.0016097299230906814,0.0032142857142857142
2026-09-17,vi,164,164,0,0,0,0,0.0,0.0
2026-09-17,hi,1269,1270,1,2,1,1,0.0007880220646178094,0.0015748031496062992
2026-09-17,th,26937,26955,15,33,18,14,0.0005568548836173293,0.0012242626599888702
2026-09-17,ur,922,922,0,0,0,0,0.0,0.0
2026-09-17,zh,1163,1163,0,0,0,0,0.0,0.0
2026-09-17,und,3739,3744,5,10,5,5,0.001337255950788981,0.002670940170940171
2026-09-17,art,938,938,0,0,0,0,0.0,0.0
2026-09-17,qht,450,450,0,0,0,0,0.0,0.0
2026-09-17,qst,514,514,0,0,0,0,0.0,0.0
2026-09-17,uk,140,146,6,12,6,6,0.04285714285714286,0.0821917808219178
2026-09-17,cy,118,118,0,0,0,0,0.0,0.0
2026-09-17,te,147,147,0,0,0,0,0.0,0.0
2026-09-17,nl,369,369,0,0,0,0,0.0,0.0
2026-09-17,fa,1164,1164,0,0,0,0,0.0,0.0
2026-09-17,el,153,154,1,2,1,1,0.006535947712418301,0.012987012987012988
2026-09-17,tl,1789,1795,4,10,6,3,0.0022358859698155395,0.005571030640668524
2026-09-17,et,648,649,1,2,1,1,0.0015432098765432098,0.0030816640986132513
2026-09-17,lt,66,66,0,0,0,0,0.0,0.0
2026-09-17,pl,936,936,0,0,0,0,0.0,0.0
2026-09-17,eu,139,140,1,2,1,1,0.007194244604316547,0.014285714285714285
2026-09-17,da,144,144,0,0,0,0,0.0,0.0
2026-09-17,fr,5786,5801,15,30,15,14,0.0025924645696508816,0.005171522151353215
2026-09-17,ru,452,455,3,6,3,3,0.00663716814159292,0.013186813186813187
2026-09-17,hu,69,69,0,0,0,0,0.0,0.0
2026-09-17,no,130,130,0,0,0,0,0.0,0.0
2026-09-17,ca,498,501,2,5,3,2,0.004016064257028112,0.00998003992015968
2026-09-17,ne,20,20,0,0,0,0,0.0,0.0
2026-09-17,qam,121,121,0,0,0,0,0.0,0.0
2026-09-17,cs,161,161,0,0,0,0,0.0,0.0
2026-09-17,it,772,772,0,0,0,0,0.0,0.0
2026-09-17,de,1100,1100,0,0,0,0,0.0,0.0
2026-09-17,lv,51,51,0,0,0,0,0.0,0.0
2026-09-17,iw,289,290,1,2,1,1,0.0034602076124567475,0.006896551724137931
2026-09-17,ta,595,596,1,2,1,1,0.0016806722689075631,0.003355704697986577
2026-09-17,ps,30,30,0,0,0,0,0.0,0.0
2026-09-17,ro,148,148,0,0,0,0,0.0,0.0
2026-09-17,sl,75,75,0,0,0,0,0.0,0.0
2026-09-17,is,22,22,0,0,0,0,0.0,0.0
2026-09-17,sr,42,42,0,0,0,0,0.0,0.0
2026-09-17,my,32,32,0,0,0,0,0.0,0.0
2026-09-17,sv,216,216,0,0,0,0,0.0,0.0
2026-09-17,ckb,1,1,0,0,0,0,0.0,0.0
2026-09-17,mr,107,107,0,0,0,0,0.0,0.0
2026-09-17,am,11,11,0,0,0,0,0.0,0.0
2026-09-17,bn,22,22,0,0,0,0,0.0,0.0
2026-09-17,si,1,1,0,0,0,0,0.0,0.0
2026-09-17,ml,12,12,0,0,0,0,0.0,0.0
2026-09-17,qct,3,3,0,0,0,0,0.0,0.0
2026-09-17,bg,2,2,0,0,0,0,0.0,0.0
2026-09-17,km,3,3,0,0,0,0,0.0,0.0
2026-09-17,gu,4,4,0,0,0,0,0.0,0.0
2026-09-17,lo,2,2,0,0,0,0,0.0,0.0
2026-09-17,kn,38,38,0,0,0,0,0.0,0.0
2026-09-17,pa,3,3,0,0,0,0,0.0,0.0
2026-09-17,or,2,2,0,0,0,0,0.0,0.0
2026-09-17,dv,46,46,0,0,0,0,0.0,0.0
2026-09-17,<NULL>,7872,7872,0,0,0,0,0.0,0.0
